t_s,v_measured_V,is_A,i_A,q_C,v_fitted_V,residual_V
0,4.17410440849972,0.322589559150028,0.74,0,4.17410440849971,-7.99360577730113e-15
1,4.17286424670723,0.322713575329277,0.74,0.74,4.17286424670722,-1.24344978758018e-14
2,4.17163192463246,0.322836807536754,0.74,1.48,4.17163192463246,0
3,4.17040738310803,0.322959261689197,0.74,2.22,4.17040738310803,5.32907051820075e-15
4,4.16919056341308,0.323080943658692,0.74,2.96,4.16919056341307,-8.88178419700125e-15
5,4.16798140726988,0.323201859273012,0.74,3.7,4.1679814072699,2.66453525910038e-14
6,4.16677985684069,0.323322014315931,0.74,4.44,4.16677985684067,-1.68753899743024e-14
7,4.16558585472407,0.323441414527593,0.74,5.18,4.16558585472404,-2.75335310107039e-14
8,4.16439934395186,0.323560065604814,0.74,5.92,4.16439934395188,2.75335310107039e-14
9,4.16322026798602,0.323677973201398,0.74,6.66,4.16322026798602,-1.77635683940025e-15
10,4.16204857071497,0.323795142928503,0.74,7.4,4.16204857071497,-6.21724893790088e-15
11,4.16088419645075,0.323911580354925,0.74,8.14,4.16088419645073,-1.95399252334028e-14
12,4.15972708992561,0.324027291007439,0.74,8.88,4.1597270899256,-1.06581410364015e-14
13,4.15857719628897,0.324142280371103,0.74,9.62,4.15857719628897,-1.77635683940025e-15
14,4.15743446110423,0.324256553889577,0.74,10.36,4.15743446110421,-1.77635683940025e-14
15,4.15629883034552,0.324370116965448,0.74,11.1,4.15629883034553,7.105427357601e-15
16,4.15517025039489,0.324482974960511,0.74,11.84,4.15517025039486,-2.75335310107039e-14
17,4.15404866803883,0.324595133196117,0.74,12.58,4.15404866803882,-3.5527136788005e-15
18,4.15293403046562,0.324706596953438,0.74,13.32,4.15293403046563,9.76996261670138e-15
19,4.15182628526208,0.324817371473792,0.74,14.06,4.15182628526207,-8.88178419700125e-15
20,4.15072538041053,0.324927461958947,0.74,14.8,4.15072538041051,-2.57571741713036e-14
21,4.14963126428589,0.325036873571411,0.74,15.54,4.1496312642859,1.24344978758018e-14
22,4.1485438856528,0.32514561143472,0.74,16.28,4.14854388565281,7.99360577730113e-15
23,4.1474631936625,0.32525368063375,0.74,17.02,4.14746319366248,-2.04281036531029e-14
24,4.14638913784992,0.325361086215008,0.74,17.76,4.14638913784994,1.33226762955019e-14
25,4.14532166813103,0.325467833186897,0.74,18.5,4.14532166813105,1.33226762955019e-14
26,4.1442607347997,0.32557392652003,0.74,19.24,4.14426073479968,-1.95399252334028e-14
27,4.14320628852482,0.325679371147518,0.74,19.98,4.14320628852485,2.75335310107039e-14
28,4.14215828034787,0.325784171965213,0.74,20.72,4.14215828034787,-1.77635683940025e-15
29,4.14111666167955,0.325888333832045,0.74,21.46,4.14111666167955,5.32907051820075e-15
30,4.14008138429739,0.325991861570261,0.74,22.2,4.14008138429742,3.10862446895044e-14
31,4.13905240034291,0.326094759965709,0.74,22.94,4.13905240034294,3.28626015289046e-14
32,4.13802966231879,0.326197033768121,0.74,23.68,4.13802966231876,-2.1316282072803e-14
33,4.13701312308604,0.326298687691396,0.74,24.42,4.13701312308603,-7.99360577730113e-15
34,4.13600273586161,0.326399726413839,0.74,25.16,4.13600273586162,8.88178419700125e-15
35,4.13499845421549,0.326500154578451,0.74,25.9,4.1349984542155,1.33226762955019e-14
36,4.13400023206808,0.326599976793192,0.74,26.64,4.13400023206807,-3.5527136788005e-15
37,4.13300802368749,0.32669919763125,0.74,27.38,4.13300802368747,-2.39808173319034e-14
38,4.13202178368698,0.326797821631302,0.74,28.12,4.132021783687,1.86517468137026e-14
39,4.13104146702247,0.326895853297753,0.74,28.86,4.13104146702249,2.04281036531029e-14
40,4.13006702898974,0.326993297101026,0.74,29.6,4.13006702898974,-4.44089209850063e-15
41,4.12909842522191,0.327090157477809,0.74,30.34,4.12909842522192,6.21724893790088e-15
42,4.12813561168707,0.327186438831293,0.74,31.08,4.12813561168705,-1.68753899743024e-14
43,4.12717854468545,0.327282145531455,0.74,31.82,4.12717854468548,3.10862446895044e-14
44,4.12622718084734,0.327377281915266,0.74,32.56,4.12622718084734,7.105427357601e-15
45,4.1252814771301,0.32747185228699,0.74,33.3,4.1252814771301,2.66453525910038e-15
46,4.12434139081606,0.327565860918394,0.74,34.04,4.12434139081607,1.50990331349021e-14
47,4.12340687950996,0.327659312049004,0.74,34.78,4.12340687950995,-6.21724893790088e-15
48,4.12247790113642,0.327752209886358,0.74,35.52,4.12247790113641,-7.105427357601e-15
49,4.12155441393767,0.327844558606233,0.74,36.26,4.12155441393767,0
50,4.12063637647108,0.327936362352892,0.74,37,4.1206363764711,1.68753899743024e-14
51,4.11972374760683,0.328027625239317,0.74,37.74,4.11972374760683,7.99360577730113e-15
52,4.11881648652545,0.328118351347455,0.74,38.48,4.11881648652543,-1.33226762955019e-14
53,4.11791455271552,0.328208544728448,0.74,39.22,4.11791455271552,0
54,4.11701790597147,0.328298209402853,0.74,39.96,4.11701790597146,-7.99360577730113e-15
55,4.11612650639108,0.328387349360892,0.74,40.7,4.11612650639106,-2.48689957516035e-14
56,4.11524031437327,0.328475968562673,0.74,41.44,4.11524031437327,6.21724893790088e-15
57,4.11435929061594,0.328564070938406,0.74,42.18,4.11435929061593,-6.21724893790088e-15
58,4.11348339611348,0.328651660388652,0.74,42.92,4.11348339611348,-4.44089209850063e-15
59,4.11261259215473,0.328738740784527,0.74,43.66,4.11261259215474,2.66453525910038e-15
60,4.11174684032068,0.328825315967932,0.74,44.4,4.1117468403207,1.86517468137026e-14
61,4.11088610248231,0.328911389751769,0.74,45.14,4.11088610248229,-1.77635683940025e-14
62,4.11003034079823,0.328996965920177,0.74,45.88,4.11003034079823,8.88178419700125e-16
63,4.10917951771282,0.329082048228718,0.74,46.62,4.10917951771281,-7.99360577730113e-15
64,4.10833359595378,0.329166640404622,0.74,47.36,4.10833359595376,-2.04281036531029e-14
65,4.10749253853012,0.329250746146988,0.74,48.1,4.10749253853012,-7.105427357601e-15
66,4.10665630873007,0.329334369126993,0.74,48.84,4.10665630873009,2.04281036531029e-14
67,4.10582487011897,0.329417512988103,0.74,49.58,4.10582487011895,-1.24344978758018e-14
68,4.10499818653693,0.329500181346307,0.74,50.32,4.10499818653697,3.5527136788005e-14
69,4.10417622209727,0.329582377790273,0.74,51.06,4.10417622209729,2.39808173319034e-14
70,4.10335894118393,0.329664105881607,0.74,51.8,4.10335894118392,-7.99360577730113e-15
71,4.10254630844966,0.329745369155034,0.74,52.54,4.10254630844966,-1.77635683940025e-15
72,4.10173828881406,0.329826171118594,0.74,53.28,4.10173828881407,1.33226762955019e-14
73,4.1009348474615,0.32990651525385,0.74,54.02,4.10093484746149,-7.99360577730113e-15
74,4.10013594983903,0.329986405016097,0.74,54.76,4.100135949839,-2.39808173319034e-14
75,4.09934156165446,0.330065843834554,0.74,55.5,4.09934156165446,8.88178419700125e-15
76,4.09855164887452,0.330144835112548,0.74,56.24,4.09855164887454,2.30926389122033e-14
77,4.09776617772278,0.330223382227722,0.74,56.98,4.09776617772276,-1.59872115546023e-14
78,4.09698511467752,0.330301488532248,0.74,57.72,4.09698511467755,2.93098878501041e-14
79,4.09620842647035,0.330379157352965,0.74,58.46,4.09620842647035,-2.66453525910038e-15
80,4.09543608008369,0.330456391991631,0.74,59.2,4.09543608008367,-1.77635683940025e-14
81,4.09466804274919,0.330533195725081,0.74,59.94,4.0946680427492,1.15463194561016e-14
82,4.09390428194598,0.330609571805402,0.74,60.68,4.09390428194596,-2.22044604925031e-14
83,4.09314476539839,0.330685523460161,0.74,61.42,4.09314476539839,-7.105427357601e-15
84,4.0923894610745,0.33076105389255,0.74,62.16,4.09238946107451,8.88178419700125e-15
85,4.09163833718412,0.330836166281588,0.74,62.9,4.09163833718413,4.44089209850063e-15
86,4.09089136217693,0.330910863782307,0.74,63.6400000000001,4.09089136217693,1.77635683940025e-15
87,4.09014850474077,0.330985149525923,0.74,64.3800000000001,4.09014850474076,-7.105427357601e-15
88,4.08940973379973,0.331059026620027,0.74,65.12,4.08940973379974,1.59872115546023e-14
89,4.08867501851256,0.331132498148744,0.74,65.86,4.08867501851256,-4.44089209850063e-15
90,4.08794432827065,0.331205567172935,0.74,66.6,4.08794432827064,-1.33226762955019e-14
91,4.08721763269642,0.331278236730358,0.74,67.34,4.08721763269643,9.76996261670138e-15
92,4.08649490164166,0.331350509835834,0.74,68.08,4.08649490164165,-1.15463194561016e-14
93,4.08577610518552,0.331422389481448,0.74,68.82,4.08577610518552,4.44089209850063e-15
94,4.08506121363311,0.331493878636689,0.74,69.56,4.08506121363311,2.66453525910038e-15
95,4.0843501975136,0.33156498024864,0.74,70.3,4.08435019751359,-8.88178419700125e-15
96,4.08364302757855,0.331635697242145,0.74,71.04,4.08364302757854,-1.77635683940025e-15
97,4.08293967480031,0.331706032519968,0.74,71.78,4.0829396748003,-1.15463194561016e-14
98,4.08224011037029,0.331775988962971,0.74,72.52,4.08224011037027,-1.95399252334028e-14
99,4.08154430569729,0.331845569430271,0.74,73.26,4.08154430569728,-8.88178419700125e-15
100,4.08085223240593,0.331914776759407,0.74,74,4.08085223240594,1.33226762955019e-14
101,4.08016386233501,0.331983613766499,0.74,74.74,4.08016386233502,4.44089209850063e-15
102,4.07947916753582,0.332052083246418,0.74,75.48,4.0794791675358,-1.95399252334028e-14
103,4.07879812027053,0.332120187972947,0.74,76.22,4.07879812027053,-8.88178419700125e-16
104,4.07812069301076,0.332187930698924,0.74,76.96,4.07812069301078,1.86517468137026e-14
105,4.07744685843588,0.332255314156412,0.74,77.7,4.07744685843588,-1.77635683940025e-15
106,4.07677658943132,0.332322341056868,0.74,78.44,4.07677658943135,2.93098878501041e-14
107,4.07610985908735,0.332389014091265,0.74,79.1799999999999,4.07610985908736,6.21724893790088e-15
108,4.07544664069718,0.332455335930282,0.74,79.9199999999999,4.07544664069716,-1.59872115546023e-14
109,4.07478690775557,0.332521309224443,0.74,80.6599999999999,4.07478690775558,1.06581410364015e-14
110,4.07413063395745,0.332586936604255,0.74,81.3999999999999,4.07413063395745,-2.66453525910038e-15
111,4.07347779319619,0.332652220680381,0.74,82.1399999999999,4.07347779319616,-2.66453525910038e-14
112,4.07282835956212,0.332717164043788,0.74,82.8799999999999,4.07282835956213,3.5527136788005e-15
113,4.07218230734128,0.332781769265872,0.74,83.6199999999999,4.0721823073413,1.86517468137026e-14
114,4.07153961101372,0.332846038898628,0.74,84.3599999999999,4.0715396110137,-2.30926389122033e-14
115,4.07090024525195,0.332909975474805,0.74,85.0999999999999,4.07090024525194,-3.5527136788005e-15
116,4.07026418491981,0.332973581508019,0.74,85.8399999999999,4.07026418491982,1.15463194561016e-14
117,4.06963140507079,0.333036859492921,0.74,86.5799999999999,4.0696314050708,3.5527136788005e-15
118,4.06900188094664,0.333099811905336,0.74,87.3199999999999,4.06900188094663,-9.76996261670138e-15
119,4.06837558797594,0.333162441202406,0.74,88.0599999999999,4.06837558797594,8.88178419700125e-16
120,4.06775250177276,0.333224749822724,0.74,88.7999999999999,4.06775250177276,-1.77635683940025e-15
121,4.0671325981352,0.33328674018648,0.74,89.5399999999999,4.06713259813519,-9.76996261670138e-15
122,4.06651585304397,0.333348414695603,0.74,90.2799999999999,4.06651585304399,2.75335310107039e-14
123,4.0659022426612,0.33340977573388,0.74,91.0199999999999,4.06590224266119,-7.99360577730113e-15
124,4.06529174332871,0.333470825667129,0.74,91.7599999999999,4.06529174332871,-7.105427357601e-15
125,4.06468433156701,0.333531566843299,0.74,92.4999999999999,4.06468433156704,3.37507799486048e-14
126,4.06407998407389,0.333592001592611,0.74,93.2399999999999,4.06407998407388,-6.21724893790088e-15
127,4.06347867772277,0.333652132227723,0.74,93.9799999999998,4.06347867772277,4.44089209850063e-15
128,4.0628803895618,0.33371196104382,0.74,94.7199999999998,4.06288038956182,2.39808173319034e-14
129,4.06228509681233,0.333771490318767,0.74,95.4599999999998,4.06228509681233,2.66453525910038e-15
130,4.06169277686755,0.333830722313245,0.74,96.1999999999998,4.06169277686754,-3.5527136788005e-15
131,4.06110340729128,0.333889659270872,0.74,96.9399999999998,4.06110340729129,1.77635683940025e-15
132,4.06051696581673,0.333948303418327,0.74,97.6799999999998,4.06051696581674,1.15463194561016e-14
133,4.05993343034513,0.334006656965487,0.74,98.4199999999998,4.05993343034513,7.99360577730113e-15
134,4.05935277894449,0.334064722105551,0.74,99.1599999999998,4.05935277894447,-1.86517468137026e-14
135,4.05877498984827,0.334122501015173,0.74,99.8999999999998,4.05877498984827,-3.5527136788005e-15
136,4.05820004145437,0.334179995854563,0.74,100.64,4.05820004145435,-1.86517468137026e-14
137,4.05762791232354,0.334237208767646,0.74,101.38,4.05762791232355,6.21724893790088e-15
138,4.05705858117847,0.334294141882153,0.74,102.12,4.0570585811785,3.28626015289046e-14
139,4.05649202690242,0.334350797309758,0.74,102.86,4.05649202690244,1.95399252334028e-14
140,4.05592822853794,0.334407177146206,0.74,103.6,4.05592822853796,2.1316282072803e-14
141,4.05536716528582,0.334463283471418,0.74,104.34,4.05536716528583,1.06581410364015e-14
142,4.05480881650379,0.334519118349621,0.74,105.08,4.05480881650378,-1.15463194561016e-14
143,4.05425316170536,0.334574683829464,0.74,105.82,4.05425316170536,-5.32907051820075e-15
144,4.05370018055871,0.334629981944129,0.74,106.56,4.05370018055869,-1.4210854715202e-14
145,4.05314985288541,0.334685014711459,0.74,107.3,4.05314985288538,-2.75335310107039e-14
146,4.05260215865931,0.334739784134069,0.74,108.04,4.05260215865931,-1.77635683940025e-15
147,4.05205707800545,0.334794292199455,0.74,108.78,4.05205707800549,4.52970994047064e-14
148,4.05151459119895,0.334848540880105,0.74,109.52,4.05151459119895,-2.66453525910038e-15
149,4.05097467866358,0.334902532133642,0.74,110.26,4.05097467866357,-9.76996261670138e-15
150,4.05043732097096,0.334956267902904,0.74,111,4.05043732097098,2.48689957516035e-14
151,4.04990249883943,0.335009750116057,0.74,111.74,4.04990249883944,1.4210854715202e-14
152,4.04937019313272,0.335062980686728,0.74,112.48,4.04937019313274,2.22044604925031e-14
153,4.04884038485909,0.335115961514091,0.74,113.22,4.04884038485907,-2.1316282072803e-14
154,4.04831305516996,0.335168694483004,0.74,113.96,4.04831305516997,1.77635683940025e-14
155,4.04778818535925,0.335221181464075,0.74,114.7,4.04778818535924,-9.76996261670138e-15
156,4.04726575686186,0.335273424313814,0.74,115.44,4.04726575686184,-1.86517468137026e-14
157,4.04674575125284,0.335325424874716,0.74,116.18,4.04674575125285,1.15463194561016e-14
158,4.04622815024641,0.335377184975359,0.74,116.92,4.04622815024642,8.88178419700125e-15
159,4.0457129356947,0.33542870643053,0.74,117.66,4.04571293569467,-2.8421709430404e-14
160,4.0452000895867,0.33547999104133,0.74,118.4,4.04520008958671,1.4210854715202e-14
161,4.04468959404758,0.335531040595242,0.74,119.14,4.0446895940476,1.4210854715202e-14
162,4.04418143133725,0.335581856866275,0.74,119.88,4.04418143133725,3.5527136788005e-15
163,4.04367558384953,0.335632441615047,0.74,120.62,4.04367558384951,-1.95399252334028e-14
164,4.04317203411108,0.335682796588892,0.74,121.36,4.04317203411108,2.66453525910038e-15
165,4.04267076478055,0.335732923521945,0.74,122.1,4.04267076478054,-1.59872115546023e-14
166,4.04217175864733,0.335782824135267,0.74,122.84,4.04217175864733,3.5527136788005e-15
167,4.04167499863081,0.335832500136919,0.74,123.58,4.04167499863081,2.66453525910038e-15
168,4.04118046777924,0.335881953222076,0.74,124.32,4.04118046777924,-2.66453525910038e-15
169,4.04068814926879,0.335931185073121,0.74,125.06,4.0406881492688,1.06581410364015e-14
170,4.04019802640266,0.335980197359734,0.74,125.8,4.04019802640266,-1.77635683940025e-15
171,4.03971008260999,0.336028991739001,0.74,126.54,4.03971008261,1.59872115546023e-14
172,4.03922430144507,0.336077569855493,0.74,127.28,4.03922430144506,-1.4210854715202e-14
173,4.03874066658619,0.336125933341381,0.74,128.02,4.03874066658619,1.77635683940025e-15
174,4.03825916183496,0.336174083816504,0.74,128.76,4.03825916183494,-1.33226762955019e-14
175,4.03777977111511,0.336222022888489,0.74,129.5,4.0377797711151,-7.99360577730113e-15
176,4.03730247847179,0.336269752152821,0.74,130.24,4.03730247847179,6.21724893790088e-15
177,4.03682726807054,0.336317273192946,0.74,130.98,4.03682726807055,7.105427357601e-15
178,4.03635412419644,0.336364587580356,0.74,131.72,4.0363541241964,-3.19744231092045e-14
179,4.03588303125301,0.336411696874699,0.74,132.46,4.03588303125301,-8.88178419700125e-16
180,4.03541397376171,0.336458602623829,0.74,133.2,4.03541397376171,0
181,4.03494693636068,0.336505306363932,0.74,133.94,4.03494693636067,-1.15463194561016e-14
182,4.03448190380402,0.336551809619598,0.74,134.68,4.03448190380401,-1.15463194561016e-14
183,4.03401886096088,0.336598113903912,0.74,135.42,4.03401886096089,7.99360577730113e-15
184,4.03355779281469,0.336644220718531,0.74,136.16,4.03355779281468,-6.21724893790088e-15
185,4.03309868446206,0.336690131553794,0.74,136.9,4.03309868446208,2.04281036531029e-14
186,4.03264152111228,0.336735847888772,0.74,137.64,4.03264152111226,-2.30926389122033e-14
187,4.03218628808602,0.336781371191398,0.74,138.38,4.03218628808602,-3.5527136788005e-15
188,4.03173297081494,0.336826702918506,0.74,139.12,4.03173297081495,9.76996261670138e-15
189,4.03128155484058,0.336871844515942,0.74,139.86,4.03128155484059,1.86517468137026e-14
190,4.03083202581362,0.336916797418638,0.74,140.6,4.0308320258136,-1.95399252334028e-14
191,4.03038436949296,0.336961563050704,0.74,141.34,4.03038436949294,-2.75335310107039e-14
192,4.02993857174505,0.337006142825495,0.74,142.08,4.02993857174503,-2.22044604925031e-14
193,4.02949461854297,0.337050538145703,0.74,142.82,4.02949461854297,4.44089209850063e-15
194,4.02905249596577,0.337094750403423,0.74,143.56,4.02905249596574,-2.66453525910038e-14
195,4.02861219019738,0.337138780980262,0.74,144.3,4.02861219019737,-1.15463194561016e-14
196,4.02817368752616,0.337182631247384,0.74,145.04,4.02817368752614,-2.30926389122033e-14
197,4.02773697434384,0.337226302565616,0.74,145.78,4.02773697434385,7.105427357601e-15
198,4.02730203714498,0.337269796285502,0.74,146.52,4.02730203714497,-5.32907051820075e-15
199,4.02686886252596,0.337313113747404,0.74,147.26,4.02686886252593,-2.39808173319034e-14
200,4.02643743718431,0.337356256281569,0.74,148,4.02643743718431,-7.99360577730113e-15
201,4.02600774791807,0.337399225208193,0.74,148.74,4.02600774791805,-2.1316282072803e-14
202,4.02557978162477,0.337442021837523,0.74,149.48,4.02557978162478,8.88178419700125e-15
203,4.02515352530099,0.337484647469901,0.74,150.22,4.02515352530098,-1.24344978758018e-14
204,4.02472896604127,0.337527103395873,0.74,150.96,4.02472896604129,1.95399252334028e-14
205,4.02430609103772,0.337569390896228,0.74,151.7,4.02430609103772,7.99360577730113e-15
206,4.02388488757899,0.337611511242101,0.74,152.44,4.02388488757899,-8.88178419700125e-16
207,4.02346534304968,0.337653465695032,0.74,153.18,4.0234653430497,2.04281036531029e-14
208,4.02304744492969,0.337695255507031,0.74,153.92,4.0230474449297,1.33226762955019e-14
209,4.02263118079333,0.337736881920667,0.74,154.66,4.02263118079332,-7.105427357601e-15
210,4.02221653830867,0.337778346169133,0.74,155.4,4.02221653830866,-1.15463194561016e-14
211,4.02180350523687,0.337819649476312,0.74,156.14,4.02180350523689,1.77635683940025e-14
212,4.02139206943156,0.337860793056844,0.74,156.88,4.02139206943157,1.33226762955019e-14
213,4.0209822188379,0.33790177811621,0.74,157.62,4.0209822188379,3.5527136788005e-15
214,4.0205739414921,0.33794260585079,0.74,158.36,4.02057394149209,-1.33226762955019e-14
215,4.02016722552062,0.337983277447938,0.74,159.1,4.02016722552061,-1.06581410364015e-14
216,4.01976205913959,0.338023794086041,0.74,159.84,4.01976205913957,-2.22044604925031e-14
217,4.01935843065399,0.338064156934601,0.74,160.58,4.019358430654,4.44089209850063e-15
218,4.01895632845719,0.338104367154281,0.74,161.32,4.01895632845719,-1.77635683940025e-15
219,4.01855574103004,0.338144425896996,0.74,162.06,4.01855574103004,-3.5527136788005e-15
220,4.01815665694039,0.338184334305961,0.74,162.8,4.01815665694037,-1.77635683940025e-14
221,4.01775906484229,0.33822409351577,0.74,163.54,4.0177590648423,9.76996261670138e-15
222,4.01736295347558,0.338263704652442,0.74,164.28,4.01736295347557,-1.24344978758018e-14
223,4.0169683116649,0.33830316883351,0.74,165.02,4.01696831166489,-4.44089209850063e-15
224,4.01657512831932,0.338342487168068,0.74,165.76,4.01657512831933,1.50990331349021e-14
225,4.01618339243166,0.338381660756834,0.74,166.5,4.01618339243166,1.77635683940025e-15
226,4.01579309307769,0.338420690692231,0.74,167.24,4.01579309307771,1.95399252334028e-14
227,4.01540421941579,0.338459578058421,0.74,167.98,4.01540421941577,-1.33226762955019e-14
228,4.01501676068597,0.338498323931403,0.74,168.72,4.01501676068596,-7.99360577730113e-15
229,4.01463070620957,0.338536929379043,0.74,169.46,4.01463070620958,1.06581410364015e-14
230,4.01424604538855,0.338575395461145,0.74,170.2,4.01424604538856,1.24344978758018e-14
231,4.01386276770478,0.338613723229522,0.74,170.94,4.01386276770478,-8.88178419700125e-16
232,4.01348086271955,0.338651913728045,0.74,171.68,4.01348086271952,-2.8421709430404e-14
233,4.01310032007282,0.338689967992718,0.74,172.42,4.01310032007284,1.68753899743024e-14
234,4.012721129483,0.3387278870517,0.74,173.16,4.01272112948299,-1.06581410364015e-14
235,4.0123432807458,0.33876567192542,0.74,173.9,4.01234328074581,1.15463194561016e-14
236,4.01196676373414,0.338803323626586,0.74,174.64,4.01196676373416,1.95399252334028e-14
237,4.01159156839731,0.338840843160269,0.74,175.38,4.01159156839732,1.50990331349021e-14
238,4.01121768476045,0.338878231523955,0.74,176.12,4.01121768476045,-5.32907051820075e-15
239,4.01084510292395,0.338915489707605,0.74,176.86,4.01084510292396,3.5527136788005e-15
240,4.01047381306299,0.338952618693701,0.74,177.6,4.01047381306298,-5.32907051820075e-15
241,4.01010380542684,0.338989619457316,0.74,178.34,4.01010380542681,-2.39808173319034e-14
242,4.00973507033831,0.339026492966169,0.74,179.08,4.00973507033833,1.68753899743024e-14
243,4.00936759819342,0.339063240180658,0.74,179.82,4.00936759819343,1.15463194561016e-14
244,4.00900137946053,0.339099862053947,0.74,180.56,4.00900137946052,-3.5527136788005e-15
245,4.00863640467995,0.339136359532005,0.74,181.3,4.00863640467993,-1.24344978758018e-14
246,4.00827266446339,0.339172733553661,0.74,182.04,4.00827266446339,-3.5527136788005e-15
247,4.00791014949345,0.339208985050654,0.74,182.78,4.00791014949346,3.5527136788005e-15
248,4.00754885052302,0.339245114947698,0.74,183.52,4.00754885052305,2.48689957516035e-14
249,4.00718875837484,0.339281124162516,0.74,184.26,4.00718875837484,2.66453525910038e-15
250,4.00682986394079,0.339317013605921,0.74,185,4.00682986394079,-3.5527136788005e-15
251,4.00647215818159,0.339352784181841,0.74,185.74,4.00647215818158,-1.06581410364015e-14
252,4.00611563212615,0.339388436787385,0.74,186.48,4.00611563212613,-2.1316282072803e-14
253,4.00576027687106,0.339423972312894,0.74,187.22,4.00576027687105,-6.21724893790088e-15
254,4.00540608358014,0.339459391641986,0.74,187.96,4.00540608358015,1.33226762955019e-14
255,4.00505304348391,0.339494695651609,0.74,188.7,4.00505304348394,2.48689957516035e-14
256,4.00470114787908,0.339529885212092,0.74,189.44,4.00470114787909,1.15463194561016e-14
257,4.00435038812799,0.339564961187201,0.74,190.18,4.00435038812797,-2.1316282072803e-14
258,4.00400075565815,0.339599924434185,0.74,190.92,4.00400075565814,-1.15463194561016e-14
259,4.0036522419619,0.33963477580381,0.74,191.66,4.00365224196187,-3.64153152077051e-14
260,4.00330483859562,0.339669516140437,0.74,192.4,4.0033048385956,-2.39808173319034e-14
261,4.00295853717952,0.339704146282048,0.74,193.14,4.00295853717954,1.50990331349021e-14
262,4.00261332939712,0.339738667060288,0.74,193.88,4.00261332939711,-1.15463194561016e-14
263,4.0022692069945,0.33977307930055,0.74,194.62,4.00226920699451,1.59872115546023e-14
264,4.00192616178023,0.339807383821977,0.74,195.36,4.00192616178024,9.76996261670138e-15
265,4.00158418562461,0.339841581437539,0.74,196.1,4.00158418562461,1.77635683940025e-15
266,4.0012432704593,0.33987567295407,0.74,196.84,4.00124327045929,-1.24344978758018e-14
267,4.00090340827683,0.339909659172317,0.74,197.58,4.00090340827683,4.44089209850063e-15
268,4.00056459113023,0.339943540886977,0.74,198.32,4.00056459113024,1.50990331349021e-14
269,4.00022681113251,0.339977318886749,0.74,199.06,4.00022681113249,-1.33226762955019e-14
270,3.99989006045607,0.340010993954393,0.74,199.8,3.99989006045608,1.19904086659517e-14
271,3.99955433133258,0.340044566866742,0.74,200.540000000001,3.99955433133257,-2.22044604925031e-15
272,3.99921961605219,0.340078038394781,0.74,201.280000000001,3.99921961605218,-1.11022302462516e-14
273,3.9988859069633,0.34011140930367,0.74,202.020000000001,3.99888590696328,-1.64313007644523e-14
274,3.99855319647202,0.340144680352798,0.74,202.760000000001,3.99855319647201,-2.22044604925031e-15
275,3.99822147704182,0.340177852295818,0.74,203.500000000001,3.99822147704183,9.32587340685131e-15
276,3.99789074119309,0.340210925880691,0.74,204.240000000001,3.99789074119306,-2.70894418008538e-14
277,3.99756098150249,0.340243901849751,0.74,204.980000000001,3.99756098150248,-1.02140518265514e-14
278,3.99723219060292,0.340276780939708,0.74,205.720000000001,3.99723219060288,-3.06421554796543e-14
279,3.99690436118269,0.340309563881731,0.74,206.460000000001,3.99690436118268,-5.77315972805081e-15
280,3.99657748598545,0.340342251401455,0.74,207.200000000001,3.99657748598545,-4.44089209850063e-16
281,3.99625155780956,0.340374844219044,0.74,207.940000000001,3.99625155780955,-3.99680288865056e-15
282,3.99592656950767,0.340407343049233,0.74,208.680000000001,3.99592656950768,6.66133814775094e-15
283,3.99560251398646,0.340439748601355,0.74,209.420000000001,3.99560251398648,2.26485497023532e-14
284,3.99527938420613,0.340472061579387,0.74,210.160000000001,3.99527938420612,-5.77315972805081e-15
285,3.99495717317993,0.340504282682007,0.74,210.900000000001,3.99495717317992,-5.77315972805081e-15
286,3.99463587397392,0.340536412602608,0.74,211.640000000001,3.99463587397391,-5.77315972805081e-15
287,3.99431547970647,0.340568452029353,0.74,212.380000000001,3.99431547970647,-4.88498130835069e-15
288,3.9939959835479,0.34060040164521,0.74,213.120000000001,3.99399598354789,-1.55431223447522e-14
289,3.99367737872001,0.340632262127999,0.74,213.860000000001,3.99367737872003,1.90958360235527e-14
290,3.99335965849588,0.340664034150412,0.74,214.600000000001,3.99335965849589,1.28785870856518e-14
291,3.99304281619925,0.340695718380075,0.74,215.340000000001,3.99304281619925,-4.44089209850063e-16
292,3.99272684520429,0.340727315479571,0.74,216.080000000001,3.99272684520427,-2.08721928629529e-14
293,3.99241173893512,0.340758826106488,0.74,216.820000000001,3.99241173893511,-3.99680288865056e-15
294,3.99209749086558,0.340790250913443,0.74,217.560000000001,3.99209749086558,8.43769498715119e-15
295,3.99178409451875,0.340821590548125,0.74,218.300000000001,3.99178409451873,-2.26485497023532e-14
296,3.99147154346647,0.340852845653353,0.74,219.040000000001,3.99147154346648,3.10862446895044e-15
297,3.9911598313293,0.34088401686707,0.74,219.780000000001,3.99115983132928,-1.73194791841524e-14
298,3.99084895177575,0.340915104822425,0.74,220.520000000001,3.99084895177573,-1.55431223447522e-14
299,3.9905388985222,0.34094611014778,0.74,221.260000000001,3.9905388985222,4.44089209850063e-16
300,3.99022966533249,0.340977033466751,0.74,222.000000000001,3.9902296653325,1.02140518265514e-14
301,3.98992124601747,0.341007875398253,0.74,222.740000000001,3.98992124601749,1.82076576038526e-14
302,3.98961363443473,0.341038636556527,0.74,223.480000000001,3.98961363443475,1.55431223447522e-14
303,3.98930682448821,0.341069317551179,0.74,224.220000000001,3.98930682448821,-3.10862446895044e-15
304,3.98900081012781,0.341099918987219,0.74,224.960000000001,3.98900081012781,3.99680288865056e-15
305,3.98869558534915,0.341130441465085,0.74,225.700000000001,3.98869558534916,9.32587340685131e-15
306,3.98839114419317,0.341160885580683,0.74,226.440000000001,3.98839114419317,-2.22044604925031e-15
307,3.98808748074575,0.341191251925425,0.74,227.180000000001,3.98808748074574,-5.77315972805081e-15
308,3.98778458913739,0.341221541086261,0.74,227.920000000001,3.9877845891374,4.88498130835069e-15
309,3.98748246354296,0.341251753645704,0.74,228.660000000001,3.98748246354296,-3.10862446895044e-15
310,3.98718109818122,0.341281890181878,0.74,229.400000000001,3.98718109818122,-7.54951656745106e-15
311,3.98688048731458,0.341311951268542,0.74,230.140000000001,3.98688048731459,1.46549439250521e-14
312,3.98658062524882,0.341341937475118,0.74,230.880000000001,3.98658062524881,-1.28785870856518e-14
313,3.98628150633255,0.341371849366745,0.74,231.620000000001,3.98628150633256,1.19904086659517e-14
314,3.98598312495719,0.341401687504281,0.74,232.360000000001,3.98598312495719,3.99680288865056e-15
315,3.98568547555638,0.341431452444362,0.74,233.100000000001,3.98568547555639,5.77315972805081e-15
316,3.98538855260583,0.341461144739417,0.74,233.840000000001,3.98538855260583,4.88498130835069e-15
317,3.98509235062292,0.341490764937708,0.74,234.580000000001,3.9850923506229,-1.73194791841524e-14
318,3.98479686416636,0.341520313583364,0.74,235.320000000001,3.98479686416636,9.32587340685131e-15
319,3.98450208783603,0.341549791216397,0.74,236.060000000001,3.98450208783604,3.10862446895044e-15
320,3.9842080162725,0.34157919837275,0.74,236.800000000001,3.9842080162725,-3.10862446895044e-15
321,3.98391464415678,0.341608535584322,0.74,237.540000000001,3.98391464415678,-4.44089209850063e-16
322,3.98362196621005,0.341637803378995,0.74,238.280000000001,3.98362196621006,3.99680288865056e-15
323,3.98332997719334,0.341667002280666,0.74,239.020000000001,3.98332997719333,-5.77315972805081e-15
324,3.98303867190714,0.341696132809286,0.74,239.760000000001,3.98303867190715,1.46549439250521e-14
325,3.9827480451913,0.34172519548087,0.74,240.500000000001,3.98274804519132,2.08721928629529e-14
326,3.9824580919246,0.34175419080754,0.74,241.240000000001,3.98245809192457,-3.06421554796543e-14
327,3.98216880702427,0.341783119297573,0.74,241.980000000001,3.98216880702428,1.37667655053519e-14
328,3.98188018544619,0.341811981455381,0.74,242.720000000001,3.9818801854462,1.55431223447522e-14
329,3.98159222218416,0.341840777781584,0.74,243.460000000001,3.98159222218415,-9.32587340685131e-15
330,3.98130491226971,0.341869508773029,0.74,244.200000000001,3.98130491226973,2.08721928629529e-14
331,3.98101825077202,0.341898174922798,0.74,244.940000000001,3.98101825077202,-4.44089209850063e-16
332,3.98073223279735,0.341926776720265,0.74,245.680000000001,3.98073223279735,-3.99680288865056e-15
333,3.98044685348896,0.341955314651104,0.74,246.420000000001,3.98044685348894,-1.28785870856518e-14
334,3.98016210802669,0.341983789197331,0.74,247.160000000001,3.98016210802671,1.90958360235527e-14
335,3.97987799162692,0.342012200837308,0.74,247.900000000001,3.97987799162692,-1.33226762955019e-15
336,3.97959449954195,0.342040550045805,0.74,248.640000000001,3.97959449954195,6.66133814775094e-15
337,3.97931162706001,0.342068837293999,0.74,249.380000000001,3.97931162706002,3.99680288865056e-15
338,3.97902936950487,0.342097063049513,0.74,250.120000000001,3.97902936950489,1.37667655053519e-14
339,3.97874772223565,0.342125227776435,0.74,250.860000000001,3.97874772223562,-3.68594044175552e-14
340,3.97846668064628,0.342153331935372,0.74,251.600000000001,3.9784666806463,2.17603712826531e-14
341,3.9781862401658,0.34218137598342,0.74,252.340000000001,3.97818624016578,-1.37667655053519e-14
342,3.97790639625742,0.342209360374258,0.74,253.080000000001,3.97790639625742,-6.66133814775094e-15
343,3.97762714441879,0.342237285558121,0.74,253.820000000001,3.97762714441879,-2.22044604925031e-15
344,3.97734848018146,0.342265151981854,0.74,254.560000000001,3.97734848018146,-4.44089209850063e-16
345,3.97707039911074,0.342292960088926,0.74,255.300000000001,3.97707039911073,-1.46549439250521e-14
346,3.97679289680534,0.342320710319466,0.74,256.040000000001,3.97679289680535,1.73194791841524e-14
347,3.97651596889733,0.342348403110267,0.74,256.780000000001,3.97651596889731,-2.53130849614536e-14
348,3.97623961105154,0.342376038894846,0.74,257.520000000001,3.97623961105154,-2.22044604925031e-15
349,3.97596381896571,0.342403618103429,0.74,258.260000000001,3.9759638189657,-7.54951656745106e-15
350,3.97568858836993,0.342431141163007,0.74,259.000000000001,3.97568858836993,4.44089209850063e-16
351,3.97541391502662,0.342458608497338,0.74,259.740000000001,3.97541391502659,-3.33066907387547e-14
352,3.97513979473001,0.342486020526999,0.74,260.480000000001,3.97513979473,-9.32587340685131e-15
353,3.97486622330624,0.342513377669376,0.74,261.220000000001,3.97486622330625,1.82076576038526e-14
354,3.97459319661294,0.342540680338706,0.74,261.960000000001,3.97459319661293,-1.82076576038526e-14
355,3.97432071053885,0.342567928946115,0.74,262.700000000001,3.97432071053886,9.32587340685131e-15
356,3.9740487610039,0.34259512389961,0.74,263.440000000001,3.97404876100392,2.17603712826531e-14
357,3.97377734395877,0.342622265604123,0.74,264.180000000001,3.97377734395878,8.43769498715119e-15
358,3.97350645538467,0.342649354461533,0.74,264.920000000001,3.97350645538466,-3.10862446895044e-15
359,3.97323609129313,0.342676390870687,0.74,265.660000000001,3.97323609129312,-1.37667655053519e-14
360,3.97296624772579,0.342703375227421,0.74,266.400000000001,3.9729662477258,1.11022302462516e-14
361,3.97269692075429,0.342730307924571,0.74,267.140000000001,3.97269692075425,-3.41948691584548e-14
362,3.97242810647964,0.342757189352036,0.74,267.880000000001,3.97242810647964,1.33226762955019e-15
363,3.9721598010326,0.34278401989674,0.74,268.620000000001,3.97215980103258,-2.79776202205539e-14
364,3.97189200057286,0.342810799942714,0.74,269.360000000001,3.97189200057286,-4.88498130835069e-15
365,3.97162470128927,0.342837529871073,0.74,270.100000000001,3.97162470128929,1.28785870856518e-14
366,3.97135789939938,0.342864210060062,0.74,270.840000000001,3.9713578993994,2.26485497023532e-14
367,3.9710915911493,0.34289084088507,0.74,271.580000000001,3.97109159114931,8.43769498715119e-15
368,3.97082577281344,0.342917422718656,0.74,272.320000000001,3.97082577281344,2.22044604925031e-15
369,3.97056044069436,0.342943955930564,0.74,273.060000000001,3.97056044069435,-1.11022302462516e-14
370,3.97029559112246,0.342970440887754,0.74,273.800000000001,3.97029559112247,6.66133814775094e-15
371,3.97003122045601,0.342996877954399,0.74,274.540000000001,3.97003122045597,-3.86357612569554e-14
372,3.96976732508045,0.343023267491955,0.74,275.280000000001,3.96976732508047,1.55431223447522e-14
373,3.9695039014089,0.34304960985911,0.74,276.020000000001,3.96950390140889,-1.19904086659517e-14
374,3.96924094588121,0.343075905411879,0.74,276.760000000001,3.9692409458812,-9.32587340685131e-15
375,3.96897845496426,0.343102154503574,0.74,277.500000000001,3.96897845496427,7.54951656745106e-15
376,3.9687164251516,0.34312835748484,0.74,278.240000000001,3.9687164251516,-1.33226762955019e-15
377,3.96845485296316,0.343154514703684,0.74,278.980000000001,3.96845485296317,1.02140518265514e-14
378,3.96819373494523,0.343180626505477,0.74,279.720000000001,3.96819373494524,8.43769498715119e-15
379,3.96793306767012,0.343206693232988,0.74,280.460000000001,3.96793306767011,-8.43769498715119e-15
380,3.96767284773597,0.343232715226403,0.74,281.200000000001,3.96767284773596,-1.28785870856518e-14
381,3.96741307176663,0.343258692823337,0.74,281.940000000001,3.96741307176664,1.11022302462516e-14
382,3.96715373641149,0.343284626358851,0.74,282.680000000001,3.96715373641149,-1.33226762955019e-15
383,3.96689483834513,0.343310516165487,0.74,283.420000000001,3.96689483834513,-4.44089209850063e-16
384,3.96663637426724,0.343336362573276,0.74,284.160000000002,3.96663637426727,3.24185123190546e-14
385,3.96637834090254,0.343362165909746,0.74,284.900000000002,3.96637834090255,1.37667655053519e-14
386,3.96612073500032,0.343387926499968,0.74,285.640000000002,3.96612073500031,-7.54951656745106e-15
387,3.9658635533344,0.34341364466656,0.74,286.380000000002,3.96586355333443,2.53130849614536e-14
388,3.96560679270314,0.343439320729686,0.74,287.120000000002,3.96560679270313,-1.37667655053519e-14
389,3.96535044992879,0.343464955007121,0.74,287.860000000002,3.96535044992881,1.37667655053519e-14
390,3.96509452185782,0.343490547814218,0.74,288.600000000002,3.96509452185783,1.11022302462516e-14
391,3.9648390053604,0.34351609946396,0.74,289.340000000002,3.96483900536038,-2.08721928629529e-14
392,3.96458389733027,0.343541610266973,0.74,290.080000000002,3.96458389733025,-2.26485497023532e-14
393,3.96432919468469,0.343567080531531,0.74,290.820000000002,3.96432919468467,-2.35367281220533e-14
394,3.96407489436413,0.343592510563587,0.74,291.560000000002,3.96407489436415,2.08721928629529e-14
395,3.96382099333229,0.343617900666771,0.74,292.300000000002,3.96382099333229,-4.88498130835069e-15
396,3.96356748857559,0.343643251142441,0.74,293.040000000002,3.96356748857558,-7.54951656745106e-15
397,3.9633143771033,0.34366856228967,0.74,293.780000000002,3.9633143771033,-4.88498130835069e-15
398,3.96306165594723,0.343693834405277,0.74,294.520000000002,3.96306165594725,2.35367281220533e-14
399,3.96280932216169,0.343719067783831,0.74,295.260000000002,3.96280932216167,-1.55431223447522e-14
400,3.962557372823,0.3437442627177,0.74,296.000000000002,3.96255737282302,2.35367281220533e-14
401,3.96230580502984,0.343769419497016,0.74,296.740000000002,3.96230580502982,-2.26485497023532e-14
402,3.96205461590247,0.343794538409753,0.74,297.480000000002,3.96205461590249,1.11022302462516e-14
403,3.96180380258318,0.343819619741682,0.74,298.220000000002,3.96180380258317,-4.88498130835069e-15
404,3.96155336223558,0.343844663776442,0.74,298.960000000002,3.9615533622356,2.35367281220533e-14
405,3.9613032920449,0.34386967079551,0.74,299.700000000002,3.9613032920449,-1.33226762955019e-15
406,3.96105358921741,0.343894641078259,0.74,300.440000000002,3.96105358921744,2.70894418008538e-14
407,3.96080425098069,0.343919574901931,0.74,301.180000000002,3.96080425098068,-9.32587340685131e-15
408,3.96055527458299,0.343944472541701,0.74,301.920000000002,3.96055527458299,4.88498130835069e-15
409,3.96030665729353,0.343969334270647,0.74,302.660000000002,3.96030665729353,-2.22044604925031e-15
410,3.96005839640205,0.343994160359795,0.74,303.400000000002,3.96005839640204,-3.99680288865056e-15
411,3.95981048921874,0.344018951078126,0.74,304.140000000002,3.95981048921875,1.02140518265514e-14
412,3.95956293307415,0.344043706692585,0.74,304.880000000002,3.95956293307416,4.88498130835069e-15
413,3.95931572531893,0.344068427468107,0.74,305.620000000002,3.95931572531893,-3.10862446895044e-15
414,3.95906886332369,0.344093113667631,0.74,306.360000000002,3.95906886332371,1.64313007644523e-14
415,3.95882234447902,0.344117765552098,0.74,307.100000000002,3.958822344479,-1.37667655053519e-14
416,3.958576166195,0.3441423833805,0.74,307.840000000002,3.958576166195,-1.33226762955019e-15
417,3.95833032590144,0.344166967409856,0.74,308.580000000002,3.95833032590144,-6.66133814775094e-15
418,3.95808482104746,0.344191517895254,0.74,309.320000000002,3.95808482104745,-1.73194791841524e-14
419,3.9578396491014,0.34421603508986,0.74,310.060000000002,3.95783964910142,1.73194791841524e-14
420,3.95759480755086,0.344240519244914,0.74,310.800000000002,3.95759480755085,-1.55431223447522e-14
421,3.95735029390218,0.344264970609782,0.74,311.540000000002,3.95735029390218,3.10862446895044e-15
422,3.95710610568068,0.344289389431932,0.74,312.280000000002,3.9571061056807,2.44249065417534e-14
423,3.95686224043035,0.344313775956965,0.74,313.020000000002,3.95686224043036,6.66133814775094e-15
424,3.95661869571364,0.344338130428636,0.74,313.760000000002,3.95661869571364,-3.10862446895044e-15
425,3.95637546911141,0.344362453088859,0.74,314.500000000002,3.95637546911143,2.08721928629529e-14
426,3.95613255822286,0.344386744177714,0.74,315.240000000002,3.95613255822286,1.33226762955019e-15
427,3.95588996066519,0.344411003933481,0.74,315.980000000002,3.95588996066521,1.82076576038526e-14
428,3.95564767407367,0.344435232592633,0.74,316.720000000002,3.9556476740737,2.97539770599542e-14
429,3.95540569610142,0.344459430389858,0.74,317.460000000002,3.95540569610144,1.90958360235527e-14
430,3.95516402441925,0.344483597558075,0.74,318.200000000002,3.95516402441923,-2.17603712826531e-14
431,3.95492265671547,0.344507734328453,0.74,318.940000000002,3.95492265671544,-3.15303338993544e-14
432,3.95468159069591,0.344531840930409,0.74,319.680000000002,3.9546815906959,-1.02140518265514e-14
433,3.95444082408378,0.344555917591622,0.74,320.420000000002,3.95444082408376,-1.11022302462516e-14
434,3.95420035461936,0.344579964538064,0.74,321.160000000002,3.95420035461935,-1.02140518265514e-14
435,3.95396018006005,0.344603981993995,0.74,321.900000000002,3.95396018006004,-1.46549439250521e-14
436,3.95372029818012,0.344627970181988,0.74,322.640000000002,3.95372029818013,1.46549439250521e-14
437,3.95348070677073,0.344651929322927,0.74,323.380000000002,3.95348070677073,4.44089209850063e-16
438,3.95324140363962,0.344675859636038,0.74,324.120000000002,3.95324140363962,-2.22044604925031e-15
439,3.9530023866111,0.34469976133889,0.74,324.860000000002,3.95300238661111,5.77315972805081e-15
440,3.95276365352595,0.344723634647405,0.74,325.600000000002,3.95276365352594,-1.11022302462516e-14
441,3.95252520224113,0.344747479775887,0.74,326.340000000002,3.95252520224114,7.54951656745106e-15
442,3.95228703062992,0.344771296937008,0.74,327.080000000002,3.95228703062993,8.43769498715119e-15
443,3.95204913658156,0.344795086341844,0.74,327.820000000002,3.95204913658155,-1.11022302462516e-14
444,3.95181151800119,0.344818848199881,0.74,328.560000000002,3.95181151800121,1.73194791841524e-14
445,3.9515741728099,0.34484258271901,0.74,329.300000000002,3.9515741728099,-2.22044604925031e-15
446,3.95133709894432,0.344866290105568,0.74,330.040000000002,3.9513370989443,-1.99840144432528e-14
447,3.95110029435671,0.344889970564329,0.74,330.780000000002,3.95110029435669,-2.08721928629529e-14
448,3.95086375701479,0.344913624298521,0.74,331.520000000002,3.95086375701476,-2.26485497023532e-14
449,3.95062748490162,0.344937251509838,0.74,332.260000000002,3.95062748490159,-2.44249065417534e-14
450,3.95039147601545,0.344960852398455,0.74,333.000000000002,3.95039147601544,-1.02140518265514e-14
451,3.95015572836971,0.344984427163029,0.74,333.740000000002,3.9501557283697,-4.88498130835069e-15
452,3.94992023999276,0.345007976000724,0.74,334.480000000002,3.94992023999274,-1.90958360235527e-14
453,3.94968500892784,0.345031499107216,0.74,335.220000000002,3.94968500892783,-1.73194791841524e-14
454,3.94945003323295,0.345054996676705,0.74,335.960000000002,3.94945003323297,2.17603712826531e-14
455,3.94921531098086,0.345078468901914,0.74,336.700000000002,3.94921531098086,-1.33226762955019e-15
456,3.94898084025874,0.345101915974126,0.74,337.440000000002,3.94898084025872,-2.35367281220533e-14
457,3.94874661916819,0.345125338083181,0.74,338.180000000002,3.94874661916821,1.64313007644523e-14
458,3.9485126458253,0.34514873541747,0.74,338.920000000002,3.94851264582531,1.11022302462516e-14
459,3.94827891836024,0.345172108163975,0.74,339.660000000002,3.94827891836025,4.88498130835069e-15
460,3.94804543491733,0.345195456508267,0.74,340.400000000002,3.94804543491733,-1.33226762955019e-15
461,3.9478121936549,0.34521878063451,0.74,341.140000000002,3.94781219365488,-1.37667655053519e-14
462,3.94757919274514,0.345242080725486,0.74,341.880000000002,3.94757919274513,-8.43769498715119e-15
463,3.94734643037407,0.345265356962593,0.74,342.620000000002,3.94734643037409,1.82076576038526e-14
464,3.94711390474146,0.345288609525854,0.74,343.360000000002,3.94711390474146,5.77315972805081e-15
465,3.94688161406057,0.345311838593943,0.74,344.100000000002,3.94688161406055,-1.82076576038526e-14
466,3.94664955655813,0.345335044344187,0.74,344.840000000002,3.94664955655814,1.11022302462516e-14
467,3.94641773047437,0.345358226952563,0.74,345.580000000002,3.94641773047438,1.46549439250521e-14
468,3.94618613406274,0.345381386593726,0.74,346.320000000002,3.94618613406272,-2.17603712826531e-14
469,3.94595476558976,0.345404523441024,0.74,347.060000000002,3.94595476558979,2.62012633811537e-14
470,3.94572362333528,0.345427637666472,0.74,347.800000000002,3.94572362333529,2.22044604925031e-15
471,3.9454927055919,0.34545072944081,0.74,348.540000000002,3.94549270559191,3.10862446895044e-15
472,3.94526201066523,0.345473798933477,0.74,349.280000000002,3.94526201066523,-6.66133814775094e-15
473,3.94503153687361,0.345496846312639,0.74,350.020000000002,3.94503153687361,-7.54951656745106e-15
474,3.9448012825481,0.34551987174519,0.74,350.760000000002,3.94480128254811,6.66133814775094e-15
475,3.94457124603241,0.345542875396759,0.74,351.500000000002,3.94457124603237,-4.13002965160558e-14
476,3.94434142568255,0.345565857431745,0.74,352.240000000002,3.94434142568255,2.22044604925031e-15
477,3.94411181986723,0.345588818013277,0.74,352.980000000002,3.94411181986721,-1.64313007644523e-14
478,3.94388242696724,0.345611757303276,0.74,353.720000000002,3.94388242696722,-1.28785870856518e-14
479,3.94365324537566,0.345634675462434,0.74,354.460000000002,3.94365324537567,1.02140518265514e-14
480,3.94342427349775,0.345657572650225,0.74,355.200000000002,3.94342427349777,1.11022302462516e-14
481,3.94319550975078,0.345680449024922,0.74,355.940000000002,3.94319550975077,-7.54951656745106e-15
482,3.94296695256386,0.345703304743614,0.74,356.680000000002,3.94296695256388,1.90958360235527e-14
483,3.94273860037816,0.345726139962184,0.74,357.420000000002,3.94273860037816,-7.54951656745106e-15
484,3.94251045164643,0.345748954835357,0.74,358.160000000002,3.94251045164641,-2.08721928629529e-14
485,3.94228250483314,0.345771749516686,0.74,358.900000000002,3.94228250483313,-1.28785870856518e-14
486,3.9420547584144,0.34579452415856,0.74,359.640000000002,3.94205475841441,1.46549439250521e-14
487,3.94182721087785,0.345817278912215,0.74,360.380000000002,3.94182721087784,-3.99680288865056e-15
488,3.94159986072242,0.345840013927758,0.74,361.120000000002,3.94159986072241,-4.88498130835069e-15
489,3.94137270645842,0.345862729354158,0.74,361.860000000002,3.94137270645846,3.50830475781549e-14
490,3.94114574660753,0.345885425339247,0.74,362.600000000002,3.94114574660754,1.11022302462516e-14
491,3.94091897970245,0.345908102029755,0.74,363.340000000002,3.9409189797024,-4.57411886145564e-14
492,3.94069240428684,0.345930759571316,0.74,364.080000000002,3.94069240428683,-6.66133814775094e-15
493,3.9404660189156,0.34595339810844,0.74,364.820000000002,3.94046601891562,2.17603712826531e-14
494,3.94023982215447,0.345976017784553,0.74,365.560000000003,3.94023982215448,1.19904086659517e-14
495,3.94001381257991,0.345998618742009,0.74,366.300000000003,3.94001381257992,1.82076576038526e-14
496,3.93978798877922,0.346021201122078,0.74,367.040000000003,3.93978798877923,9.32587340685131e-15
497,3.9395623493503,0.34604376506497,0.74,367.780000000003,3.93956234935031,1.02140518265514e-14
498,3.93933689290168,0.346066310709832,0.74,368.520000000003,3.93933689290169,6.66133814775094e-15
499,3.93911161805235,0.346088838194765,0.74,369.260000000003,3.93911161805237,1.82076576038526e-14
500,3.93888652343182,0.346111347656818,0.74,370.000000000003,3.93888652343179,-2.44249065417534e-14
501,3.93866160767973,0.346133839232027,0.74,370.740000000003,3.93866160767974,5.77315972805081e-15
502,3.93843686944624,0.346156313055376,0.74,371.480000000003,3.93843686944625,1.28785870856518e-14
503,3.93821230739158,0.346178769260842,0.74,372.220000000003,3.93821230739155,-2.88657986402541e-14
504,3.93798792018598,0.346201207981402,0.74,372.960000000003,3.937987920186,1.99840144432528e-14
505,3.93776370650994,0.346223629349006,0.74,373.700000000003,3.93776370650996,1.46549439250521e-14
506,3.93753966505378,0.346246033494622,0.74,374.440000000003,3.93753966505377,-4.88498130835069e-15
507,3.93731579451764,0.346268420548236,0.74,375.180000000003,3.93731579451767,2.17603712826531e-14
508,3.93709209361165,0.346290790638835,0.74,375.920000000003,3.93709209361167,1.64313007644523e-14
509,3.93686856105555,0.346313143894445,0.74,376.660000000003,3.93686856105555,1.33226762955019e-15
510,3.93664519557871,0.346335480442129,0.74,377.400000000003,3.93664519557873,2.70894418008538e-14
511,3.93642199592023,0.346357800407977,0.74,378.140000000003,3.93642199592024,1.19904086659517e-14
512,3.93619896082862,0.346380103917138,0.74,378.880000000003,3.9361989608286,-1.64313007644523e-14
513,3.93597608906182,0.346402391093818,0.74,379.620000000003,3.9359760890618,-2.08721928629529e-14
514,3.93575337938719,0.346424662061281,0.74,380.360000000003,3.9357533793872,2.22044604925031e-15
515,3.93553083058143,0.346446916941857,0.74,381.100000000003,3.93553083058143,6.66133814775094e-15
516,3.93530844143041,0.346469155856959,0.74,381.840000000003,3.93530844143041,-1.33226762955019e-15
517,3.93508621072917,0.346491378927083,0.74,382.580000000003,3.93508621072917,-4.44089209850063e-16
518,3.93486413728186,0.346513586271814,0.74,383.320000000003,3.93486413728186,-4.88498130835069e-15
519,3.93464221990166,0.346535778009834,0.74,384.060000000003,3.93464221990165,-9.32587340685131e-15
520,3.93442045741068,0.346557954258932,0.74,384.800000000003,3.93442045741068,-4.88498130835069e-15
521,3.93419884863994,0.346580115136006,0.74,385.540000000003,3.93419884863995,1.02140518265514e-14
522,3.93397739242931,0.346602260757069,0.74,386.280000000003,3.93397739242931,-6.66133814775094e-15
523,3.93375608762733,0.346624391237267,0.74,387.020000000003,3.93375608762735,1.55431223447522e-14
524,3.93353493309135,0.346646506690865,0.74,387.760000000003,3.93353493309135,1.33226762955019e-15
525,3.93331392768727,0.346668607231273,0.74,388.500000000003,3.93331392768724,-2.88657986402541e-14
526,3.93309307028946,0.346690692971054,0.74,389.240000000003,3.93309307028946,5.77315972805081e-15
527,3.93287235978099,0.346712764021901,0.74,389.980000000003,3.932872359781,1.02140518265514e-14
528,3.93265179505323,0.346734820494677,0.74,390.720000000003,3.93265179505323,-4.44089209850063e-16
529,3.9324313750059,0.34675686249941,0.74,391.460000000003,3.93243137500592,1.99840144432528e-14
530,3.93221109854716,0.346778890145284,0.74,392.200000000003,3.93221109854714,-1.73194791841524e-14
531,3.93199096459318,0.346800903540682,0.74,392.940000000003,3.93199096459318,-1.33226762955019e-15
532,3.93177097206853,0.346822902793147,0.74,393.680000000003,3.93177097206853,-3.10862446895044e-15
533,3.93155111990578,0.346844888009422,0.74,394.420000000003,3.93155111990579,1.28785870856518e-14
534,3.9313314070456,0.34686685929544,0.74,395.160000000003,3.93133140704561,7.54951656745106e-15
535,3.93111183243664,0.346888816756336,0.74,395.900000000003,3.93111183243665,4.88498130835069e-15
536,3.9308923950355,0.34691076049645,0.74,396.640000000003,3.93089239503548,-1.73194791841524e-14
537,3.93067309380655,0.346932690619345,0.74,397.380000000003,3.93067309380658,2.79776202205539e-14
538,3.93045392772223,0.346954607227777,0.74,398.120000000003,3.9304539277222,-2.44249065417534e-14
539,3.93023489576237,0.346976510423763,0.74,398.860000000003,3.93023489576239,2.35367281220533e-14
540,3.93001599691488,0.346998400308512,0.74,399.600000000003,3.93001599691487,-1.33226762955019e-15
541,3.92979723017504,0.347020276982496,0.74,400.340000000003,3.92979723017502,-2.35367281220533e-14
542,3.92957859454577,0.347042140545423,0.74,401.080000000003,3.92957859454577,-3.10862446895044e-15
543,3.9293600890376,0.34706399109624,0.74,401.820000000003,3.92936008903761,1.02140518265514e-14
544,3.92914171266847,0.347085828733153,0.74,402.560000000003,3.92914171266848,1.37667655053519e-14
545,3.92892346446374,0.347107653553626,0.74,403.300000000003,3.92892346446373,-1.33226762955019e-15
546,3.92870534345607,0.347129465654393,0.74,404.040000000003,3.92870534345608,9.32587340685131e-15
547,3.92848734868554,0.347151265131446,0.74,404.780000000003,3.92848734868553,-2.22044604925031e-15
548,3.92826947919932,0.347173052080068,0.74,405.520000000003,3.92826947919934,2.97539770599542e-14
549,3.92805173405196,0.347194826594804,0.74,406.260000000003,3.92805173405196,4.44089209850063e-16
550,3.92783411230496,0.347216588769504,0.74,407.000000000003,3.92783411230497,1.33226762955019e-15
551,3.92761661302703,0.347238338697297,0.74,407.740000000003,3.92761661302702,-5.77315972805081e-15
552,3.92739923529379,0.347260076470621,0.74,408.480000000003,3.92739923529382,2.97539770599542e-14
553,3.92718197818803,0.347281802181197,0.74,409.220000000003,3.92718197818803,2.22044604925031e-15
554,3.92696484079926,0.347303515920074,0.74,409.960000000003,3.92696484079925,-7.54951656745106e-15
555,3.92674782222392,0.347325217777608,0.74,410.700000000003,3.92674782222393,1.73194791841524e-14
556,3.92653092156536,0.347346907843464,0.74,411.440000000003,3.92653092156537,8.43769498715119e-15
557,3.92631413793362,0.347368586206638,0.74,412.180000000003,3.9263141379336,-1.99840144432528e-14
558,3.9260974704454,0.34739025295546,0.74,412.920000000003,3.92609747044539,-9.32587340685131e-15
559,3.92588091822418,0.347411908177582,0.74,413.660000000003,3.92588091822418,-3.99680288865056e-15
560,3.9256644804,0.34743355196,0.74,414.400000000003,3.92566448040001,3.99680288865056e-15
561,3.9254481561095,0.34745518438905,0.74,415.140000000003,3.92544815610949,-9.32587340685131e-15
562,3.92523194449575,0.347476805550425,0.74,415.880000000003,3.92523194449575,4.44089209850063e-16
563,3.92501584470838,0.347498415529162,0.74,416.620000000003,3.92501584470839,5.77315972805081e-15
564,3.92479985590342,0.347520014409658,0.74,417.360000000003,3.92479985590342,1.33226762955019e-15
565,3.92458397724323,0.347541602275677,0.74,418.100000000003,3.92458397724322,-1.46549439250521e-14
566,3.92436820789649,0.347563179210351,0.74,418.840000000003,3.92436820789649,-2.22044604925031e-15
567,3.9241525470382,0.34758474529618,0.74,419.580000000003,3.92415254703822,1.46549439250521e-14
568,3.92393699384959,0.347606300615041,0.74,420.320000000003,3.9239369938496,9.32587340685131e-15
569,3.92372154751803,0.347627845248197,0.74,421.060000000003,3.92372154751803,4.44089209850063e-16
570,3.92350620723701,0.347649379276299,0.74,421.800000000003,3.92350620723701,-4.44089209850063e-16
571,3.92329097220616,0.347670902779384,0.74,422.540000000003,3.92329097220615,-8.43769498715119e-15
572,3.92307584163109,0.347692415836891,0.74,423.280000000003,3.9230758416311,6.66133814775094e-15
573,3.92286081472349,0.347713918527651,0.74,424.020000000003,3.92286081472348,-1.11022302462516e-14
574,3.92264589070086,0.347735410929914,0.74,424.760000000003,3.92264589070089,3.15303338993544e-14
575,3.92243106878681,0.347756893121319,0.74,425.500000000003,3.92243106878683,2.26485497023532e-14
576,3.92221634821064,0.347778365178936,0.74,426.240000000003,3.92221634821064,-4.44089209850063e-16
577,3.9220017282075,0.34779982717925,0.74,426.980000000003,3.92200172820749,-1.19904086659517e-14
578,3.92178720801834,0.347821279198166,0.74,427.720000000003,3.92178720801833,-1.28785870856518e-14
579,3.92157278688984,0.347842721311016,0.74,428.460000000003,3.92157278688982,-1.64313007644523e-14
580,3.9213584640743,0.34786415359257,0.74,429.200000000003,3.92135846407432,2.26485497023532e-14
581,3.92114423882987,0.347885576117013,0.74,429.940000000003,3.92114423882983,-3.41948691584548e-14
582,3.92093011041996,0.347906988958004,0.74,430.680000000003,3.92093011041995,-1.37667655053519e-14
583,3.9207160781138,0.34792839218862,0.74,431.420000000003,3.92071607811382,1.90958360235527e-14
584,3.92050214118612,0.347949785881388,0.74,432.160000000003,3.92050214118612,-2.22044604925031e-15
585,3.920288298917,0.3479711701083,0.74,432.900000000003,3.92028829891699,-9.32587340685131e-15
586,3.92007455059198,0.347992544940802,0.74,433.640000000003,3.92007455059202,3.95239396766556e-14
587,3.91986089550215,0.348013910449785,0.74,434.380000000003,3.91986089550216,5.77315972805081e-15
588,3.91964733294375,0.348035266705625,0.74,435.120000000003,3.91964733294374,-1.02140518265514e-14
589,3.91943386221837,0.348056613778163,0.74,435.860000000003,3.9194338622184,2.62012633811537e-14
590,3.91922048263302,0.348077951736698,0.74,436.600000000003,3.91922048263302,-3.99680288865056e-15
591,3.91900719349974,0.348099280650026,0.74,437.340000000003,3.91900719349974,4.88498130835069e-15
592,3.91879399413591,0.348120600586409,0.74,438.080000000003,3.91879399413589,-1.90958360235527e-14
593,3.91858088386394,0.348141911613606,0.74,438.820000000003,3.91858088386394,4.44089209850063e-16
594,3.91836786201148,0.348163213798852,0.74,439.560000000003,3.91836786201148,-3.99680288865056e-15
595,3.91815492791116,0.348184507208884,0.74,440.300000000003,3.91815492791116,-4.44089209850063e-16
596,3.91794208090067,0.348205791909933,0.74,441.040000000003,3.9179420809007,2.26485497023532e-14
597,3.91772932032279,0.348227067967721,0.74,441.780000000003,3.91772932032278,-1.64313007644523e-14
598,3.91751664552507,0.348248335447493,0.74,442.520000000003,3.91751664552506,-8.43769498715119e-15
599,3.91730405586014,0.348269594413986,0.74,443.260000000003,3.91730405586013,-1.11022302462516e-14
600,3.91709155068546,0.348290844931454,0.74,444.000000000003,3.91709155068545,-2.22044604925031e-15
601,3.91687912936337,0.348312087063663,0.74,444.740000000003,3.91687912936334,-2.35367281220533e-14
602,3.91666679126092,0.348333320873908,0.74,445.480000000003,3.91666679126093,4.88498130835069e-15
603,3.91645453575012,0.348354546424988,0.74,446.220000000003,3.91645453575011,-4.88498130835069e-15
604,3.91624236220756,0.348375763779245,0.74,446.960000000004,3.91624236220755,-7.54951656745106e-15
605,3.91603027001457,0.348396972998543,0.74,447.700000000004,3.91603027001457,1.33226762955019e-15
606,3.91581825855721,0.348418174144279,0.74,448.440000000004,3.91581825855721,4.88498130835069e-15
607,3.91560632722613,0.348439367277387,0.74,449.180000000004,3.91560632722612,-1.11022302462516e-14
608,3.91539447541652,0.348460552458348,0.74,449.920000000004,3.91539447541654,1.64313007644523e-14
609,3.91518270252828,0.348481729747172,0.74,450.660000000004,3.91518270252828,-1.33226762955019e-15
610,3.9149710079657,0.34850289920343,0.74,451.400000000004,3.9149710079657,-3.99680288865056e-15
611,3.91475939113766,0.348524060886234,0.74,452.140000000004,3.91475939113763,-3.50830475781549e-14
612,3.91454785145734,0.348545214854266,0.74,452.880000000004,3.91454785145737,2.70894418008538e-14
613,3.91433638834266,0.348566361165734,0.74,453.620000000004,3.91433638834265,-1.28785870856518e-14
614,3.91412500121561,0.348587499878439,0.74,454.360000000004,3.91412500121559,-2.08721928629529e-14
615,3.91391368950269,0.348608631049731,0.74,455.100000000004,3.91391368950267,-1.99840144432528e-14
616,3.91370245263471,0.348629754736529,0.74,455.840000000004,3.91370245263471,3.10862446895044e-15
617,3.91349129004684,0.348650870995316,0.74,456.580000000004,3.91349129004681,-2.08721928629529e-14
618,3.91328020117831,0.348671979882169,0.74,457.320000000004,3.91328020117835,3.86357612569554e-14
619,3.91306918547295,0.348693081452705,0.74,458.060000000004,3.91306918547292,-3.33066907387547e-14
620,3.91285824237832,0.348714175762168,0.74,458.800000000004,3.91285824237832,-2.22044604925031e-15
621,3.91264737134654,0.348735262865346,0.74,459.540000000004,3.91264737134652,-1.64313007644523e-14
622,3.91243657183364,0.348756342816636,0.74,460.280000000004,3.91243657183363,-1.02140518265514e-14
623,3.91222584329986,0.348777415670014,0.74,461.020000000004,3.91222584329985,-1.90958360235527e-14
624,3.91201518520944,0.348798481479056,0.74,461.760000000004,3.91201518520946,1.64313007644523e-14
625,3.91180459703077,0.348819540296923,0.74,462.500000000004,3.91180459703078,1.73194791841524e-14
626,3.91159407823619,0.348840592176381,0.74,463.240000000004,3.91159407823617,-2.53130849614536e-14
627,3.91138362830191,0.348861637169809,0.74,463.980000000004,3.91138362830192,1.64313007644523e-14
628,3.9111732467083,0.34888267532917,0.74,464.720000000004,3.91117324670832,1.90958360235527e-14
629,3.91096293293955,0.348903706706045,0.74,465.460000000004,3.91096293293956,1.33226762955019e-15
630,3.9107526864837,0.34892473135163,0.74,466.200000000004,3.91075268648371,8.43769498715119e-15
631,3.91054250683277,0.348945749316723,0.74,466.940000000004,3.91054250683274,-2.70894418008538e-14
632,3.91033239348243,0.348966760651757,0.74,467.680000000004,3.91033239348242,-1.02140518265514e-14
633,3.91012234593236,0.348987765406764,0.74,468.420000000004,3.91012234593235,-1.55431223447522e-14
634,3.90991236368589,0.349008763631411,0.74,469.160000000004,3.90991236368588,-8.43769498715119e-15
635,3.90970244625015,0.349029755374985,0.74,469.900000000004,3.90970244625013,-1.82076576038526e-14
636,3.90949259313598,0.349050740686402,0.74,470.640000000004,3.90949259313594,-4.39648317751562e-14
637,3.90928280385782,0.349071719614218,0.74,471.380000000004,3.90928280385781,-6.66133814775094e-15
638,3.90907307793398,0.349092692206602,0.74,472.120000000004,3.90907307793395,-2.79776202205539e-14
639,3.90886341488618,0.349113658511382,0.74,472.860000000004,3.90886341488618,-4.88498130835069e-15
640,3.9086538142399,0.34913461857601,0.74,473.600000000004,3.90865381423992,2.44249065417534e-14
641,3.9084442755242,0.34915557244758,0.74,474.340000000004,3.9084442755242,-5.77315972805081e-15
642,3.90823479827159,0.349176520172841,0.74,475.080000000004,3.90823479827157,-2.26485497023532e-14
643,3.90802538201811,0.349197461798189,0.74,475.820000000004,3.90802538201814,2.79776202205539e-14
644,3.90781602630346,0.349218397369654,0.74,476.560000000004,3.9078160263035,3.06421554796543e-14
645,3.90760673067072,0.349239326932928,0.74,477.300000000004,3.90760673067071,-8.43769498715119e-15
646,3.9073974946663,0.34926025053337,0.74,478.040000000004,3.90739749466631,1.19904086659517e-14
647,3.90718831784022,0.349281168215978,0.74,478.780000000004,3.90718831784023,3.99680288865056e-15
648,3.90697919974582,0.349302080025418,0.74,479.520000000004,3.9069791997458,-1.82076576038526e-14
649,3.90677013993974,0.349322986006026,0.74,480.260000000004,3.90677013993974,2.22044604925031e-15
650,3.9065611379821,0.34934388620179,0.74,481.000000000004,3.9065611379821,3.10862446895044e-15
651,3.90635219343625,0.349364780656375,0.74,481.740000000004,3.90635219343625,4.44089209850063e-16
652,3.90614330586888,0.349385669413112,0.74,482.480000000004,3.90614330586886,-2.08721928629529e-14
653,3.90593447484989,0.349406552515011,0.74,483.220000000004,3.90593447484987,-1.64313007644523e-14
654,3.90572569995248,0.349427430004752,0.74,483.960000000004,3.90572569995246,-2.17603712826531e-14
655,3.90551698075308,0.349448301924692,0.74,484.700000000004,3.90551698075304,-3.50830475781549e-14
656,3.90530831683122,0.349469168316878,0.74,485.440000000004,3.90530831683121,-1.28785870856518e-14
657,3.90509970776975,0.349490029223025,0.74,486.180000000004,3.90509970776974,-6.66133814775094e-15
658,3.90489115315455,0.349510884684545,0.74,486.920000000004,3.90489115315456,1.02140518265514e-14
659,3.90468265257468,0.349531734742532,0.74,487.660000000004,3.90468265257471,3.41948691584548e-14
660,3.90447420562236,0.349552579437764,0.74,488.400000000004,3.90447420562234,-1.90958360235527e-14
661,3.90426581189271,0.349573418810729,0.74,489.140000000004,3.90426581189268,-2.88657986402541e-14
662,3.90405747098401,0.349594252901599,0.74,489.880000000004,3.90405747098401,-1.33226762955019e-15
663,3.90384918249765,0.349615081750235,0.74,490.620000000004,3.90384918249764,-1.02140518265514e-14
664,3.90364094603791,0.349635905396209,0.74,491.360000000004,3.90364094603789,-1.73194791841524e-14
665,3.90343276121209,0.349656723878791,0.74,492.100000000004,3.90343276121207,-1.46549439250521e-14
666,3.90322462763046,0.349677537236953,0.74,492.840000000004,3.90322462763045,-1.28785870856518e-14
667,3.90301654490625,0.349698345509375,0.74,493.580000000004,3.90301654490624,-8.43769498715119e-15
668,3.90280851265558,0.349719148734442,0.74,494.320000000004,3.90280851265557,-1.02140518265514e-14
669,3.90260053049747,0.349739946950253,0.74,495.060000000004,3.90260053049747,4.88498130835069e-15
670,3.90239259805384,0.349760740194616,0.74,495.800000000004,3.90239259805384,-4.44089209850063e-16
671,3.90218471494941,0.349781528505059,0.74,496.540000000004,3.90218471494943,1.37667655053519e-14
672,3.90197688081184,0.349802311918816,0.74,497.280000000004,3.90197688081183,-1.37667655053519e-14
673,3.90176909527142,0.349823090472858,0.74,498.020000000004,3.90176909527144,2.17603712826531e-14
674,3.90156135796144,0.349843864203856,0.74,498.760000000004,3.90156135796144,3.99680288865056e-15
675,3.9013536685178,0.34986463314822,0.74,499.500000000004,3.9013536685178,-2.22044604925031e-15
676,3.9011460265792,0.34988539734208,0.74,500.240000000004,3.9011460265792,1.33226762955019e-15
677,3.9009384317871,0.34990615682129,0.74,500.980000000004,3.90093843178708,-1.73194791841524e-14
678,3.90073088378557,0.349926911621443,0.74,501.720000000004,3.90073088378557,-2.22044604925031e-15
679,3.90052338222148,0.349947661777852,0.74,502.460000000004,3.90052338222149,9.32587340685131e-15
680,3.90031592674433,0.349968407325567,0.74,503.200000000004,3.90031592674432,-3.99680288865056e-15
681,3.90010851700617,0.349989148299383,0.74,503.940000000004,3.9001085170062,2.62012633811537e-14
682,3.89990115266187,0.350009884733813,0.74,504.680000000004,3.89990115266187,4.88498130835069e-15
683,3.8996938333687,0.35003061666313,0.74,505.420000000004,3.8996938333687,3.10862446895044e-15
684,3.89948655878663,0.350051344121337,0.74,506.160000000004,3.89948655878664,2.22044604925031e-15
685,3.89927932857816,0.350072067142184,0.74,506.900000000004,3.89927932857818,2.08721928629529e-14
686,3.89907214240841,0.350092785759159,0.74,507.640000000004,3.8990721424084,-1.90958360235527e-14
687,3.89886499994486,0.350113500005514,0.74,508.380000000004,3.89886499994487,3.10862446895044e-15
688,3.8986579008577,0.35013420991423,0.74,509.120000000004,3.89865790085768,-1.46549439250521e-14
689,3.89845084481942,0.350154915518058,0.74,509.860000000004,3.89845084481944,1.46549439250521e-14
690,3.89824383150517,0.350175616849483,0.74,510.600000000004,3.89824383150517,4.88498130835069e-15
691,3.89803686059238,0.350196313940762,0.74,511.340000000004,3.8980368605924,1.82076576038526e-14
692,3.89782993176107,0.350217006823893,0.74,512.080000000004,3.89782993176106,-4.88498130835069e-15
693,3.89762304469355,0.350237695530645,0.74,512.820000000004,3.89762304469351,-4.04121180963557e-14
694,3.89741619907448,0.350258380092552,0.74,513.560000000004,3.89741619907449,1.33226762955019e-15
695,3.89720939459116,0.350279060540884,0.74,514.300000000004,3.89720939459113,-2.44249065417534e-14
696,3.89700263093295,0.350299736906705,0.74,515.040000000004,3.89700263093294,-6.66133814775094e-15
697,3.89679590779173,0.350320409220827,0.74,515.780000000004,3.89679590779173,6.66133814775094e-15
698,3.89658922486169,0.350341077513831,0.74,516.520000000004,3.89658922486168,-5.77315972805081e-15
699,3.89638258183925,0.350361741816075,0.74,517.260000000004,3.89638258183924,-3.99680288865056e-15
700,3.89617597842317,0.350382402157683,0.74,518.000000000004,3.89617597842318,9.32587340685131e-15
701,3.89596941431452,0.350403058568548,0.74,518.740000000004,3.89596941431453,4.88498130835069e-15
702,3.89576288921657,0.350423711078343,0.74,519.480000000004,3.89576288921656,-6.66133814775094e-15
703,3.89555640283481,0.350444359716519,0.74,520.220000000004,3.89555640283482,3.99680288865056e-15
704,3.89534995487702,0.350465004512298,0.74,520.960000000004,3.89534995487704,1.73194791841524e-14
705,3.89514354505317,0.350485645494683,0.74,521.700000000004,3.89514354505317,4.44089209850063e-16
706,3.89493717307536,0.350506282692464,0.74,522.440000000004,3.89493717307537,5.77315972805081e-15
707,3.89473083865792,0.350526916134208,0.74,523.180000000004,3.89473083865794,1.46549439250521e-14
708,3.89452454151734,0.350547545848266,0.74,523.920000000004,3.89452454151734,4.44089209850063e-16
709,3.89431828137219,0.350568171862781,0.74,524.660000000004,3.8943182813722,5.77315972805081e-15
710,3.89411205794323,0.350588794205677,0.74,525.400000000004,3.89411205794324,3.99680288865056e-15
711,3.89390587095329,0.350609412904671,0.74,526.140000000004,3.89390587095329,2.22044604925031e-15
712,3.8936997201273,0.35063002798727,0.74,526.880000000004,3.8936997201273,-3.99680288865056e-15
713,3.89349360519225,0.350650639480775,0.74,527.620000000004,3.89349360519226,1.11022302462516e-14
714,3.89328752587724,0.350671247412276,0.74,528.360000000004,3.89328752587724,-2.22044604925031e-15
715,3.89308148191338,0.350691851808662,0.74,529.100000000004,3.89308148191335,-3.59712259978551e-14
716,3.89287547303371,0.350712452696629,0.74,529.840000000004,3.89287547303373,1.46549439250521e-14
717,3.8926694989735,0.35073305010265,0.74,530.580000000004,3.89266949897353,2.17603712826531e-14
718,3.89246355946989,0.350753644053011,0.74,531.320000000004,3.8924635594699,6.66133814775094e-15
719,3.89225765426195,0.350774234573805,0.74,532.060000000004,3.89225765426197,1.64313007644523e-14
720,3.89205178309086,0.350794821690914,0.74,532.800000000005,3.89205178309085,-1.37667655053519e-14
721,3.89184594569963,0.350815405430037,0.74,533.540000000005,3.89184594569959,-3.68594044175552e-14
722,3.89164014183316,0.350835985816684,0.74,534.280000000005,3.89164014183319,2.53130849614536e-14
723,3.89143437123857,0.350856562876143,0.74,535.020000000005,3.89143437123856,-1.28785870856518e-14
724,3.89122863366455,0.350877136633545,0.74,535.760000000005,3.89122863366454,-1.82076576038526e-14
725,3.89102292886184,0.350897707113816,0.74,536.500000000005,3.89102292886183,-9.32587340685131e-15
726,3.89081725658306,0.350918274341694,0.74,537.240000000005,3.89081725658306,-1.33226762955019e-15
727,3.8906116165827,0.35093883834173,0.74,537.980000000005,3.89061161658268,-1.82076576038526e-14
728,3.89040600861702,0.350959399138298,0.74,538.720000000005,3.89040600861703,1.02140518265514e-14
729,3.89020043244426,0.350979956755574,0.74,539.460000000005,3.89020043244426,-2.22044604925031e-15
730,3.88999488782437,0.351000511217563,0.74,540.200000000005,3.88999488782435,-1.90958360235527e-14
731,3.88978937451915,0.351021062548085,0.74,540.940000000005,3.88978937451911,-4.21884749357559e-14
732,3.88958389229214,0.351041610770786,0.74,541.680000000005,3.88958389229213,-6.66133814775094e-15
733,3.88937844090879,0.351062155909121,0.74,542.420000000005,3.88937844090878,-1.33226762955019e-15
734,3.88917302013621,0.351082697986379,0.74,543.160000000005,3.88917302013622,1.11022302462516e-14
735,3.88896762974332,0.351103237025668,0.74,543.900000000005,3.88896762974335,2.97539770599542e-14
736,3.88876226950083,0.351123773049917,0.74,544.640000000005,3.88876226950081,-1.82076576038526e-14
737,3.88855693918103,0.351144306081897,0.74,545.380000000005,3.88855693918099,-3.95239396766556e-14
738,3.88835163855796,0.351164836144204,0.74,546.120000000005,3.88835163855798,1.19904086659517e-14
739,3.88814636740756,0.351185363259244,0.74,546.860000000005,3.88814636740757,1.64313007644523e-14
740,3.8879411255073,0.35120588744927,0.74,547.600000000005,3.88794112550727,-2.26485497023532e-14
741,3.88773591263623,0.351226408736377,0.74,548.340000000005,3.88773591263625,1.55431223447522e-14
742,3.88753072857534,0.351246927142466,0.74,549.080000000005,3.88753072857533,-1.46549439250521e-14
743,3.88732557310701,0.351267442689299,0.74,549.820000000005,3.88732557310701,-4.44089209850063e-16
744,3.88712044601542,0.351287955398458,0.74,550.560000000005,3.88712044601541,-2.22044604925031e-15
745,3.8869153470863,0.35130846529137,0.74,551.300000000005,3.88691534708631,7.54951656745106e-15
746,3.8867102761071,0.35132897238929,0.74,552.040000000005,3.88671027610707,-2.62012633811537e-14
747,3.88650523286665,0.351349476713335,0.74,552.780000000005,3.88650523286667,1.82076576038526e-14
748,3.88630021715571,0.351369978284429,0.74,553.520000000005,3.88630021715569,-1.73194791841524e-14
749,3.88609522876627,0.351390477123373,0.74,554.260000000005,3.88609522876627,9.32587340685131e-15
750,3.88589026749213,0.351410973250787,0.74,555.000000000005,3.88589026749215,1.64313007644523e-14
751,3.88568533312858,0.351431466687142,0.74,555.740000000005,3.88568533312858,1.33226762955019e-15
752,3.88548042547239,0.351451957452761,0.74,556.480000000005,3.88548042547239,-1.33226762955019e-15
753,3.88527554432196,0.351472445567804,0.74,557.220000000005,3.88527554432194,-1.37667655053519e-14
754,3.88507068947709,0.351492931052291,0.74,557.960000000005,3.8850706894771,1.28785870856518e-14
755,3.88486586073927,0.351513413926073,0.74,558.700000000005,3.88486586073925,-1.37667655053519e-14
756,3.8846610579113,0.35153389420887,0.74,559.440000000005,3.88466105791128,-1.99840144432528e-14
757,3.88445628079754,0.351554371920246,0.74,560.180000000005,3.88445628079755,1.73194791841524e-14
758,3.88425152920391,0.351574847079609,0.74,560.920000000005,3.88425152920391,6.66133814775094e-15
759,3.88404680293772,0.351595319706228,0.74,561.660000000005,3.88404680293768,-4.21884749357559e-14
760,3.8838421018076,0.35161578981924,0.74,562.400000000005,3.8838421018076,-3.99680288865056e-15
761,3.88363742562387,0.351636257437613,0.74,563.140000000005,3.88363742562389,1.37667655053519e-14
762,3.88343277419818,0.351656722580182,0.74,563.880000000005,3.88343277419818,4.44089209850063e-16
763,3.88322814734354,0.351677185265646,0.74,564.620000000005,3.88322814734354,-1.33226762955019e-15
764,3.88302354487442,0.351697645512558,0.74,565.360000000005,3.88302354487444,1.64313007644523e-14
765,3.88281896660675,0.351718103339325,0.74,566.100000000005,3.88281896660673,-2.26485497023532e-14
766,3.88261441235767,0.351738558764233,0.74,566.840000000005,3.88261441235768,7.54951656745106e-15
767,3.8824098819459,0.35175901180541,0.74,567.580000000005,3.88240988194592,1.37667655053519e-14
768,3.88220537519146,0.351779462480854,0.74,568.320000000005,3.88220537519145,-6.66133814775094e-15
769,3.88200089191565,0.351799910808435,0.74,569.060000000005,3.88200089191565,-3.99680288865056e-15
770,3.88179643194121,0.351820356805879,0.74,569.800000000005,3.88179643194121,-3.10862446895044e-15
771,3.88159199509218,0.351840800490782,0.74,570.540000000005,3.88159199509218,-4.44089209850063e-16
772,3.88138758119396,0.351861241880604,0.74,571.280000000005,3.88138758119394,-2.70894418008538e-14
773,3.88118319007319,0.351881680992681,0.74,572.020000000005,3.88118319007317,-2.08721928629529e-14
774,3.88097882155787,0.351902117844212,0.74,572.760000000005,3.88097882155787,-3.99680288865056e-15
775,3.88077447547738,0.351922552452262,0.74,573.500000000005,3.88077447547734,-4.04121180963557e-14
776,3.88057015166214,0.351942984833786,0.74,574.240000000005,3.88057015166216,1.99840144432528e-14
777,3.88036584994418,0.351963415005582,0.74,574.980000000005,3.88036584994419,7.54951656745106e-15
778,3.88016157015659,0.351983842984341,0.74,575.720000000005,3.88016157015656,-2.79776202205539e-14
779,3.87995731213366,0.352004268786634,0.74,576.460000000005,3.87995731213365,-2.22044604925031e-15
780,3.87975307571111,0.352024692428889,0.74,577.200000000005,3.87975307571111,1.33226762955019e-15
781,3.87954886072581,0.352045113927419,0.74,577.940000000005,3.8795488607258,-4.88498130835069e-15
782,3.87934466701583,0.352065533298417,0.74,578.680000000005,3.87934466701583,5.77315972805081e-15
783,3.87914049442057,0.352085950557943,0.74,579.420000000005,3.87914049442054,-2.97539770599542e-14
784,3.87893634278043,0.352106365721957,0.74,580.160000000005,3.87893634278045,1.64313007644523e-14
785,3.87873221193729,0.352126778806271,0.74,580.900000000005,3.87873221193732,2.53130849614536e-14
786,3.87852810173408,0.352147189826592,0.74,581.640000000005,3.87852810173406,-1.19904086659517e-14
787,3.87832401201484,0.352167598798516,0.74,582.380000000005,3.87832401201482,-2.62012633811537e-14
788,3.87811994262486,0.352188005737514,0.74,583.120000000005,3.87811994262487,6.66133814775094e-15
789,3.87791589341069,0.352208410658931,0.74,583.860000000005,3.87791589341068,-3.10862446895044e-15
790,3.87771186421989,0.352228813578011,0.74,584.600000000005,3.87771186421988,-1.02140518265514e-14
791,3.87750785490124,0.352249214509876,0.74,585.340000000005,3.87750785490123,-1.28785870856518e-14
792,3.87730386530464,0.352269613469536,0.74,586.080000000005,3.87730386530463,-8.43769498715119e-15
793,3.87709989528113,0.352290010471887,0.74,586.820000000005,3.87709989528114,3.99680288865056e-15
794,3.8768959446829,0.35231040553171,0.74,587.560000000005,3.87689594468291,8.43769498715119e-15
795,3.87669201336323,0.352330798663677,0.74,588.300000000005,3.87669201336322,-1.33226762955019e-15
796,3.87648810117648,0.352351189882352,0.74,589.040000000005,3.87648810117647,-6.66133814775094e-15
797,3.87628420797816,0.352371579202184,0.74,589.780000000005,3.87628420797813,-2.97539770599542e-14
798,3.8760803336248,0.35239196663752,0.74,590.520000000005,3.87608033362478,-2.26485497023532e-14
799,3.87587647797406,0.352412352202594,0.74,591.260000000005,3.87587647797407,4.88498130835069e-15
800,3.87567264088472,0.352432735911528,0.74,592.000000000005,3.87567264088473,9.32587340685131e-15
801,3.87546882221653,0.352453117778347,0.74,592.740000000005,3.87546882221655,1.64313007644523e-14
802,3.87526502183042,0.352473497816958,0.74,593.480000000005,3.87526502183039,-2.70894418008538e-14
803,3.87506123958815,0.352493876041185,0.74,594.220000000005,3.87506123958814,-6.66133814775094e-15
804,3.87485747535274,0.352514252464726,0.74,594.960000000005,3.87485747535275,1.19904086659517e-14
805,3.87465372898819,0.352534627101181,0.74,595.700000000005,3.87465372898819,4.44089209850063e-16
806,3.87445000035945,0.352554999964055,0.74,596.440000000005,3.87445000035947,2.08721928629529e-14
807,3.87424628933258,0.352575371066742,0.74,597.180000000005,3.87424628933259,1.28785870856518e-14
808,3.87404259577457,0.352595740422543,0.74,597.920000000005,3.87404259577459,1.99840144432528e-14
809,3.87383891955349,0.352616108044651,0.74,598.660000000005,3.8738389195535,3.99680288865056e-15
810,3.87363526053835,0.352636473946165,0.74,599.400000000005,3.87363526053834,-1.19904086659517e-14
811,3.87343161859911,0.352656838140089,0.74,600.140000000005,3.87343161859913,1.46549439250521e-14
812,3.87322799360686,0.352677200639314,0.74,600.880000000005,3.87322799360686,-1.33226762955019e-15
813,3.8730243854335,0.35269756145665,0.74,601.620000000005,3.8730243854335,-4.44089209850063e-16
814,3.87282079395195,0.352717920604806,0.74,602.360000000005,3.87282079395197,2.53130849614536e-14
815,3.87261721903616,0.352738278096384,0.74,603.100000000005,3.87261721903617,1.37667655053519e-14
816,3.87241366056097,0.352758633943903,0.74,603.840000000005,3.87241366056094,-2.62012633811537e-14
817,3.87221011840205,0.352778988159795,0.74,604.580000000005,3.87221011840206,3.99680288865056e-15
818,3.87200659243624,0.352799340756376,0.74,605.320000000005,3.87200659243624,5.77315972805081e-15
819,3.87180308254116,0.352819691745884,0.74,606.060000000005,3.87180308254114,-1.82076576038526e-14
820,3.87159958859536,0.352840041140464,0.74,606.800000000005,3.87159958859534,-2.26485497023532e-14
821,3.87139611047832,0.352860388952168,0.74,607.540000000005,3.8713961104783,-1.19904086659517e-14
822,3.87119264807046,0.352880735192954,0.74,608.280000000005,3.87119264807044,-2.17603712826531e-14
823,3.87098920125302,0.352901079874698,0.74,609.020000000005,3.87098920125304,1.99840144432528e-14
824,3.87078576990828,0.352921423009172,0.74,609.760000000005,3.87078576990831,2.53130849614536e-14
825,3.8705823539193,0.35294176460807,0.74,610.500000000005,3.87058235391931,2.22044604925031e-15
826,3.87037895316999,0.352962104683001,0.74,611.240000000005,3.87037895317,1.11022302462516e-14
827,3.87017556754523,0.352982443245477,0.74,611.980000000005,3.87017556754523,-3.10862446895044e-15
828,3.86997219693069,0.353002780306931,0.74,612.720000000005,3.86997219693069,4.44089209850063e-16
829,3.86976884121293,0.353023115878707,0.74,613.460000000005,3.86976884121295,2.08721928629529e-14
830,3.86956550027944,0.353043449972056,0.74,614.200000000006,3.86956550027943,-3.99680288865056e-15
831,3.86936217401839,0.353063782598161,0.74,614.940000000006,3.8693621740184,6.66133814775094e-15
832,3.86915886231895,0.353084113768105,0.74,615.680000000006,3.86915886231896,4.88498130835069e-15
833,3.86895556507105,0.353104443492895,0.74,616.420000000006,3.86895556507106,1.55431223447522e-14
834,3.86875228216547,0.353124771783453,0.74,617.160000000006,3.86875228216548,8.43769498715119e-15
835,3.86854901349383,0.353145098650617,0.74,617.900000000006,3.86854901349381,-1.99840144432528e-14
836,3.86834575894844,0.353165424105156,0.74,618.640000000006,3.86834575894847,3.77475828372553e-14
837,3.86814251842267,0.353185748157733,0.74,619.380000000006,3.86814251842269,1.55431223447522e-14
838,3.86793929181047,0.353206070818953,0.74,620.120000000006,3.86793929181049,1.37667655053519e-14
839,3.86773607900668,0.353226392099332,0.74,620.860000000006,3.8677360790067,1.99840144432528e-14
840,3.86753287990695,0.353246712009305,0.74,621.600000000006,3.86753287990694,-7.54951656745106e-15
841,3.86732969440763,0.353267030559237,0.74,622.340000000006,3.86732969440762,-8.43769498715119e-15
842,3.86712652240593,0.353287347759407,0.74,623.080000000006,3.86712652240593,4.88498130835069e-15
843,3.86692336379983,0.353307663620017,0.74,623.820000000006,3.86692336379983,3.10862446895044e-15
844,3.86672021848804,0.353327978151196,0.74,624.560000000006,3.86672021848805,1.11022302462516e-14
845,3.86651708637007,0.353348291362993,0.74,625.300000000006,3.86651708637009,2.17603712826531e-14
846,3.8663139673462,0.35336860326538,0.74,626.040000000006,3.86631396734619,-9.32587340685131e-15
847,3.86611086131737,0.353388913868263,0.74,626.780000000006,3.86611086131736,-3.10862446895044e-15
848,3.86590776818534,0.353409223181466,0.74,627.520000000006,3.86590776818535,1.55431223447522e-14
849,3.86570468785263,0.353429531214737,0.74,628.260000000006,3.86570468785265,2.17603712826531e-14
850,3.86550162022249,0.353449837977751,0.74,629.000000000006,3.86550162022247,-1.55431223447522e-14
851,3.8652985651988,0.35347014348012,0.74,629.740000000006,3.86529856519878,-2.08721928629529e-14
852,3.86509552268623,0.353490447731377,0.74,630.480000000006,3.86509552268624,7.54951656745106e-15
853,3.86489249259026,0.353510750740974,0.74,631.220000000006,3.86489249259025,-5.77315972805081e-15
854,3.86468947481694,0.353531052518306,0.74,631.960000000006,3.86468947481692,-2.26485497023532e-14
855,3.86448646927303,0.353551353072697,0.74,632.700000000006,3.86448646927306,2.35367281220533e-14
856,3.86428347586619,0.353571652413381,0.74,633.440000000006,3.86428347586618,-1.19904086659517e-14
857,3.86408049450452,0.353591950549548,0.74,634.180000000006,3.86408049450449,-2.97539770599542e-14
858,3.86387752509688,0.353612247490312,0.74,634.920000000006,3.8638775250969,2.17603712826531e-14
859,3.86367456755303,0.353632543244697,0.74,635.660000000006,3.863674567553,-3.06421554796543e-14
860,3.86347162178305,0.353652837821695,0.74,636.400000000006,3.86347162178306,1.02140518265514e-14
861,3.863268687698,0.3536731312302,0.74,637.140000000006,3.86326868769802,1.99840144432528e-14
862,3.86306576520948,0.353693423479052,0.74,637.880000000006,3.86306576520949,5.77315972805081e-15
863,3.86286285422977,0.353713714577022,0.74,638.620000000006,3.86286285422976,-1.28785870856518e-14
864,3.86265995467178,0.353734004532822,0.74,639.360000000006,3.86265995467177,-1.02140518265514e-14
865,3.86245706644914,0.353754293355086,0.74,640.100000000006,3.86245706644912,-1.64313007644523e-14
866,3.86225418947606,0.353774581052394,0.74,640.840000000006,3.86225418947605,-6.66133814775094e-15
867,3.86205132366746,0.353794867633254,0.74,641.580000000006,3.86205132366747,7.54951656745106e-15
868,3.86184846893889,0.353815153106111,0.74,642.320000000006,3.86184846893889,4.44089209850063e-16
869,3.86164562520651,0.353835437479349,0.74,643.060000000006,3.86164562520649,-1.55431223447522e-14
870,3.86144279238709,0.353855720761291,0.74,643.800000000006,3.86144279238708,-1.90958360235527e-14
871,3.86123997039806,0.353876002960194,0.74,644.540000000006,3.86123997039807,8.43769498715119e-15
872,3.86103715915752,0.353896284084248,0.74,645.280000000006,3.86103715915752,4.44089209850063e-16
873,3.86083435858413,0.353916564141587,0.74,646.020000000006,3.86083435858409,-3.77475828372553e-14
874,3.86063156859706,0.353936843140294,0.74,646.760000000006,3.86063156859706,5.77315972805081e-15
875,3.86042878911633,0.353957121088367,0.74,647.500000000006,3.86042878911632,-7.54951656745106e-15
876,3.86022602006236,0.353977397993764,0.74,648.240000000006,3.86022602006235,-8.43769498715119e-15
877,3.86002326135622,0.353997673864378,0.74,648.980000000006,3.86002326135623,1.55431223447522e-14
878,3.85982051291967,0.354017948708033,0.74,649.720000000006,3.85982051291966,-9.32587340685131e-15
879,3.85961777467489,0.354038222532511,0.74,650.460000000006,3.85961777467489,3.99680288865056e-15
880,3.8594150465448,0.35405849534552,0.74,651.200000000006,3.85941504654478,-1.19904086659517e-14
881,3.85921232845277,0.354078767154723,0.74,651.940000000006,3.85921232845278,4.88498130835069e-15
882,3.85900962032287,0.354099037967713,0.74,652.680000000006,3.85900962032287,6.66133814775094e-15
883,3.85880692207968,0.354119307792032,0.74,653.420000000006,3.85880692207966,-2.26485497023532e-14
884,3.85860423364829,0.354139576635171,0.74,654.160000000006,3.85860423364828,-1.28785870856518e-14
885,3.85840155495447,0.354159844504553,0.74,654.900000000006,3.85840155495445,-1.46549439250521e-14
886,3.85819888592442,0.354180111407558,0.74,655.640000000006,3.85819888592445,2.62012633811537e-14
887,3.85799622648508,0.354200377351492,0.74,656.380000000006,3.85799622648509,9.32587340685131e-15
888,3.85779357656375,0.354220642343625,0.74,657.120000000006,3.85779357656376,1.11022302462516e-14
889,3.85759093608834,0.354240906391166,0.74,657.860000000006,3.85759093608838,3.24185123190546e-14
890,3.85738830498741,0.354261169501259,0.74,658.600000000006,3.8573883049874,-8.43769498715119e-15
891,3.85718568318984,0.354281431681016,0.74,659.340000000006,3.85718568318984,4.44089209850063e-16
892,3.85698307062523,0.354301692937477,0.74,660.080000000006,3.85698307062523,-4.88498130835069e-15
893,3.85678046722362,0.354321953277638,0.74,660.820000000006,3.85678046722363,1.73194791841524e-14
894,3.85657787291566,0.354342212708434,0.74,661.560000000006,3.85657787291564,-1.99840144432528e-14
895,3.8563752876324,0.35436247123676,0.74,662.300000000006,3.85637528763238,-2.79776202205539e-14
896,3.85617271130545,0.354382728869455,0.74,663.040000000006,3.85617271130546,1.28785870856518e-14
897,3.85597014386707,0.354402985613293,0.74,663.780000000006,3.85597014386704,-2.62012633811537e-14
898,3.85576758524979,0.354423241475021,0.74,664.520000000006,3.85576758524978,-1.46549439250521e-14
899,3.8555650353868,0.35444349646132,0.74,665.260000000006,3.85556503538683,2.70894418008538e-14
900,3.85536249421185,0.354463750578815,0.74,666.000000000006,3.85536249421186,1.37667655053519e-14
901,3.85515996165901,0.354484003834099,0.74,666.740000000006,3.85515996165903,1.99840144432528e-14
902,3.85495743766299,0.354504256233701,0.74,667.480000000006,3.854957437663,1.28785870856518e-14
903,3.85475492215892,0.354524507784108,0.74,668.220000000006,3.85475492215892,4.44089209850063e-16
904,3.85455241508242,0.354544758491758,0.74,668.960000000006,3.85455241508242,-5.77315972805081e-15
905,3.85434991636961,0.354565008363039,0.74,669.700000000006,3.85434991636962,4.88498130835069e-15
906,3.85414742595711,0.354585257404289,0.74,670.440000000006,3.85414742595712,1.19904086659517e-14
907,3.85394494378201,0.354605505621799,0.74,671.180000000006,3.853944943782,-1.28785870856518e-14
908,3.85374246978179,0.354625753021821,0.74,671.920000000006,3.8537424697818,6.66133814775094e-15
909,3.85354000389452,0.354645999610548,0.74,672.660000000006,3.85354000389454,1.90958360235527e-14
910,3.85333754605873,0.354666245394127,0.74,673.400000000006,3.85333754605871,-1.90958360235527e-14
911,3.85313509621324,0.354686490378676,0.74,674.140000000006,3.85313509621324,2.22044604925031e-15
912,3.85293265429755,0.354706734570245,0.74,674.880000000006,3.85293265429754,-3.99680288865056e-15
913,3.85273022025146,0.354726977974854,0.74,675.620000000006,3.85273022025147,1.55431223447522e-14
914,3.85252779401534,0.354747220598466,0.74,676.360000000006,3.85252779401535,1.33226762955019e-15
915,3.85232537552992,0.354767462447008,0.74,677.100000000006,3.85232537552991,-3.10862446895044e-15
916,3.85212296473637,0.354787703526363,0.74,677.840000000006,3.85212296473638,9.32587340685131e-15
917,3.85192056157641,0.354807943842359,0.74,678.580000000006,3.85192056157638,-2.22044604925031e-14
918,3.851718165992,0.3548281834008,0.74,679.320000000006,3.85171816599202,1.82076576038526e-14
919,3.85151577792575,0.354848422207425,0.74,680.060000000006,3.85151577792579,3.15303338993544e-14
920,3.85131339732064,0.354868660267936,0.74,680.800000000006,3.85131339732065,7.105427357601e-15
921,3.85111102411994,0.354888897588006,0.74,681.540000000006,3.85111102411997,2.44249065417534e-14
922,3.85090865826757,0.354909134173243,0.74,682.280000000006,3.85090865826756,-1.4210854715202e-14
923,3.85070629970764,0.354929370029236,0.74,683.020000000006,3.85070629970763,-7.99360577730113e-15
924,3.85050394838484,0.354949605161516,0.74,683.760000000006,3.85050394838483,-7.105427357601e-15
925,3.85030160424424,0.354969839575576,0.74,684.500000000006,3.85030160424422,-1.73194791841524e-14
926,3.85009926723126,0.354990073276874,0.74,685.240000000006,3.85009926723126,-4.44089209850063e-16
927,3.84989693729182,0.355010306270818,0.74,685.980000000006,3.84989693729182,6.66133814775094e-15
928,3.84969461437223,0.355030538562777,0.74,686.720000000006,3.8496946143722,-2.39808173319034e-14
929,3.84949229841908,0.355050770158092,0.74,687.460000000006,3.84949229841908,-2.22044604925031e-15
930,3.84928998937951,0.355071001062049,0.74,688.200000000006,3.84928998937954,2.1316282072803e-14
931,3.84908768720103,0.355091231279897,0.74,688.940000000006,3.84908768720106,2.30926389122033e-14
932,3.84888539183152,0.355111460816848,0.74,689.680000000006,3.84888539183152,5.32907051820075e-15
933,3.8486831032192,0.35513168967808,0.74,690.420000000006,3.84868310321919,-1.06581410364015e-14
934,3.84848082131271,0.355151917868729,0.74,691.160000000006,3.84848082131272,1.59872115546023e-14
935,3.84827854606112,0.355172145393888,0.74,691.900000000006,3.84827854606115,2.66453525910038e-14
936,3.8480762774139,0.35519237225861,0.74,692.640000000006,3.8480762774139,4.88498130835069e-15
937,3.84787401532077,0.355212598467923,0.74,693.380000000006,3.84787401532077,-4.44089209850063e-16
938,3.84767175973195,0.355232824026805,0.74,694.120000000006,3.84767175973193,-1.86517468137026e-14
939,3.84746951059793,0.355253048940207,0.74,694.860000000006,3.84746951059794,7.99360577730113e-15
940,3.84726726786968,0.355273273213032,0.74,695.600000000007,3.84726726786971,2.70894418008538e-14
941,3.84706503149852,0.355293496850148,0.74,696.340000000007,3.84706503149853,1.24344978758018e-14
942,3.84686280143606,0.355313719856394,0.74,697.080000000007,3.84686280143605,-1.33226762955019e-14
943,3.84666057763425,0.355333942236575,0.74,697.820000000007,3.84666057763428,2.62012633811537e-14
944,3.8464583600456,0.35535416399544,0.74,698.560000000007,3.8464583600456,-5.32907051820075e-15
945,3.84625614862273,0.355374385137727,0.74,699.300000000007,3.84625614862273,8.88178419700125e-16
946,3.84605394331876,0.355394605668124,0.74,700.040000000007,3.84605394331876,-7.105427357601e-15
947,3.84585174408713,0.355414825591287,0.74,700.780000000007,3.84585174408712,-1.02140518265514e-14
948,3.8456495508816,0.35543504491184,0.74,701.520000000007,3.84564955088159,-1.4210854715202e-14
949,3.84544736365629,0.355455263634371,0.74,702.260000000007,3.8454473636563,1.02140518265514e-14
950,3.84524518236572,0.355475481763428,0.74,703.000000000007,3.84524518236572,7.105427357601e-15
951,3.84504300696469,0.355495699303531,0.74,703.740000000007,3.84504300696467,-2.04281036531029e-14
952,3.84484083740827,0.355515916259173,0.74,704.480000000007,3.84484083740828,1.15463194561016e-14
953,3.84463867365204,0.355536132634796,0.74,705.220000000007,3.84463867365205,9.32587340685131e-15
954,3.84443651565181,0.355556348434819,0.74,705.960000000007,3.84443651565179,-1.4210854715202e-14
955,3.84423436336365,0.355576563663635,0.74,706.700000000007,3.84423436336365,8.88178419700125e-16
956,3.8440322167441,0.35559677832559,0.74,707.440000000007,3.84403221674411,1.4210854715202e-14
957,3.84383007574996,0.355616992425004,0.74,708.180000000007,3.84383007574996,-2.66453525910038e-15
958,3.84362794033834,0.355637205966166,0.74,708.920000000007,3.84362794033833,-8.43769498715119e-15
959,3.84342581046664,0.355657418953336,0.74,709.660000000007,3.84342581046666,1.46549439250521e-14
960,3.8432236860927,0.35567763139073,0.74,710.400000000007,3.8432236860927,5.77315972805081e-15
961,3.84302156717456,0.355697843282544,0.74,711.140000000007,3.84302156717455,-8.88178419700125e-15
962,3.84281945367056,0.355718054632944,0.74,711.880000000007,3.84281945367058,2.66453525910038e-14
963,3.84261734553951,0.355738265446049,0.74,712.620000000007,3.8426173455395,-4.88498130835069e-15
964,3.84241524274034,0.355758475725966,0.74,713.360000000007,3.84241524274032,-2.66453525910038e-14
965,3.84221314523234,0.355778685476766,0.74,714.100000000007,3.84221314523234,3.10862446895044e-15
966,3.84201105297518,0.355798894702482,0.74,714.840000000007,3.84201105297519,5.32907051820075e-15
967,3.84180896592881,0.355819103407119,0.74,715.580000000007,3.84180896592878,-2.75335310107039e-14
968,3.84160688405331,0.355839311594669,0.74,716.320000000007,3.84160688405333,2.57571741713036e-14
969,3.84140480730935,0.355859519269065,0.74,717.060000000007,3.84140480730936,1.37667655053519e-14
970,3.84120273565767,0.355879726434233,0.74,717.800000000007,3.84120273565767,-2.66453525910038e-15
971,3.84100066905938,0.355899933094062,0.74,718.540000000007,3.84100066905937,-1.46549439250521e-14
972,3.84079860747582,0.355920139252418,0.74,719.280000000007,3.84079860747584,2.08721928629529e-14
973,3.84059655086875,0.355940344913125,0.74,720.020000000007,3.84059655086876,1.02140518265514e-14
974,3.84039449920013,0.355960550079987,0.74,720.760000000007,3.8403944992001,-2.70894418008538e-14
975,3.84019245243209,0.355980754756791,0.74,721.500000000007,3.84019245243211,1.37667655053519e-14
976,3.83999041052732,0.356000958947268,0.74,722.240000000007,3.8399904105273,-2.30926389122033e-14
977,3.8397883734485,0.35602116265515,0.74,722.980000000007,3.83978837344849,-1.15463194561016e-14
978,3.83958634115876,0.356041365884124,0.74,723.720000000007,3.83958634115876,-6.21724893790088e-15
979,3.83938431362145,0.356061568637855,0.74,724.460000000007,3.83938431362147,1.55431223447522e-14
980,3.83918229080024,0.356081770919976,0.74,725.200000000007,3.83918229080024,6.66133814775094e-15
981,3.838980272659,0.3561019727341,0.74,725.940000000007,3.83898027265899,-7.105427357601e-15
982,3.8387782591619,0.35612217408381,0.74,726.680000000007,3.83877825916188,-1.64313007644523e-14
983,3.83857625027338,0.356142374972662,0.74,727.420000000007,3.83857625027335,-2.97539770599542e-14
984,3.83837424595808,0.356162575404192,0.74,728.160000000007,3.83837424595809,9.32587340685131e-15
985,3.83817224618107,0.356182775381893,0.74,728.900000000007,3.83817224618107,-5.32907051820075e-15
986,3.83797025090752,0.356202974909248,0.74,729.640000000007,3.83797025090751,-7.105427357601e-15
987,3.83776826010288,0.356223173989712,0.74,730.380000000007,3.83776826010289,1.77635683940025e-14
988,3.83756627373293,0.356243372626707,0.74,731.120000000007,3.83756627373296,2.70894418008538e-14
989,3.83736429176369,0.356263570823631,0.74,731.860000000007,3.8373642917637,4.44089209850063e-15
990,3.83716231416136,0.356283768583864,0.74,732.600000000007,3.83716231416135,-1.24344978758018e-14
991,3.83696034089243,0.356303965910757,0.74,733.340000000007,3.83696034089241,-2.04281036531029e-14
992,3.83675837192365,0.356324162807635,0.74,734.080000000007,3.83675837192363,-2.22044604925031e-14
993,3.83655640722199,0.356344359277801,0.74,734.820000000007,3.83655640722199,-3.10862446895044e-15
994,3.83635444675474,0.356364555324526,0.74,735.560000000007,3.83635444675473,-1.46549439250521e-14
995,3.83615249048933,0.356384750951067,0.74,736.300000000007,3.83615249048932,-9.32587340685131e-15
996,3.83595053839349,0.356404946160651,0.74,737.040000000007,3.83595053839348,-9.32587340685131e-15
997,3.83574859043514,0.356425140956485,0.74,737.780000000007,3.83574859043517,2.97539770599542e-14
998,3.8355466465826,0.35644533534174,0.74,738.520000000007,3.83554664658259,-6.66133814775094e-15
999,3.83534470680419,0.356465529319581,0.74,739.260000000007,3.83534470680417,-2.79776202205539e-14
1000,3.83514277106855,0.356485722893145,0.74,740.000000000007,3.83514277106855,7.54951656745106e-15
1001,3.83494083934465,0.356505916065535,0.74,740.740000000007,3.83494083934466,3.10862446895044e-15
1002,3.83473891160159,0.356526108839841,0.74,741.480000000007,3.8347389116016,7.105427357601e-15
1003,3.83453698780872,0.356546301219128,0.74,742.220000000007,3.83453698780873,1.11022302462516e-14
1004,3.83433506793565,0.356566493206435,0.74,742.960000000007,3.83433506793563,-2.1316282072803e-14
1005,3.83413315195213,0.356586684804787,0.74,743.700000000007,3.83413315195211,-1.68753899743024e-14
1006,3.83393123982822,0.356606876017178,0.74,744.440000000007,3.8339312398282,-2.04281036531029e-14
1007,3.83372933153413,0.356627066846587,0.74,745.180000000007,3.83372933153414,5.32907051820075e-15
1008,3.83352742704039,0.356647257295961,0.74,745.920000000007,3.83352742704039,4.44089209850063e-16
1009,3.83332552631765,0.356667447368235,0.74,746.660000000007,3.83332552631766,1.19904086659517e-14
1010,3.83312362933682,0.356687637066318,0.74,747.400000000007,3.83312362933684,1.73194791841524e-14
1011,3.83292173606904,0.356707826393096,0.74,748.140000000007,3.83292173606905,1.11022302462516e-14
1012,3.83271984648565,0.356728015351436,0.74,748.880000000007,3.83271984648562,-2.8421709430404e-14
1013,3.83251796055811,0.356748203944189,0.74,749.620000000007,3.83251796055808,-2.30926389122033e-14
1014,3.83231607825823,0.356768392174177,0.74,750.360000000007,3.8323160782582,-2.97539770599542e-14
1015,3.83211419955794,0.356788580044206,0.74,751.100000000007,3.83211419955793,-6.66133814775094e-15
1016,3.83191232442942,0.356808767557058,0.74,751.840000000007,3.83191232442943,6.21724893790088e-15
1017,3.83171045284507,0.356828954715493,0.74,752.580000000007,3.83171045284508,6.21724893790088e-15
1018,3.83150858477745,0.356849141522255,0.74,753.320000000007,3.83150858477744,-7.99360577730113e-15
1019,3.83130672019931,0.356869327980069,0.74,754.060000000007,3.8313067201993,-4.44089209850063e-15
1020,3.83110485908364,0.356889514091636,0.74,754.800000000007,3.83110485908363,-7.99360577730113e-15
1021,3.83090300140358,0.356909699859642,0.74,755.540000000007,3.8309030014036,1.37667655053519e-14
1022,3.83070114713257,0.356929885286743,0.74,756.280000000007,3.83070114713258,3.5527136788005e-15
1023,3.83049929624411,0.356950070375589,0.74,757.020000000007,3.83049929624413,1.82076576038526e-14
1024,3.83029744871203,0.356970255128797,0.74,757.760000000007,3.83029744871202,-7.99360577730113e-15
1025,3.83009560451018,0.356990439548982,0.74,758.500000000007,3.8300956045102,2.53130849614536e-14
1026,3.8298937636128,0.35701062363872,0.74,759.240000000007,3.82989376361281,1.06581410364015e-14
1027,3.82969192599418,0.357030807400582,0.74,759.980000000007,3.82969192599419,2.22044604925031e-15
1028,3.82949009162886,0.357050990837114,0.74,760.720000000007,3.82949009162884,-1.46549439250521e-14
1029,3.82928826049147,0.357071173950853,0.74,761.460000000007,3.82928826049148,1.82076576038526e-14
1030,3.82908643255703,0.357091356744297,0.74,762.200000000007,3.82908643255701,-2.35367281220533e-14
1031,3.82888460780049,0.357111539219951,0.74,762.940000000007,3.82888460780049,8.88178419700125e-16
1032,3.82868278619716,0.357131721380284,0.74,763.680000000007,3.82868278619718,2.04281036531029e-14
1033,3.82848096772253,0.357151903227747,0.74,764.420000000007,3.82848096772253,-4.44089209850063e-16
1034,3.82827915235214,0.357172084764786,0.74,765.160000000007,3.82827915235214,-1.33226762955019e-15
1035,3.82807734006178,0.357192265993822,0.74,765.900000000007,3.82807734006181,2.8421709430404e-14
1036,3.82787553082753,0.357212446917247,0.74,766.640000000007,3.82787553082752,-9.76996261670138e-15
1037,3.82767372462544,0.357232627537456,0.74,767.380000000007,3.8276737246254,-3.77475828372553e-14
1038,3.82747192143179,0.357252807856821,0.74,768.120000000007,3.82747192143179,-3.10862446895044e-15
1039,3.82727012122319,0.357272987877681,0.74,768.860000000007,3.82727012122317,-2.26485497023532e-14
1040,3.82706832397622,0.357293167602378,0.74,769.600000000007,3.82706832397621,-1.24344978758018e-14
1041,3.82686652966771,0.357313347033229,0.74,770.340000000007,3.82686652966774,2.48689957516035e-14
1042,3.82666473827476,0.357333526172524,0.74,771.080000000007,3.82666473827476,-2.22044604925031e-15
1043,3.82646294977445,0.357353705022555,0.74,771.820000000007,3.82646294977444,-1.64313007644523e-14
1044,3.82626116414409,0.357373883585591,0.74,772.560000000007,3.82626116414411,2.53130849614536e-14
1045,3.82605938136129,0.357394061863871,0.74,773.300000000007,3.82605938136128,-9.76996261670138e-15
1046,3.82585760140361,0.357414239859639,0.74,774.040000000007,3.82585760140361,-7.105427357601e-15
1047,3.82565582424891,0.357434417575109,0.74,774.780000000007,3.82565582424891,-2.22044604925031e-15
1048,3.82545404987516,0.357454595012484,0.74,775.520000000007,3.82545404987518,1.59872115546023e-14
1049,3.82525227826056,0.357474772173944,0.74,776.260000000007,3.82525227826056,-8.43769498715119e-15
1050,3.82505050938332,0.357494949061668,0.74,777.000000000008,3.82505050938334,2.48689957516035e-14
1051,3.82484874322199,0.357515125677801,0.74,777.740000000008,3.824848743222,3.99680288865056e-15
1052,3.82464697975513,0.357535302024487,0.74,778.480000000008,3.82464697975513,2.22044604925031e-15
1053,3.82444521896153,0.357555478103847,0.74,779.220000000008,3.82444521896152,-1.02140518265514e-14
1054,3.82424346082007,0.357575653917993,0.74,779.960000000008,3.82424346082008,6.21724893790088e-15
1055,3.8240417053099,0.35759582946901,0.74,780.700000000008,3.82404170530988,-1.46549439250521e-14
1056,3.82383995241014,0.357616004758986,0.74,781.440000000008,3.82383995241015,1.4210854715202e-14
1057,3.82363820210026,0.357636179789974,0.74,782.180000000008,3.82363820210027,1.37667655053519e-14
1058,3.82343645435975,0.357656354564025,0.74,782.920000000008,3.82343645435975,-1.33226762955019e-15
1059,3.82323470916828,0.357676529083172,0.74,783.660000000008,3.82323470916826,-1.28785870856518e-14
1060,3.82303296650562,0.357696703349438,0.74,784.400000000008,3.82303296650562,3.10862446895044e-15
1061,3.82283122635181,0.357716877364819,0.74,785.140000000008,3.82283122635179,-1.4210854715202e-14
1062,3.82262948868689,0.357737051131311,0.74,785.880000000008,3.82262948868688,-8.88178419700125e-15
1063,3.8224277534911,0.35775722465089,0.74,786.620000000008,3.82242775349112,1.68753899743024e-14
1064,3.82222602074492,0.357777397925508,0.74,787.360000000008,3.8222260207449,-2.26485497023532e-14
1065,3.82202429042877,0.357797570957123,0.74,788.100000000008,3.82202429042875,-1.82076576038526e-14
1066,3.82182256252332,0.357817743747668,0.74,788.840000000008,3.82182256252335,2.35367281220533e-14
1067,3.82162083700948,0.357837916299052,0.74,789.580000000008,3.82162083700948,6.21724893790088e-15
1068,3.8214191138681,0.35785808861319,0.74,790.320000000008,3.8214191138681,-4.44089209850063e-16
1069,3.82121739308027,0.357878260691972,0.74,791.060000000008,3.82121739308028,9.76996261670138e-15
1070,3.82101567462726,0.357898432537274,0.74,791.800000000008,3.82101567462724,-2.22044604925031e-14
1071,3.82081395849031,0.357918604150969,0.74,792.540000000008,3.82081395849031,8.43769498715119e-15
1072,3.82061224465099,0.357938775534901,0.74,793.280000000008,3.82061224465098,-3.5527136788005e-15
1073,3.82041053309086,0.357958946690914,0.74,794.020000000008,3.82041053309086,-2.66453525910038e-15
1074,3.82020882379169,0.357979117620831,0.74,794.760000000008,3.82020882379169,-2.22044604925031e-15
1075,3.82000711673533,0.357999288326467,0.74,795.500000000008,3.82000711673533,4.44089209850063e-16
1076,3.81980541190376,0.358019458809624,0.74,796.240000000008,3.81980541190378,2.17603712826531e-14
1077,3.81960370927916,0.358039629072084,0.74,796.980000000008,3.81960370927917,7.99360577730113e-15
1078,3.81940200884375,0.358059799115625,0.74,797.720000000008,3.81940200884375,8.88178419700125e-16
1079,3.8192003105799,0.35807996894201,0.74,798.460000000008,3.8192003105799,4.44089209850063e-16
1080,3.81899861447013,0.358100138552987,0.74,799.200000000008,3.81899861447012,-1.4210854715202e-14
1081,3.81879692049702,0.358120307950298,0.74,799.940000000008,3.81879692049702,3.10862446895044e-15
1082,3.81859522864337,0.358140477135663,0.74,800.680000000008,3.81859522864337,-5.77315972805081e-15
1083,3.81839353889202,0.358160646110798,0.74,801.420000000008,3.81839353889202,-7.105427357601e-15
1084,3.81819185122598,0.358180814877402,0.74,802.160000000008,3.81819185122596,-1.68753899743024e-14
1085,3.81799016562829,0.358200983437171,0.74,802.900000000008,3.8179901656283,1.11022302462516e-14
1086,3.81778848208225,0.358221151791775,0.74,803.640000000008,3.81778848208226,1.46549439250521e-14
1087,3.81758680057121,0.358241319942879,0.74,804.380000000008,3.8175868005712,-9.76996261670138e-15
1088,3.81738512107853,0.358261487892147,0.74,805.120000000008,3.81738512107855,2.48689957516035e-14
1089,3.81718344358791,0.358281655641209,0.74,805.860000000008,3.81718344358791,5.32907051820075e-15
1090,3.81698176808297,0.358301823191703,0.74,806.600000000008,3.81698176808296,-7.54951656745106e-15
1091,3.81678009454751,0.358321990545249,0.74,807.340000000008,3.8167800945475,-1.06581410364015e-14
1092,3.81657842296545,0.358342157703455,0.74,808.080000000008,3.81657842296545,-3.5527136788005e-15
1093,3.81637675332084,0.358362324667916,0.74,808.820000000008,3.81637675332082,-1.50990331349021e-14
1094,3.81617508559779,0.358382491440221,0.74,809.560000000008,3.81617508559777,-1.95399252334028e-14
1095,3.81597341978053,0.358402658021947,0.74,810.300000000008,3.81597341978054,4.88498130835069e-15
1096,3.81577175585349,0.358422824414651,0.74,811.040000000008,3.81577175585348,-1.24344978758018e-14
1097,3.81557009380106,0.358442990619894,0.74,811.780000000008,3.81557009380105,-2.66453525910038e-15
1098,3.81536843360783,0.358463156639217,0.74,812.520000000008,3.81536843360784,9.76996261670138e-15
1099,3.81516677525849,0.358483322474151,0.74,813.260000000008,3.81516677525851,2.22044604925031e-14
1100,3.81496511873786,0.358503488126214,0.74,814.000000000008,3.81496511873785,-6.66133814775094e-15
1101,3.81476346403073,0.358523653596927,0.74,814.740000000008,3.81476346403075,1.73194791841524e-14
1102,3.81456181112222,0.358543818887778,0.74,815.480000000008,3.8145618111222,-2.22044604925031e-14
1103,3.81436015999728,0.358563984000272,0.74,816.220000000008,3.81436015999728,3.10862446895044e-15
1104,3.81415851064119,0.358584148935881,0.74,816.960000000008,3.8141585106412,1.06581410364015e-14
1105,3.81395686303927,0.358604313696073,0.74,817.700000000008,3.81395686303926,-7.54951656745106e-15
1106,3.81375521717686,0.358624478282314,0.74,818.440000000008,3.81375521717684,-1.82076576038526e-14
1107,3.81355357303943,0.358644642696057,0.74,819.180000000008,3.81355357303945,2.66453525910038e-14
1108,3.8133519306127,0.35866480693873,0.74,819.920000000008,3.81335193061269,-1.15463194561016e-14
1109,3.81315028988223,0.358684971011777,0.74,820.660000000008,3.81315028988223,-8.88178419700125e-16
1110,3.81294865083387,0.358705134916613,0.74,821.400000000008,3.81294865083388,1.33226762955019e-15
1111,3.8127470134535,0.35872529865465,0.74,822.140000000008,3.81274701345351,5.77315972805081e-15
1112,3.81254537772713,0.358745462227287,0.74,822.880000000008,3.81254537772711,-2.48689957516035e-14
1113,3.81234374364075,0.358765625635925,0.74,823.620000000008,3.81234374364075,-2.22044604925031e-15
1114,3.81214211118061,0.358785788881939,0.74,824.360000000008,3.8121421111806,-2.22044604925031e-15
1115,3.81194048033291,0.358805951966709,0.74,825.100000000008,3.81194048033293,2.04281036531029e-14
1116,3.8117388510841,0.35882611489159,0.74,825.840000000008,3.81173885108408,-2.44249065417534e-14
1117,3.81153722342049,0.358846277657951,0.74,826.580000000008,3.8115372234205,8.43769498715119e-15
1118,3.81133559732871,0.358866440267129,0.74,827.320000000008,3.81133559732872,1.02140518265514e-14
1119,3.81113397279537,0.358886602720463,0.74,828.060000000008,3.81113397279537,-7.105427357601e-15
1120,3.81093234980713,0.358906765019287,0.74,828.800000000008,3.81093234980716,2.8421709430404e-14
1121,3.8107307283509,0.35892692716491,0.74,829.540000000008,3.8107307283509,-7.99360577730113e-15
1122,3.81052910841348,0.358947089158652,0.74,830.280000000008,3.81052910841347,-1.11022302462516e-14
1123,3.81032748998183,0.358967251001817,0.74,831.020000000008,3.81032748998184,1.02140518265514e-14
1124,3.81012587304309,0.358987412695691,0.74,831.760000000008,3.81012587304309,-5.77315972805081e-15
1125,3.80992425758436,0.359007574241564,0.74,832.500000000008,3.80992425758435,-9.76996261670138e-15
1126,3.80972264359283,0.359027735640716,0.74,833.240000000008,3.80972264359285,1.82076576038526e-14
1127,3.80952103105591,0.359047896894409,0.74,833.980000000008,3.80952103105592,1.28785870856518e-14
1128,3.80931941996099,0.359068058003901,0.74,834.720000000008,3.80931941996095,-3.86357612569554e-14
1129,3.80911781029539,0.359088218970461,0.74,835.460000000008,3.80911781029541,1.99840144432528e-14
1130,3.80891620204687,0.359108379795313,0.74,836.200000000008,3.80891620204687,-1.77635683940025e-15
1131,3.80871459520301,0.359128540479699,0.74,836.940000000008,3.80871459520297,-3.95239396766556e-14
1132,3.80851298975145,0.359148701024855,0.74,837.680000000008,3.80851298975144,-1.02140518265514e-14
1133,3.80831138568007,0.359168861431993,0.74,838.420000000008,3.80831138568007,-4.88498130835069e-15
1134,3.80810978297674,0.359189021702326,0.74,839.160000000008,3.80810978297673,-7.99360577730113e-15
1135,3.80790818162941,0.359209181837059,0.74,839.900000000008,3.8079081816294,-1.06581410364015e-14
1136,3.80770658162609,0.359229341837391,0.74,840.640000000008,3.80770658162611,1.59872115546023e-14
1137,3.80750498295495,0.359249501704505,0.74,841.380000000008,3.80750498295496,5.77315972805081e-15
1138,3.80730338560414,0.359269661439586,0.74,842.120000000008,3.80730338560414,-2.66453525910038e-15
1139,3.80710178956193,0.359289821043807,0.74,842.860000000008,3.80710178956192,-7.99360577730113e-15
1140,3.80690019481662,0.359309980518338,0.74,843.600000000008,3.80690019481663,7.105427357601e-15
1141,3.80669860135669,0.359330139864331,0.74,844.340000000008,3.80669860135668,-7.54951656745106e-15
1142,3.80649700917053,0.359350299082947,0.74,845.080000000008,3.80649700917055,2.70894418008538e-14
1143,3.80629541824683,0.359370458175317,0.74,845.820000000008,3.80629541824681,-2.1316282072803e-14
1144,3.80609382857409,0.359390617142591,0.74,846.560000000008,3.80609382857408,-1.28785870856518e-14
1145,3.80589224014102,0.359410775985898,0.74,847.300000000008,3.80589224014105,3.33066907387547e-14
1146,3.80569065293651,0.359430934706349,0.74,848.040000000008,3.80569065293651,0
1147,3.80548906694929,0.359451093305071,0.74,848.780000000008,3.80548906694927,-1.86517468137026e-14
1148,3.80528748216824,0.359471251783176,0.74,849.520000000008,3.80528748216827,2.70894418008538e-14
1149,3.80508589858243,0.359491410141757,0.74,850.260000000008,3.80508589858246,2.70894418008538e-14
1150,3.8048843161809,0.35951156838191,0.74,851.000000000008,3.8048843161809,-1.77635683940025e-15
1151,3.80468273495271,0.359531726504729,0.74,851.740000000008,3.8046827349527,-6.21724893790088e-15
1152,3.80448115488704,0.359551884511296,0.74,852.480000000008,3.80448115488704,-5.77315972805081e-15
1153,3.80427957597317,0.359572042402683,0.74,853.220000000008,3.80427957597315,-1.46549439250521e-14
1154,3.80407799820037,0.359592200179963,0.74,853.960000000008,3.80407799820036,-6.21724893790088e-15
1155,3.80387642155804,0.359612357844196,0.74,854.700000000008,3.80387642155804,-3.99680288865056e-15
1156,3.80367484603562,0.359632515396438,0.74,855.440000000008,3.80367484603562,2.66453525910038e-15
1157,3.80347327162261,0.359652672837739,0.74,856.180000000008,3.80347327162261,3.99680288865056e-15
1158,3.80327169830858,0.359672830169142,0.74,856.920000000008,3.80327169830857,-3.10862446895044e-15
1159,3.80307012608313,0.359692987391687,0.74,857.660000000008,3.80307012608314,1.06581410364015e-14
1160,3.802868554936,0.3597131445064,0.74,858.400000000009,3.80286855493599,-4.44089209850063e-15
1161,3.80266698485687,0.359733301514313,0.74,859.140000000009,3.80266698485689,1.95399252334028e-14
1162,3.80246541583563,0.359753458416437,0.74,859.880000000009,3.80246541583564,1.06581410364015e-14
1163,3.80226384786209,0.359773615213791,0.74,860.620000000009,3.80226384786211,1.64313007644523e-14
1164,3.80206228092624,0.359793771907376,0.74,861.360000000009,3.80206228092623,-1.33226762955019e-15
1165,3.80186071501799,0.359813928498201,0.74,862.100000000009,3.801860715018,9.76996261670138e-15
1166,3.80165915012745,0.359834084987255,0.74,862.840000000009,3.80165915012746,1.4210854715202e-14
1167,3.80145758624471,0.359854241375529,0.74,863.580000000009,3.80145758624472,8.88178419700125e-15
1168,3.80125602335994,0.359874397664006,0.74,864.320000000009,3.80125602335993,-1.06581410364015e-14
1169,3.80105446146331,0.359894553853669,0.74,865.060000000009,3.80105446146332,7.99360577730113e-15
1170,3.80085290054515,0.359914709945485,0.74,865.800000000009,3.80085290054516,3.10862446895044e-15
1171,3.80065134059578,0.359934865940422,0.74,866.540000000009,3.80065134059577,-4.44089209850063e-15
1172,3.80044978160555,0.359955021839445,0.74,867.280000000009,3.80044978160555,4.44089209850063e-15
1173,3.80024822356495,0.359975177643505,0.74,868.020000000009,3.80024822356494,-9.76996261670138e-15
1174,3.8000466664644,0.35999533335356,0.74,868.760000000009,3.80004666646442,2.39808173319034e-14
1175,3.79984511029454,0.360015488970546,0.74,869.500000000009,3.79984511029454,8.88178419700125e-16
1176,3.79964355504595,0.360035644495405,0.74,870.240000000009,3.7996435550459,-4.39648317751562e-14
1177,3.79944200070912,0.360055799929088,0.74,870.980000000009,3.79944200070915,3.10862446895044e-14
1178,3.799240447275,0.3600759552725,0.74,871.720000000009,3.79924044727499,-5.32907051820075e-15
1179,3.79903889473417,0.360096110526583,0.74,872.460000000009,3.79903889473417,5.77315972805081e-15
1180,3.79883734307748,0.360116265692252,0.74,873.200000000009,3.7988373430775,2.08721928629529e-14
1181,3.79863579229584,0.360136420770416,0.74,873.940000000009,3.79863579229583,-1.37667655053519e-14
1182,3.7984342423801,0.36015657576199,0.74,874.680000000009,3.79843424238005,-4.44089209850063e-14
1183,3.79823269332113,0.360176730667887,0.74,875.420000000009,3.79823269332113,3.10862446895044e-15
1184,3.79803114511006,0.360196885488994,0.74,876.160000000009,3.79803114511006,-3.5527136788005e-15
1185,3.79782959773789,0.360217040226211,0.74,876.900000000009,3.79782959773788,-9.76996261670138e-15
1186,3.79762805119569,0.360237194880431,0.74,877.640000000009,3.79762805119569,4.44089209850063e-15
1187,3.79742650547462,0.360257349452538,0.74,878.380000000009,3.79742650547464,1.73194791841524e-14
1188,3.7972249605659,0.36027750394341,0.74,879.120000000009,3.7972249605659,-8.88178419700125e-16
1189,3.79702341646069,0.360297658353931,0.74,879.860000000009,3.79702341646071,2.17603712826531e-14
1190,3.79682187315035,0.360317812684965,0.74,880.600000000009,3.79682187315035,1.33226762955019e-15
1191,3.79662033062615,0.360337966937385,0.74,881.340000000009,3.79662033062614,-1.19904086659517e-14
1192,3.79641878887946,0.360358121112054,0.74,882.080000000009,3.79641878887945,-1.28785870856518e-14
1193,3.79621724790169,0.360378275209831,0.74,882.820000000009,3.79621724790169,-7.99360577730113e-15
1194,3.79601570768429,0.360398429231571,0.74,883.560000000009,3.7960157076843,1.11022302462516e-14
1195,3.79581416821881,0.360418583178119,0.74,884.300000000009,3.79581416821879,-1.82076576038526e-14
1196,3.7956126294967,0.36043873705033,0.74,885.040000000009,3.7956126294967,-3.10862446895044e-15
1197,3.79541109150961,0.360458890849039,0.74,885.780000000009,3.7954110915096,-7.99360577730113e-15
1198,3.79520955424911,0.360479044575089,0.74,886.520000000009,3.79520955424911,0
1199,3.79500801770689,0.360499198229311,0.74,887.260000000009,3.7950080177069,1.15463194561016e-14
1200,3.79480648187467,0.360519351812533,0.74,888.000000000009,3.79480648187467,-1.77635683940025e-15
1201,3.79460494674416,0.360539505325584,0.74,888.740000000009,3.79460494674416,4.44089209850063e-16
1202,3.79440341230713,0.360559658769287,0.74,889.480000000009,3.79440341230715,1.24344978758018e-14
1203,3.79420187855544,0.360579812144456,0.74,890.220000000009,3.79420187855545,1.15463194561016e-14
1204,3.79400034548095,0.360599965451905,0.74,890.960000000009,3.79400034548094,-1.64313007644523e-14
1205,3.79379881307548,0.360620118692452,0.74,891.700000000009,3.79379881307549,8.88178419700125e-15
1206,3.79359728133105,0.360640271866895,0.74,892.440000000009,3.79359728133105,7.99360577730113e-15
1207,3.7933957502396,0.36066042497604,0.74,893.180000000009,3.79339575023959,-7.99360577730113e-15
1208,3.79319421979309,0.360680578020691,0.74,893.920000000009,3.79319421979311,1.15463194561016e-14
1209,3.79299268998366,0.360700731001634,0.74,894.660000000009,3.79299268998364,-1.95399252334028e-14
1210,3.79279116080329,0.360720883919671,0.74,895.400000000009,3.79279116080328,-8.43769498715119e-15
1211,3.79258963224413,0.360741036775587,0.74,896.140000000009,3.79258963224413,1.77635683940025e-15
1212,3.79238810429831,0.360761189570169,0.74,896.880000000009,3.79238810429834,2.93098878501041e-14
1213,3.79218657695807,0.360781342304193,0.74,897.620000000009,3.79218657695809,1.50990331349021e-14
1214,3.7919850502156,0.36080149497844,0.74,898.360000000009,3.79198505021559,-1.06581410364015e-14
1215,3.79178352406308,0.360821647593692,0.74,899.100000000009,3.79178352406309,1.55431223447522e-14
1216,3.79158199849289,0.360841800150711,0.74,899.840000000009,3.79158199849288,-8.43769498715119e-15
1217,3.79138047349727,0.360861952650273,0.74,900.580000000009,3.79138047349726,-1.28785870856518e-14
1218,3.79117894906858,0.360882105093142,0.74,901.320000000009,3.79117894906857,-6.21724893790088e-15
1219,3.7909774251992,0.36090225748008,0.74,902.060000000009,3.79097742519921,3.5527136788005e-15
1220,3.79077590188157,0.360922409811843,0.74,902.800000000009,3.79077590188156,-1.73194791841524e-14
1221,3.79057437910805,0.360942562089195,0.74,903.540000000009,3.79057437910806,1.33226762955019e-14
1222,3.79037285687119,0.360962714312881,0.74,904.280000000009,3.7903728568712,1.02140518265514e-14
1223,3.79017133516345,0.360982866483655,0.74,905.020000000009,3.79017133516345,0
1224,3.78996981397736,0.361003018602264,0.74,905.760000000009,3.78996981397735,-1.64313007644523e-14
1225,3.78976829330546,0.361023170669454,0.74,906.500000000009,3.78976829330545,-9.32587340685131e-15
1226,3.78956677314034,0.361043322685966,0.74,907.240000000009,3.78956677314033,-7.105427357601e-15
1227,3.78936525347456,0.361063474652544,0.74,907.980000000009,3.7893652534746,4.70734562441066e-14
1228,3.7891637343009,0.36108362656991,0.74,908.720000000009,3.78916373430091,9.32587340685131e-15
1229,3.78896221561192,0.361103778438808,0.74,909.460000000009,3.78896221561191,-8.43769498715119e-15
1230,3.78876069740028,0.361123930259972,0.74,910.200000000009,3.7887606974003,1.73194791841524e-14
1231,3.78855917965876,0.361144082034124,0.74,910.940000000009,3.78855917965878,2.30926389122033e-14
1232,3.78835766238012,0.361164233761988,0.74,911.680000000009,3.78835766238012,-1.77635683940025e-15
1233,3.78815614555711,0.361184385444289,0.74,912.420000000009,3.78815614555707,-4.04121180963557e-14
1234,3.78795462918242,0.361204537081758,0.74,913.160000000009,3.78795462918243,3.5527136788005e-15
1235,3.78775311324901,0.361224688675099,0.74,913.900000000009,3.78775311324901,-4.88498130835069e-15
1236,3.78755159774965,0.361244840225035,0.74,914.640000000009,3.78755159774965,-3.5527136788005e-15
1237,3.78735008267722,0.361264991732278,0.74,915.380000000009,3.78735008267723,3.99680288865056e-15
1238,3.78714856802461,0.361285143197539,0.74,916.120000000009,3.78714856802462,1.24344978758018e-14
1239,3.78694705378476,0.361305294621524,0.74,916.860000000009,3.78694705378474,-2.08721928629529e-14
1240,3.78674553995052,0.361325446004948,0.74,917.600000000009,3.78674553995052,4.44089209850063e-16
1241,3.78654402651492,0.361345597348508,0.74,918.340000000009,3.78654402651491,-6.66133814775094e-15
1242,3.78634251347088,0.361365748652911,0.74,919.080000000009,3.7863425134709,1.15463194561016e-14
1243,3.78614100081148,0.361385899918852,0.74,919.820000000009,3.78614100081147,-1.46549439250521e-14
1244,3.78593948852966,0.361406051147034,0.74,920.560000000009,3.78593948852965,-1.77635683940025e-14
1245,3.78573797661846,0.361426202338154,0.74,921.300000000009,3.78573797661847,3.10862446895044e-15
1246,3.78553646507095,0.361446353492905,0.74,922.040000000009,3.78553646507099,3.99680288865056e-14
1247,3.78533495388029,0.361466504611971,0.74,922.780000000009,3.78533495388029,-9.32587340685131e-15
1248,3.78513344303946,0.361486655696054,0.74,923.520000000009,3.78513344303946,0
1249,3.78493193254161,0.361506806745839,0.74,924.260000000009,3.78493193254161,3.5527136788005e-15
1250,3.78473042237988,0.361526957762012,0.74,925.000000000009,3.78473042237989,1.15463194561016e-14
1251,3.78452891254744,0.361547108745256,0.74,925.740000000009,3.78452891254744,-3.5527136788005e-15
1252,3.78432740303745,0.361567259696255,0.74,926.480000000009,3.78432740303743,-2.62012633811537e-14
1253,3.78412589384303,0.361587410615697,0.74,927.220000000009,3.78412589384303,7.54951656745106e-15
1254,3.78392438495746,0.361607561504254,0.74,927.960000000009,3.78392438495746,5.77315972805081e-15
1255,3.78372287637396,0.361627712362604,0.74,928.700000000009,3.78372287637394,-2.22044604925031e-14
1256,3.7835213680857,0.36164786319143,0.74,929.440000000009,3.78352136808568,-2.1316282072803e-14
1257,3.78331986008595,0.361668013991405,0.74,930.180000000009,3.78331986008595,-7.99360577730113e-15
1258,3.78311835236801,0.361688164763199,0.74,930.920000000009,3.78311835236799,-1.19904086659517e-14
1259,3.7829168449251,0.36170831550749,0.74,931.660000000009,3.78291684492511,9.76996261670138e-15
1260,3.78271533775057,0.361728466224943,0.74,932.400000000009,3.78271533775057,-1.33226762955019e-15
1261,3.7825138308377,0.36174861691623,0.74,933.140000000009,3.7825138308377,-3.5527136788005e-15
1262,3.7823123241798,0.36176876758202,0.74,933.880000000009,3.7823123241798,4.44089209850063e-16
1263,3.78211081777022,0.361788918222978,0.74,934.620000000009,3.78211081777021,-6.21724893790088e-15
1264,3.78190931160228,0.361809068839772,0.74,935.360000000009,3.78190931160228,-4.44089209850063e-16
1265,3.78170780566936,0.361829219433064,0.74,936.100000000009,3.78170780566935,-3.99680288865056e-15
1266,3.7815062999648,0.36184937000352,0.74,936.840000000009,3.78150629996481,1.77635683940025e-15
1267,3.78130479448203,0.361869520551797,0.74,937.580000000009,3.78130479448202,-8.43769498715119e-15
1268,3.78110328921437,0.361889671078563,0.74,938.320000000009,3.78110328921438,4.44089209850063e-15
1269,3.78090178415528,0.361909821584472,0.74,939.060000000009,3.78090178415528,7.54951656745106e-15
1270,3.78070027929815,0.361929972070186,0.74,939.80000000001,3.78070027929815,5.77315972805081e-15
1271,3.78049877463641,0.361950122536359,0.74,940.54000000001,3.7804987746364,-1.46549439250521e-14
1272,3.78029727016346,0.361970272983654,0.74,941.28000000001,3.78029727016346,-8.88178419700125e-16
1273,3.78009576587274,0.361990423412726,0.74,942.02000000001,3.78009576587277,2.22044604925031e-14
1274,3.77989426175779,0.362010573824221,0.74,942.76000000001,3.77989426175777,-1.64313007644523e-14
1275,3.77969275781192,0.362030724218808,0.74,943.50000000001,3.77969275781193,1.82076576038526e-14
1276,3.7794912540287,0.36205087459713,0.74,944.24000000001,3.77949125402871,1.28785870856518e-14
1277,3.77928975040157,0.362071024959843,0.74,944.98000000001,3.77928975040158,3.5527136788005e-15
1278,3.779088246924,0.3620911753076,0.74,945.72000000001,3.77908824692401,7.105427357601e-15
1279,3.77888674358948,0.362111325641052,0.74,946.46000000001,3.7788867435895,1.59872115546023e-14
1280,3.77868524039152,0.362131475960847,0.74,947.20000000001,3.77868524039153,8.88178419700125e-16
1281,3.77848373732357,0.362151626267643,0.74,947.94000000001,3.77848373732359,2.57571741713036e-14
1282,3.77828223437922,0.362171776562078,0.74,948.68000000001,3.77828223437921,-1.28785870856518e-14
1283,3.77808073155185,0.362191926844815,0.74,949.42000000001,3.77808073155187,1.46549439250521e-14
1284,3.77787922883505,0.362212077116495,0.74,950.16000000001,3.77787922883509,4.39648317751562e-14
1285,3.77767772622238,0.362232227377762,0.74,950.90000000001,3.77767772622239,1.46549439250521e-14
1286,3.77747622370731,0.362252377629269,0.74,951.64000000001,3.7774762237073,-1.46549439250521e-14
1287,3.77727472128331,0.362272527871669,0.74,952.38000000001,3.77727472128332,1.64313007644523e-14
1288,3.777073218944,0.3622926781056,0.74,953.12000000001,3.777073218944,0
1289,3.77687171668288,0.362312828331712,0.74,953.86000000001,3.77687171668285,-2.30926389122033e-14
1290,3.77667021449341,0.362332978550659,0.74,954.60000000001,3.77667021449342,1.59872115546023e-14
1291,3.77646871236922,0.362353128763078,0.74,955.34000000001,3.77646871236924,1.68753899743024e-14
1292,3.77626721030384,0.362373278969616,0.74,956.08000000001,3.77626721030384,-4.44089209850063e-15
1293,3.77606570829079,0.362393429170921,0.74,956.82000000001,3.77606570829076,-2.93098878501041e-14
1294,3.77586420632352,0.362413579367648,0.74,957.56000000001,3.77586420632353,1.59872115546023e-14
1295,3.7756627043957,0.36243372956043,0.74,958.30000000001,3.77566270439571,7.54951656745106e-15
1296,3.77546120250082,0.362453879749918,0.74,959.04000000001,3.77546120250081,-6.66133814775094e-15
1297,3.77525970063238,0.362474029936762,0.74,959.78000000001,3.77525970063239,1.90958360235527e-14
1298,3.775058198784,0.362494180121601,0.74,960.52000000001,3.77505819878398,-1.11022302462516e-14
1299,3.77485669694914,0.362514330305086,0.74,961.26000000001,3.77485669694912,-2.39808173319034e-14
1300,3.77465519512134,0.362534480487866,0.74,962.00000000001,3.77465519512133,-6.21724893790088e-15
1301,3.77445369329416,0.362554630670584,0.74,962.74000000001,3.77445369329416,0
1302,3.77425219146116,0.362574780853884,0.74,963.48000000001,3.77425219146114,-2.35367281220533e-14
1303,3.77405068961576,0.362594931038424,0.74,964.22000000001,3.77405068961578,1.55431223447522e-14
1304,3.77384918775161,0.362615081224839,0.74,964.96000000001,3.77384918775162,8.88178419700125e-15
1305,3.77364768586219,0.362635231413781,0.74,965.70000000001,3.77364768586217,-1.4210854715202e-14
1306,3.77344618394096,0.362655381605904,0.74,966.44000000001,3.77344618394096,8.88178419700125e-16
1307,3.77324468198148,0.362675531801852,0.74,967.18000000001,3.7732446819815,1.86517468137026e-14
1308,3.77304317997732,0.362695682002268,0.74,967.92000000001,3.77304317997729,-2.88657986402541e-14
1309,3.77284167792183,0.362715832207817,0.74,968.66000000001,3.77284167792184,1.28785870856518e-14
1310,3.77264017580865,0.362735982419135,0.74,969.40000000001,3.77264017580865,6.66133814775094e-15
1311,3.7724386736312,0.36275613263688,0.74,970.14000000001,3.77243867363121,1.15463194561016e-14
1312,3.77223717138301,0.362776282861699,0.74,970.88000000001,3.77223717138301,-6.21724893790088e-15
1313,3.77203566905749,0.362796433094251,0.74,971.62000000001,3.77203566905751,2.53130849614536e-14
1314,3.7718341666482,0.36281658333518,0.74,972.36000000001,3.77183416664821,2.66453525910038e-15
1315,3.77163266414857,0.362836733585143,0.74,973.10000000001,3.77163266414855,-1.64313007644523e-14
1316,3.77143116155199,0.362856883844801,0.74,973.84000000001,3.77143116155201,1.99840144432528e-14
1317,3.77122965885204,0.362877034114796,0.74,974.58000000001,3.77122965885202,-1.55431223447522e-14
1318,3.77102815604204,0.362897184395796,0.74,975.32000000001,3.77102815604203,-4.88498130835069e-15
1319,3.77082665311548,0.362917334688452,0.74,976.06000000001,3.77082665311547,-7.105427357601e-15
1320,3.7706251500658,0.36293748499342,0.74,976.80000000001,3.77062515006576,-3.50830475781549e-14
1321,3.77042364688631,0.362957635311369,0.74,977.54000000001,3.77042364688632,2.66453525910038e-15
1322,3.77022214357052,0.362977785642948,0.74,978.28000000001,3.77022214357054,1.64313007644523e-14
1323,3.7700206401118,0.36299793598882,0.74,979.02000000001,3.77002064011182,1.99840144432528e-14
1324,3.76981913650354,0.363018086349646,0.74,979.76000000001,3.76981913650353,-1.19904086659517e-14
1325,3.76961763273903,0.363038236726097,0.74,980.50000000001,3.76961763273905,2.48689957516035e-14
1326,3.76941612881174,0.363058387118826,0.74,981.24000000001,3.76941612881174,-2.66453525910038e-15
1327,3.76921462471495,0.363078537528505,0.74,981.98000000001,3.76921462471493,-1.37667655053519e-14
1328,3.76901312044194,0.363098687955806,0.74,982.72000000001,3.76901312044197,3.10862446895044e-14
1329,3.76881161598618,0.363118838401382,0.74,983.46000000001,3.76881161598617,-1.11022302462516e-14
1330,3.76861011134085,0.363138988865915,0.74,984.20000000001,3.76861011134084,-1.33226762955019e-14
1331,3.76840860649926,0.363159139350074,0.74,984.94000000001,3.76840860649926,-3.99680288865056e-15
1332,3.76820710145472,0.363179289854528,0.74,985.68000000001,3.76820710145472,3.10862446895044e-15
1333,3.76800559620048,0.363199440379952,0.74,986.42000000001,3.76800559620049,5.32907051820075e-15
1334,3.76780409072981,0.363219590927019,0.74,987.16000000001,3.7678040907298,-1.06581410364015e-14
1335,3.76760258503589,0.363239741496411,0.74,987.90000000001,3.7676025850359,8.88178419700125e-15
1336,3.76740107911198,0.363259892088802,0.74,988.64000000001,3.76740107911199,1.59872115546023e-14
1337,3.76719957295128,0.363280042704872,0.74,989.38000000001,3.76719957295129,4.88498130835069e-15
1338,3.76699806654699,0.363300193345301,0.74,990.12000000001,3.76699806654697,-1.95399252334028e-14
1339,3.76679655989221,0.363320344010779,0.74,990.86000000001,3.7667965598922,-1.06581410364015e-14
1340,3.76659505298014,0.363340494701986,0.74,991.60000000001,3.76659505298014,0
1341,3.76639354580391,0.363360645419609,0.74,992.34000000001,3.7663935458039,-5.32907051820075e-15
1342,3.76619203835659,0.363380796164341,0.74,993.08000000001,3.76619203835661,2.22044604925031e-14
1343,3.76599053063137,0.363400946936863,0.74,993.82000000001,3.76599053063137,-2.66453525910038e-15
1344,3.76578902262125,0.363421097737875,0.74,994.56000000001,3.76578902262124,-1.33226762955019e-14
1345,3.76558751431926,0.363441248568074,0.74,995.30000000001,3.76558751431927,9.76996261670138e-15
1346,3.76538600571851,0.363461399428149,0.74,996.04000000001,3.76538600571852,8.43769498715119e-15
1347,3.76518449681197,0.363481550318803,0.74,996.78000000001,3.76518449681199,1.77635683940025e-14
1348,3.76498298759267,0.363501701240733,0.74,997.52000000001,3.76498298759267,-5.32907051820075e-15
1349,3.76478147805355,0.363521852194645,0.74,998.26000000001,3.76478147805354,-9.76996261670138e-15
1350,3.76457996818755,0.363542003181245,0.74,999.00000000001,3.76457996818755,2.66453525910038e-15
1351,3.76437845798762,0.363562154201238,0.74,999.74000000001,3.76437845798763,1.06581410364015e-14
1352,3.76417694744669,0.363582305255331,0.74,1000.48000000001,3.76417694744668,-3.99680288865056e-15
1353,3.76397543655762,0.363602456344238,0.74,1001.22000000001,3.76397543655759,-2.35367281220533e-14
1354,3.76377392531322,0.363622607468678,0.74,1001.96000000001,3.76377392531322,2.66453525910038e-15
1355,3.76357241370641,0.363642758629359,0.74,1002.70000000001,3.7635724137064,-1.28785870856518e-14
1356,3.76337090172999,0.363662909827002,0.74,1003.44000000001,3.76337090172994,-4.08562073062058e-14
1357,3.76316938937663,0.363683061062337,0.74,1004.18000000001,3.76316938937664,1.11022302462516e-14
1358,3.76296787663927,0.363703212336073,0.74,1004.92000000001,3.76296787663925,-1.95399252334028e-14
1359,3.76276636351051,0.363723363648949,0.74,1005.66000000001,3.7627663635105,-7.99360577730113e-15
1360,3.76256484998311,0.363743515001689,0.74,1006.40000000001,3.76256484998311,2.66453525910038e-15
1361,3.76236333604979,0.363763666395021,0.74,1007.14000000001,3.76236333604976,-2.79776202205539e-14
1362,3.7621618217031,0.36378381782969,0.74,1007.88000000001,3.7621618217031,1.33226762955019e-15
1363,3.76196030693575,0.363803969306425,0.74,1008.62000000001,3.76196030693577,2.35367281220533e-14
1364,3.76175879174033,0.363824120825967,0.74,1009.36000000001,3.76175879174036,2.8421709430404e-14
1365,3.76155727610944,0.363844272389056,0.74,1010.10000000001,3.76155727610945,6.21724893790088e-15
1366,3.76135576003554,0.363864423996446,0.74,1010.84000000001,3.76135576003557,3.10862446895044e-14
1367,3.76115424351121,0.363884575648879,0.74,1011.58000000001,3.76115424351125,3.41948691584548e-14
1368,3.76095272652896,0.363904727347104,0.74,1012.32000000001,3.76095272652896,3.5527136788005e-15
1369,3.76075120908115,0.363924879091885,0.74,1013.06000000001,3.76075120908116,9.76996261670138e-15
1370,3.76054969116026,0.363945030883974,0.74,1013.80000000001,3.76054969116027,7.105427357601e-15
1371,3.76034817275871,0.363965182724129,0.74,1014.54000000001,3.76034817275869,-2.44249065417534e-14
1372,3.76014665386876,0.363985334613124,0.74,1015.28000000001,3.76014665386877,7.105427357601e-15
1373,3.75994513448285,0.364005486551715,0.74,1016.02000000001,3.75994513448284,-1.15463194561016e-14
1374,3.75974361459319,0.364025638540681,0.74,1016.76000000001,3.75974361459319,2.66453525910038e-15
1375,3.75954209419214,0.364045790580786,0.74,1017.50000000001,3.7595420941921,-4.30766533554561e-14
1376,3.75934057327177,0.364065942672823,0.74,1018.24000000001,3.75934057327178,1.11022302462516e-14
1377,3.75913905182443,0.364086094817557,0.74,1018.98000000001,3.75913905182444,3.99680288865056e-15
1378,3.75893752984223,0.364106247015777,0.74,1019.72000000001,3.75893752984223,-2.66453525910038e-15
1379,3.75873600731725,0.364126399268275,0.74,1020.46000000001,3.75873600731727,1.77635683940025e-14
1380,3.75853448424166,0.364146551575834,0.74,1021.20000000001,3.75853448424166,-8.88178419700125e-16
1381,3.75833296060748,0.364166703939252,0.74,1021.94000000001,3.75833296060746,-1.86517468137026e-14
1382,3.75813143640667,0.364186856359333,0.74,1022.68000000001,3.75813143640667,-3.5527136788005e-15
1383,3.75792991163127,0.364207008836873,0.74,1023.42000000001,3.75792991163128,1.15463194561016e-14
1384,3.75772838627324,0.364227161372676,0.74,1024.16000000001,3.75772838627323,-1.50990331349021e-14
1385,3.75752686032439,0.364247313967561,0.74,1024.90000000001,3.75752686032442,3.50830475781549e-14
1386,3.75732533377672,0.364267466622328,0.74,1025.64000000001,3.75732533377673,1.37667655053519e-14
1387,3.75712380662199,0.364287619337801,0.74,1026.38000000001,3.75712380662198,-8.43769498715119e-15
1388,3.75692227885196,0.364307772114804,0.74,1027.12000000001,3.75692227885196,-4.44089209850063e-16
1389,3.75672075045838,0.364327924954161,0.74,1027.86000000001,3.75672075045841,2.75335310107039e-14
1390,3.75651922143305,0.364348077856695,0.74,1028.60000000001,3.75651922143305,-3.99680288865056e-15
1391,3.75631769176755,0.364368230823245,0.74,1029.34000000001,3.75631769176753,-1.4210854715202e-14
1392,3.75611616145349,0.364388383854651,0.74,1030.08000000001,3.7561161614535,5.77315972805081e-15
1393,3.75591463048252,0.364408536951748,0.74,1030.82000000001,3.75591463048252,-5.32907051820075e-15
1394,3.75571309884617,0.364428690115383,0.74,1031.56000000001,3.75571309884614,-3.64153152077051e-14
1395,3.75551156653586,0.364448843346414,0.74,1032.30000000001,3.75551156653585,-7.105427357601e-15
1396,3.75531003354311,0.364468996645689,0.74,1033.04000000001,3.75531003354312,6.21724893790088e-15
1397,3.75510849985935,0.364489150014065,0.74,1033.78000000001,3.75510849985934,-3.5527136788005e-15
1398,3.7549069654759,0.36450930345241,0.74,1034.52000000001,3.75490696547589,-2.66453525910038e-15
1399,3.75470543038409,0.364529456961591,0.74,1035.26000000001,3.75470543038409,-2.66453525910038e-15
1400,3.75450389457521,0.364549610542479,0.74,1036.00000000001,3.75450389457521,-3.10862446895044e-15
1401,3.75430235804046,0.364569764195954,0.74,1036.74000000001,3.75430235804047,4.44089209850063e-15
1402,3.75410082077104,0.364589917922896,0.74,1037.48000000001,3.75410082077106,1.37667655053519e-14
1403,3.75389928275811,0.364610071724189,0.74,1038.22000000001,3.75389928275811,-3.5527136788005e-15
1404,3.75369774399269,0.364630225600731,0.74,1038.96000000001,3.75369774399271,2.04281036531029e-14
1405,3.75349620446588,0.364650379553412,0.74,1039.70000000001,3.75349620446589,1.86517468137026e-14
1406,3.75329466416866,0.364670533583134,0.74,1040.44000000001,3.75329466416865,-1.11022302462516e-14
1407,3.7530931230919,0.36469068769081,0.74,1041.18000000001,3.75309312309192,2.22044604925031e-14
1408,3.75289158122658,0.364710841877342,0.74,1041.92000000001,3.75289158122659,1.59872115546023e-14
1409,3.75269003856351,0.364730996143649,0.74,1042.66000000001,3.7526900385635,-1.02140518265514e-14
1410,3.75248849509342,0.364751150490658,0.74,1043.40000000001,3.75248849509344,2.26485497023532e-14
1411,3.75228695080713,0.364771304919287,0.74,1044.14000000001,3.75228695080713,2.22044604925031e-15
1412,3.75208540569525,0.364791459430475,0.74,1044.88000000001,3.75208540569527,1.68753899743024e-14
1413,3.75188385974849,0.364811614025151,0.74,1045.62000000001,3.75188385974848,-8.43769498715119e-15
1414,3.75168231295734,0.364831768704266,0.74,1046.36000000001,3.75168231295734,-5.77315972805081e-15
1415,3.75148076531238,0.364851923468762,0.74,1047.10000000001,3.75148076531236,-1.73194791841524e-14
1416,3.75127921680405,0.364872078319595,0.74,1047.84000000001,3.75127921680402,-2.79776202205539e-14
1417,3.75107766742272,0.364892233257728,0.74,1048.58000000001,3.75107766742273,1.06581410364015e-14
1418,3.75087611715884,0.364912388284116,0.74,1049.32000000001,3.75087611715884,2.66453525910038e-15
1419,3.75067456600269,0.364932543399731,0.74,1050.06000000001,3.75067456600265,-3.28626015289046e-14
1420,3.7504730139444,0.36495269860556,0.74,1050.80000000001,3.75047301394441,7.99360577730113e-15
1421,3.75027146097429,0.364972853902571,0.74,1051.54000000001,3.75027146097429,1.77635683940025e-15
1422,3.75006990708243,0.364993009291757,0.74,1052.28000000001,3.75006990708243,-6.66133814775094e-15
1423,3.74986835225889,0.365013164774111,0.74,1053.02000000001,3.74986835225888,-4.88498130835069e-15
1424,3.74966679649367,0.365033320350633,0.74,1053.76000000001,3.74966679649366,-7.105427357601e-15
1425,3.74946523977673,0.365053476022327,0.74,1054.50000000001,3.74946523977672,-7.54951656745106e-15
1426,3.7492636820979,0.36507363179021,0.74,1055.24000000001,3.74926368209793,2.75335310107039e-14
1427,3.74906212344715,0.365093787655285,0.74,1055.98000000001,3.74906212344713,-1.73194791841524e-14
1428,3.74886056381408,0.365113943618592,0.74,1056.72000000001,3.74886056381407,-4.44089209850063e-15
1429,3.74865900318846,0.365134099681154,0.74,1057.46000000001,3.74865900318846,-3.5527136788005e-15
1430,3.74845744155994,0.365154255844006,0.74,1058.20000000001,3.74845744155993,-3.99680288865056e-15
1431,3.74825587891809,0.365174412108191,0.74,1058.94000000001,3.74825587891805,-3.28626015289046e-14
1432,3.74805431525238,0.365194568474763,0.74,1059.68000000001,3.74805431525234,-3.59712259978551e-14
1433,3.74785275055223,0.365214724944777,0.74,1060.42000000001,3.74785275055223,4.44089209850063e-16
1434,3.7476511848071,0.36523488151929,0.74,1061.16000000001,3.74765118480709,-3.5527136788005e-15
1435,3.74744961800624,0.365255038199376,0.74,1061.90000000001,3.74744961800625,5.32907051820075e-15
1436,3.74724805013892,0.365275194986108,0.74,1062.64000000001,3.74724805013893,1.24344978758018e-14
1437,3.7470464811943,0.36529535188057,0.74,1063.38000000001,3.74704648119432,1.99840144432528e-14
1438,3.74684491116156,0.365315508883844,0.74,1064.12000000001,3.74684491116152,-3.77475828372553e-14
1439,3.74664334002955,0.365335665997045,0.74,1064.86000000001,3.74664334002957,1.64313007644523e-14
1440,3.74644176778745,0.365355823221255,0.74,1065.60000000001,3.74644176778742,-2.26485497023532e-14
1441,3.74624019442399,0.365375980557601,0.74,1066.34000000001,3.74624019442398,-5.32907051820075e-15
1442,3.74603861992804,0.365396138007196,0.74,1067.08000000001,3.74603861992808,3.33066907387547e-14
1443,3.74583704428846,0.365416295571154,0.74,1067.82000000001,3.74583704428845,-1.37667655053519e-14
1444,3.74563546749377,0.365436453250623,0.74,1068.56000000001,3.74563546749378,1.46549439250521e-14
1445,3.74543388953268,0.365456611046732,0.74,1069.30000000001,3.74543388953268,7.54951656745106e-15
1446,3.7452323103937,0.36547676896063,0.74,1070.04000000001,3.74523231039368,-2.35367281220533e-14
1447,3.74503073006522,0.365496926993478,0.74,1070.78000000001,3.74503073006523,4.44089209850063e-15
1448,3.7448291485357,0.36551708514643,0.74,1071.52000000001,3.74482914853571,8.43769498715119e-15
1449,3.74462756579342,0.365537243420658,0.74,1072.26000000001,3.74462756579343,3.5527136788005e-15
1450,3.74442598182662,0.365557401817338,0.74,1073.00000000001,3.74442598182661,-1.73194791841524e-14
1451,3.74422439662342,0.365577560337658,0.74,1073.74000000001,3.7442243966234,-2.53130849614536e-14
1452,3.74402281017186,0.365597718982814,0.74,1074.48000000001,3.74402281017187,1.50990331349021e-14
1453,3.74382122246001,0.365617877753999,0.74,1075.22000000001,3.74382122246002,3.10862446895044e-15
1454,3.74361963347576,0.365638036652424,0.74,1075.96000000001,3.74361963347575,-1.33226762955019e-14
1455,3.74341804320687,0.365658195679313,0.74,1076.70000000001,3.74341804320689,1.64313007644523e-14
1456,3.74321645164122,0.365678354835878,0.74,1077.44000000001,3.74321645164119,-2.44249065417534e-14
1457,3.74301485876634,0.365698514123366,0.74,1078.18000000001,3.74301485876632,-2.04281036531029e-14
1458,3.74281326456986,0.365718673543014,0.74,1078.92000000001,3.74281326456986,2.66453525910038e-15
1459,3.74261166903932,0.365738833096068,0.74,1079.66000000001,3.74261166903931,-8.43769498715119e-15
1460,3.7424100721621,0.36575899278379,0.74,1080.40000000001,3.74241007216208,-1.99840144432528e-14
1461,3.7422084739255,0.36577915260745,0.74,1081.14000000001,3.7422084739255,4.44089209850063e-16
1462,3.74200687431681,0.365799312568319,0.74,1081.88000000001,3.74200687431681,0
1463,3.74180527332319,0.365819472667681,0.74,1082.62000000001,3.74180527332317,-2.08721928629529e-14
1464,3.74160367093162,0.365839632906838,0.74,1083.36000000001,3.74160367093165,2.26485497023532e-14
1465,3.7414020671292,0.36585979328708,0.74,1084.10000000001,3.74140206712921,1.15463194561016e-14
1466,3.74120046190274,0.365879953809726,0.74,1084.84000000001,3.74120046190276,2.30926389122033e-14
1467,3.74099885523907,0.365900114476093,0.74,1085.58000000001,3.74099885523909,1.50990331349021e-14
1468,3.7407972471249,0.36592027528751,0.74,1086.32000000001,3.7407972471249,-5.77315972805081e-15
1469,3.74059563754685,0.365940436245315,0.74,1087.06000000001,3.74059563754681,-3.59712259978551e-14
1470,3.74039402649132,0.365960597350868,0.74,1087.80000000001,3.74039402649135,3.19744231092045e-14
1471,3.74019241394492,0.365980758605507,0.74,1088.54000000001,3.74019241394494,1.28785870856518e-14
1472,3.73999079989389,0.366000920010611,0.74,1089.28000000001,3.73999079989391,2.48689957516035e-14
1473,3.73978918432451,0.366021081567549,0.74,1090.02000000001,3.73978918432451,6.66133814775094e-15
1474,3.73958756722288,0.366041243277712,0.74,1090.76000000001,3.73958756722288,-1.77635683940025e-15
1475,3.73938594857509,0.366061405142491,0.74,1091.50000000001,3.73938594857506,-2.8421709430404e-14
1476,3.73918432836703,0.366081567163297,0.74,1092.24000000001,3.739184328367,-3.01980662698043e-14
1477,3.73898270658455,0.366101729341545,0.74,1092.98000000001,3.73898270658455,-2.66453525910038e-15
1478,3.73878108321344,0.366121891678656,0.74,1093.72000000001,3.73878108321345,1.24344978758018e-14
1479,3.73857945823937,0.366142054176063,0.74,1094.46000000001,3.73857945823936,-1.24344978758018e-14
1480,3.73837783164782,0.366162216835218,0.74,1095.20000000001,3.73837783164782,-8.88178419700125e-15
1481,3.73817620342427,0.366182379657573,0.74,1095.94000000001,3.73817620342427,-7.99360577730113e-15
1482,3.73797457355406,0.366202542644594,0.74,1096.68000000001,3.73797457355405,-4.44089209850063e-15
1483,3.73777294202239,0.366222705797761,0.74,1097.42000000001,3.73777294202241,1.68753899743024e-14
1484,3.73757130881444,0.366242869118556,0.74,1098.16000000001,3.73757130881446,2.26485497023532e-14
1485,3.73736967391525,0.366263032608475,0.74,1098.90000000001,3.73736967391524,-1.15463194561016e-14
1486,3.73716803730966,0.366283196269034,0.74,1099.64000000001,3.73716803730967,7.99360577730113e-15
1487,3.73696639898253,0.366303360101747,0.74,1100.38000000001,3.73696639898254,1.06581410364015e-14
1488,3.73676475891858,0.366323524108142,0.74,1101.12000000001,3.73676475891857,-1.11022302462516e-14
1489,3.73656311710232,0.366343688289768,0.74,1101.86000000001,3.73656311710234,2.22044604925031e-14
1490,3.73636147351834,0.366363852648166,0.74,1102.60000000001,3.73636147351834,-5.32907051820075e-15
1491,3.73615982815093,0.366384017184907,0.74,1103.34000000001,3.73615982815092,-8.43769498715119e-15
1492,3.73595818098437,0.366404181901563,0.74,1104.08000000001,3.73595818098435,-1.55431223447522e-14
1493,3.7357565320028,0.36642434679972,0.74,1104.82000000001,3.73575653200277,-2.62012633811537e-14
1494,3.73555488119021,0.366444511880979,0.74,1105.56000000001,3.7355548811902,-1.33226762955019e-14
1495,3.73535322853056,0.366464677146944,0.74,1106.30000000001,3.73535322853055,-9.32587340685131e-15
1496,3.7351515740076,0.36648484259924,0.74,1107.04000000001,3.73515157400761,1.02140518265514e-14
1497,3.73494991760509,0.366505008239491,0.74,1107.78000000001,3.73494991760507,-2.44249065417534e-14
1498,3.73474825930649,0.366525174069351,0.74,1108.52000000001,3.73474825930647,-1.46549439250521e-14
1499,3.73454659909524,0.366545340090476,0.74,1109.26000000001,3.73454659909526,1.73194791841524e-14
1500,3.73434493695476,0.366565506304524,0.74,1110.00000000001,3.73434493695474,-1.4210854715202e-14
1501,3.73414327286812,0.366585672713188,0.74,1110.74000000001,3.73414327286812,-5.77315972805081e-15
1502,3.73394160681846,0.366605839318154,0.74,1111.48000000001,3.73394160681846,-4.44089209850063e-15
1503,3.73373993878869,0.366626006121131,0.74,1112.22000000001,3.73373993878871,1.82076576038526e-14
1504,3.73353826876172,0.366646173123828,0.74,1112.96000000001,3.73353826876168,-3.59712259978551e-14
1505,3.73333659672008,0.366666340327992,0.74,1113.70000000001,3.73333659672009,7.105427357601e-15
1506,3.73313492264649,0.366686507735351,0.74,1114.44000000001,3.73313492264648,-6.21724893790088e-15
1507,3.73293324652332,0.366706675347668,0.74,1115.18000000001,3.7329332465233,-1.33226762955019e-14
1508,3.73273156833284,0.366726843166716,0.74,1115.92000000001,3.73273156833287,2.8421709430404e-14
1509,3.73252988805737,0.366747011194263,0.74,1116.66000000001,3.73252988805735,-2.39808173319034e-14
1510,3.73232820567881,0.366767179432119,0.74,1117.40000000001,3.73232820567879,-1.95399252334028e-14
1511,3.73212652117914,0.366787347882086,0.74,1118.14000000001,3.73212652117912,-2.39808173319034e-14
1512,3.73192483454008,0.366807516545992,0.74,1118.88000000001,3.7319248345401,1.68753899743024e-14
1513,3.73172314574336,0.366827685425664,0.74,1119.62000000001,3.73172314574338,2.1316282072803e-14
1514,3.73152145477047,0.366847854522953,0.74,1120.36000000001,3.73152145477047,1.33226762955019e-15
1515,3.73131976160275,0.366868023839725,0.74,1121.10000000001,3.73131976160275,8.88178419700125e-16
1516,3.73111806622143,0.366888193377857,0.74,1121.84000000001,3.73111806622143,7.99360577730113e-15
1517,3.73091636860764,0.366908363139236,0.74,1122.58000000001,3.73091636860763,-1.15463194561016e-14
1518,3.73071466874225,0.366928533125775,0.74,1123.32000000001,3.73071466874227,1.99840144432528e-14
1519,3.73051296660617,0.366948703339383,0.74,1124.06000000001,3.73051296660618,1.06581410364015e-14
1520,3.73031126218004,0.366968873781996,0.74,1124.80000000001,3.73031126218002,-1.95399252334028e-14
1521,3.7301095554443,0.36698904445557,0.74,1125.54000000001,3.7301095554443,3.5527136788005e-15
1522,3.7299078463794,0.36700921536206,0.74,1126.28000000001,3.72990784637941,9.76996261670138e-15
1523,3.7297061349656,0.36702938650344,0.74,1127.02000000001,3.72970613496557,-2.1316282072803e-14
1524,3.72950442118287,0.367049557881713,0.74,1127.76000000001,3.72950442118287,-1.33226762955019e-15
1525,3.72930270501124,0.367069729498876,0.74,1128.50000000001,3.72930270501121,-2.26485497023532e-14
1526,3.72910098643041,0.367089901356959,0.74,1129.24000000001,3.7291009864304,-1.11022302462516e-14
1527,3.72889926542004,0.367110073457996,0.74,1129.98000000001,3.72889926542005,7.99360577730113e-15
1528,3.72869754195963,0.367130245804037,0.74,1130.72000000001,3.72869754195963,-8.88178419700125e-16
1529,3.72849581602847,0.367150418397153,0.74,1131.46000000001,3.72849581602847,4.44089209850063e-16
1530,3.72829408760569,0.367170591239431,0.74,1132.20000000001,3.72829408760573,3.5527136788005e-14
1531,3.7280923566704,0.36719076433296,0.74,1132.94000000001,3.7280923566704,-1.77635683940025e-15
1532,3.72789062320135,0.367210937679865,0.74,1133.68000000001,3.72789062320134,-5.32907051820075e-15
1533,3.72768888717724,0.367231111282276,0.74,1134.42000000001,3.72768888717723,-3.10862446895044e-15
1534,3.72748714857659,0.367251285142341,0.74,1135.16000000001,3.7274871485766,1.86517468137026e-14
1535,3.72728540737782,0.367271459262218,0.74,1135.90000000001,3.72728540737781,-7.99360577730113e-15
1536,3.72708366355906,0.367291633644094,0.74,1136.64000000001,3.72708366355906,4.44089209850063e-16
1537,3.72688191709838,0.367311808290162,0.74,1137.38000000001,3.72688191709837,-1.06581410364015e-14
1538,3.72668016797363,0.367331983202637,0.74,1138.12000000001,3.72668016797362,-7.105427357601e-15
1539,3.72647841616251,0.367352158383749,0.74,1138.86000000001,3.7264784161625,-8.43769498715119e-15
1540,3.72627666164252,0.367372333835748,0.74,1139.60000000001,3.72627666164254,2.26485497023532e-14
1541,3.72607490439111,0.367392509560889,0.74,1140.34000000001,3.72607490439109,-1.86517468137026e-14
1542,3.72587314438536,0.367412685561464,0.74,1141.08000000001,3.72587314438535,-1.06581410364015e-14
1543,3.7256713816023,0.36743286183977,0.74,1141.82000000001,3.72567138160232,2.04281036531029e-14
1544,3.72546961601881,0.367453038398119,0.74,1142.56000000001,3.72546961601883,1.82076576038526e-14
1545,3.72526784761155,0.367473215238845,0.74,1143.30000000001,3.72526784761155,1.77635683940025e-15
1546,3.72506607635694,0.367493392364306,0.74,1144.04000000001,3.72506607635695,1.50990331349021e-14
1547,3.72486430223137,0.367513569776863,0.74,1144.78000000001,3.72486430223134,-2.44249065417534e-14
1548,3.72466252521085,0.367533747478915,0.74,1145.52000000001,3.72466252521084,-9.32587340685131e-15
1549,3.72446074527133,0.367553925472867,0.74,1146.26000000001,3.72446074527137,4.21884749357559e-14
1550,3.72425896238869,0.367574103761131,0.74,1147.00000000001,3.7242589623887,1.24344978758018e-14
1551,3.72405717653839,0.367594282346161,0.74,1147.74000000001,3.72405717653839,-5.32907051820075e-15
1552,3.72385538769583,0.367614461230417,0.74,1148.48000000001,3.72385538769582,-1.68753899743024e-14
1553,3.72365359583614,0.367634640416386,0.74,1149.22000000001,3.72365359583618,3.68594044175552e-14
1554,3.72345180093444,0.367654819906556,0.74,1149.96000000001,3.72345180093447,2.48689957516035e-14
1555,3.7232500029655,0.36767499970345,0.74,1150.70000000001,3.72325000296549,-7.105427357601e-15
1556,3.72304820190388,0.367695179809612,0.74,1151.44000000001,3.72304820190387,-5.77315972805081e-15
1557,3.72284639772403,0.367715360227597,0.74,1152.18000000001,3.72284639772403,-8.88178419700125e-16
1558,3.72264459040019,0.367735540959981,0.74,1152.92000000001,3.72264459040017,-2.04281036531029e-14
1559,3.72244277990634,0.367755722009366,0.74,1153.66000000001,3.72244277990634,-4.44089209850063e-15
1560,3.72224096621636,0.367775903378364,0.74,1154.40000000001,3.72224096621635,-9.76996261670138e-15
1561,3.72203914930384,0.367796085069616,0.74,1155.14000000001,3.72203914930383,-1.02140518265514e-14
1562,3.72183732914218,0.367816267085782,0.74,1155.88000000001,3.72183732914219,1.68753899743024e-14
1563,3.72163550570463,0.367836449429537,0.74,1156.62000000001,3.72163550570466,3.01980662698043e-14
1564,3.72143367896422,0.367856632103578,0.74,1157.36000000001,3.72143367896423,1.02140518265514e-14
1565,3.72123184889369,0.367876815110631,0.74,1158.10000000001,3.72123184889371,1.28785870856518e-14
1566,3.72103001546569,0.367896998453431,0.74,1158.84000000001,3.72103001546568,-3.10862446895044e-15
1567,3.72082817865251,0.367917182134749,0.74,1159.58000000001,3.72082817865253,2.30926389122033e-14
1568,3.7206263384264,0.36793736615736,0.74,1160.32000000001,3.72062633842642,2.30926389122033e-14
1569,3.7204244947593,0.36795755052407,0.74,1161.06000000001,3.7204244947593,-1.77635683940025e-15
1570,3.7202226476229,0.36797773523771,0.74,1161.80000000001,3.72022264762289,-1.24344978758018e-14
1571,3.72002079698873,0.367997920301127,0.74,1162.54000000001,3.72002079698872,-1.68753899743024e-14
1572,3.71981894282808,0.368018105717192,0.74,1163.28000000001,3.71981894282807,-1.73194791841524e-14
1573,3.71961708511202,0.368038291488798,0.74,1164.02000000001,3.71961708511201,-1.11022302462516e-14
1574,3.71941522381141,0.368058477618859,0.74,1164.76000000001,3.71941522381139,-1.95399252334028e-14
1575,3.71921335889684,0.368078664110316,0.74,1165.50000000001,3.71921335889683,-7.105427357601e-15
1576,3.71901149033874,0.368098850966126,0.74,1166.24000000001,3.71901149033872,-2.39808173319034e-14
1577,3.71880961810723,0.368119038189277,0.74,1166.98000000001,3.71880961810722,-8.43769498715119e-15
1578,3.71860774217225,0.368139225782775,0.74,1167.72000000001,3.71860774217226,1.06581410364015e-14
1579,3.71840586250354,0.368159413749646,0.74,1168.46000000001,3.71840586250354,-4.44089209850063e-16
1580,3.71820397907055,0.368179602092945,0.74,1169.20000000001,3.71820397907052,-2.79776202205539e-14
1581,3.71800209184244,0.368199790815756,0.74,1169.94000000001,3.71800209184243,-1.02140518265514e-14
1582,3.71780020078825,0.368219979921175,0.74,1170.68000000001,3.71780020078824,-1.11022302462516e-14
1583,3.71759830587669,0.368240169412331,0.74,1171.42000000001,3.71759830587669,3.10862446895044e-15
1584,3.71739640707628,0.368260359292372,0.74,1172.16000000001,3.7173964070763,2.53130849614536e-14
1585,3.71719450435532,0.368280549564468,0.74,1172.90000000001,3.71719450435532,-1.77635683940025e-15
1586,3.71699259768178,0.368300740231822,0.74,1173.64000000001,3.71699259768174,-3.81916720471054e-14
1587,3.71679068702332,0.368320931297668,0.74,1174.38000000001,3.71679068702334,1.82076576038526e-14
1588,3.71658877234759,0.368341122765241,0.74,1175.12000000001,3.71658877234761,1.68753899743024e-14
1589,3.71638685362183,0.368361314637817,0.74,1175.86000000001,3.71638685362181,-1.68753899743024e-14
1590,3.71618493081294,0.368381506918706,0.74,1176.60000000001,3.71618493081294,-2.66453525910038e-15
1591,3.71598300388774,0.368401699611226,0.74,1177.34000000001,3.71598300388774,-3.5527136788005e-15
1592,3.71578107281269,0.368421892718731,0.74,1178.08000000001,3.71578107281269,-1.33226762955019e-15
1593,3.71557913755404,0.368442086244596,0.74,1178.82000000001,3.71557913755401,-3.86357612569554e-14
1594,3.71537719807765,0.368462280192235,0.74,1179.56000000001,3.71537719807765,2.66453525910038e-15
1595,3.7151752543493,0.36848247456507,0.74,1180.30000000001,3.71517525434931,3.5527136788005e-15
1596,3.7149733063344,0.36850266936656,0.74,1181.04000000001,3.7149733063344,3.10862446895044e-15
1597,3.71477135399809,0.368522864600191,0.74,1181.78000000001,3.71477135399809,-1.33226762955019e-15
1598,3.71456939730524,0.368543060269476,0.74,1182.52000000001,3.71456939730524,-2.22044604925031e-15
1599,3.71436743622047,0.368563256377953,0.74,1183.26000000001,3.71436743622046,-9.76996261670138e-15
1600,3.71416547070808,0.368583452929192,0.74,1184.00000000001,3.71416547070808,8.88178419700125e-16
1601,3.71396350073218,0.368603649926782,0.74,1184.74000000001,3.71396350073215,-2.53130849614536e-14
1602,3.71376152625643,0.368623847374357,0.74,1185.48000000001,3.71376152625644,2.22044604925031e-15
1603,3.71355954724442,0.368644045275558,0.74,1186.22000000001,3.71355954724442,1.77635683940025e-15
1604,3.71335756365932,0.368664243634068,0.74,1186.96000000001,3.71335756365929,-2.17603712826531e-14
1605,3.71315557546396,0.368684442453604,0.74,1187.70000000001,3.71315557546397,1.68753899743024e-14
1606,3.71295358262108,0.368704641737892,0.74,1188.44000000001,3.71295358262108,-4.88498130835069e-15
1607,3.71275158509292,0.368724841490708,0.74,1189.18000000001,3.71275158509293,1.19904086659517e-14
1608,3.71254958284155,0.368745041715845,0.74,1189.92000000001,3.71254958284156,1.11022302462516e-14
1609,3.71234757582869,0.368765242417131,0.74,1190.66000000001,3.7123475758287,1.02140518265514e-14
1610,3.7121455640158,0.36878544359842,0.74,1191.40000000001,3.71214556401578,-1.95399252334028e-14
1611,3.71194354736392,0.368805645263608,0.74,1192.14000000001,3.71194354736393,1.77635683940025e-14
1612,3.71174152583401,0.368825847416599,0.74,1192.88000000001,3.71174152583398,-2.97539770599542e-14
1613,3.71153949938645,0.368846050061355,0.74,1193.62000000001,3.71153949938645,2.22044604925031e-15
1614,3.71133746798156,0.368866253201844,0.74,1194.36000000001,3.71133746798154,-2.93098878501041e-14
1615,3.71113543157915,0.368886456842085,0.74,1195.10000000001,3.71113543157914,-1.4210854715202e-14
1616,3.71093339013885,0.368906660986115,0.74,1195.84000000001,3.71093339013883,-1.37667655053519e-14
1617,3.7107313436199,0.36892686563801,0.74,1196.58000000001,3.71073134361989,-8.88178419700125e-15
1618,3.71052929198126,0.368947070801874,0.74,1197.32000000001,3.71052929198124,-1.73194791841524e-14
1619,3.71032723518152,0.368967276481848,0.74,1198.06000000001,3.71032723518152,-7.99360577730113e-15
1620,3.71012517317899,0.368987482682101,0.74,1198.80000000001,3.710125173179,7.54951656745106e-15
1621,3.70992310593167,0.369007689406833,0.74,1199.54000000001,3.70992310593167,1.77635683940025e-15
1622,3.70972103339716,0.369027896660284,0.74,1200.28000000001,3.70972103339715,-1.19904086659517e-14
1623,3.70951895553276,0.369048104446724,0.74,1201.02000000001,3.70951895553274,-1.55431223447522e-14
1624,3.70931687229543,0.369068312770457,0.74,1201.76000000001,3.70931687229542,-9.32587340685131e-15
1625,3.70911478364178,0.369088521635822,0.74,1202.50000000001,3.70911478364181,3.24185123190546e-14
1626,3.70891268952818,0.369108731047182,0.74,1203.24000000001,3.7089126895282,2.35367281220533e-14
1627,3.70871058991054,0.369128941008946,0.74,1203.98000000001,3.70871058991053,-1.02140518265514e-14
1628,3.70850848474439,0.369149151525561,0.74,1204.72000000001,3.70850848474439,4.88498130835069e-15
1629,3.70830637398501,0.369169362601499,0.74,1205.46000000001,3.70830637398503,2.26485497023532e-14
1630,3.70810425758737,0.369189574241263,0.74,1206.20000000001,3.70810425758735,-1.55431223447522e-14
1631,3.70790213550589,0.369209786449411,0.74,1206.94000000001,3.70790213550588,-1.19904086659517e-14
1632,3.7077000076948,0.36922999923052,0.74,1207.68000000001,3.7077000076948,4.44089209850063e-16
1633,3.70749787410793,0.369250212589207,0.74,1208.42000000001,3.70749787410793,-2.22044604925031e-15
1634,3.70729573469873,0.369270426530127,0.74,1209.16000000001,3.70729573469872,-1.19904086659517e-14
1635,3.70709358942025,0.369290641057975,0.74,1209.90000000001,3.70709358942027,1.24344978758018e-14
1636,3.70689143822531,0.369310856177469,0.74,1210.64000000001,3.70689143822528,-3.10862446895044e-14
1637,3.7066892810661,0.36933107189339,0.74,1211.38000000001,3.70668928106611,7.105427357601e-15
1638,3.70648711789474,0.369351288210526,0.74,1212.12000000001,3.70648711789472,-1.4210854715202e-14
1639,3.7062849486627,0.36937150513373,0.74,1212.86000000001,3.70628494866271,1.33226762955019e-14
1640,3.70608277332127,0.369391722667873,0.74,1213.60000000001,3.70608277332128,1.06581410364015e-14
1641,3.70588059182126,0.369411940817874,0.74,1214.34000000001,3.70588059182125,-8.88178419700125e-16
1642,3.70567840411309,0.369432159588691,0.74,1215.08000000001,3.70567840411307,-1.73194791841524e-14
1643,3.70547621014677,0.369452378985323,0.74,1215.82000000001,3.70547621014677,-2.22044604925031e-15
1644,3.70527400987197,0.369472599012803,0.74,1216.56000000001,3.705274009872,2.97539770599542e-14
1645,3.70507180323801,0.369492819676199,0.74,1217.30000000001,3.70507180323802,4.88498130835069e-15
1646,3.70486959019368,0.369513040980632,0.74,1218.04000000001,3.70486959019367,-8.43769498715119e-15
1647,3.70466737068739,0.369533262931261,0.74,1218.78000000001,3.70466737068741,2.30926389122033e-14
1648,3.70446514466727,0.369553485533273,0.74,1219.52000000001,3.70446514466727,7.54951656745106e-15
1649,3.70426291208088,0.369573708791912,0.74,1220.26000000001,3.70426291208089,1.37667655053519e-14
1650,3.70406067287544,0.369593932712456,0.74,1221.00000000001,3.70406067287548,3.64153152077051e-14
1651,3.70385842699784,0.369614157300216,0.74,1221.74000000001,3.70385842699783,-5.32907051820075e-15
1652,3.70365617439433,0.369634382560567,0.74,1222.48000000001,3.70365617439434,1.24344978758018e-14
1653,3.70345391501095,0.369654608498905,0.74,1223.22000000001,3.70345391501094,-1.28785870856518e-14
1654,3.70325164879318,0.369674835120682,0.74,1223.96000000001,3.70325164879317,-1.02140518265514e-14
1655,3.70304937568613,0.369695062431387,0.74,1224.70000000001,3.70304937568613,-1.77635683940025e-15
1656,3.7028470956345,0.36971529043655,0.74,1225.44000000001,3.70284709563448,-1.73194791841524e-14
1657,3.70264480858245,0.369735519141755,0.74,1226.18000000001,3.70264480858244,-1.02140518265514e-14
1658,3.7024425144738,0.36975574855262,0.74,1226.92000000001,3.7024425144738,-6.66133814775094e-15
1659,3.70224021325191,0.369775978674809,0.74,1227.66000000001,3.70224021325189,-2.39808173319034e-14
1660,3.70203790485957,0.369796209514043,0.74,1228.40000000001,3.70203790485961,4.13002965160558e-14
1661,3.70183558923941,0.369816441076059,0.74,1229.14000000001,3.70183558923939,-1.50990331349021e-14
1662,3.70163326633323,0.369836673366677,0.74,1229.88000000001,3.70163326633323,-2.22044604925031e-15
1663,3.70143093608263,0.369856906391737,0.74,1230.62000000001,3.70143093608264,1.11022302462516e-14
1664,3.70122859842868,0.369877140157132,0.74,1231.36000000001,3.70122859842869,3.99680288865056e-15
1665,3.70102625331197,0.369897374668803,0.74,1232.10000000001,3.70102625331197,3.5527136788005e-15
1666,3.70082390067259,0.369917609932741,0.74,1232.84000000001,3.70082390067261,1.86517468137026e-14
1667,3.70062154045027,0.369937845954973,0.74,1233.58000000001,3.70062154045025,-1.68753899743024e-14
1668,3.70041917258408,0.369958082741592,0.74,1234.32000000001,3.70041917258408,5.77315972805081e-15
1669,3.70021679701279,0.369978320298721,0.74,1235.06000000001,3.70021679701279,8.88178419700125e-16
1670,3.70001441367458,0.369998558632542,0.74,1235.80000000001,3.70001441367457,-9.76996261670138e-15
1671,3.69981202250716,0.370018797749284,0.74,1236.54000000001,3.69981202250715,-8.88178419700125e-15
1672,3.69960962344777,0.370039037655223,0.74,1237.28000000001,3.69960962344775,-1.64313007644523e-14
1673,3.69940721643309,0.370059278356691,0.74,1238.02000000001,3.6994072164331,1.73194791841524e-14
1674,3.69920480139945,0.370079519860055,0.74,1238.76000000001,3.69920480139943,-1.77635683940025e-14
1675,3.69900237828244,0.370099762171756,0.74,1239.50000000001,3.69900237828244,4.44089209850063e-16
1676,3.69879994701733,0.370120005298266,0.74,1240.24000000001,3.69879994701736,2.97539770599542e-14
1677,3.69859750753889,0.370140249246111,0.74,1240.98000000001,3.69859750753889,-5.77315972805081e-15
1678,3.69839505978121,0.370160494021879,0.74,1241.72000000001,3.69839505978119,-1.68753899743024e-14
1679,3.69819260367791,0.370180739632209,0.74,1242.46000000001,3.69819260367793,1.90958360235527e-14
1680,3.69799013916224,0.370200986083776,0.74,1243.20000000001,3.69799013916224,-8.88178419700125e-16
1681,3.69778766616673,0.370221233383327,0.74,1243.94000000001,3.69778766616673,-2.66453525910038e-15
1682,3.69758518462345,0.370241481537655,0.74,1244.68000000001,3.69758518462346,9.32587340685131e-15
1683,3.69738269446398,0.370261730553602,0.74,1245.42000000001,3.69738269446396,-2.35367281220533e-14
1684,3.69718019561921,0.370281980438079,0.74,1246.16000000001,3.69718019561922,7.105427357601e-15
1685,3.69697768801967,0.370302231198033,0.74,1246.90000000001,3.69697768801967,3.10862446895044e-15
1686,3.69677517159522,0.370322482840478,0.74,1247.64000000001,3.69677517159522,-2.22044604925031e-15
1687,3.69657264627517,0.370342735372483,0.74,1248.38000000001,3.69657264627518,7.105427357601e-15
1688,3.69637011198833,0.370362988801167,0.74,1249.12000000001,3.69637011198833,0
1689,3.69616756866287,0.370383243133713,0.74,1249.86000000001,3.69616756866288,3.99680288865056e-15
1690,3.69596501622647,0.370403498377353,0.74,1250.60000000001,3.69596501622646,-1.11022302462516e-14
1691,3.69576245460615,0.370423754539385,0.74,1251.34000000001,3.69576245460613,-2.17603712826531e-14
1692,3.69555988372838,0.370444011627162,0.74,1252.08000000001,3.69555988372839,9.76996261670138e-15
1693,3.69535730351913,0.370464269648087,0.74,1252.82000000001,3.69535730351913,-3.5527136788005e-15
1694,3.69515471390366,0.370484528609634,0.74,1253.56000000001,3.69515471390366,0
1695,3.69495211480671,0.370504788519329,0.74,1254.30000000001,3.69495211480671,2.66453525910038e-15
1696,3.69474950615242,0.370525049384758,0.74,1255.04000000001,3.6947495061524,-1.50990331349021e-14
1697,3.69454688786425,0.370545311213575,0.74,1255.78000000001,3.69454688786426,7.54951656745106e-15
1698,3.69434425986518,0.370565574013482,0.74,1256.52000000001,3.69434425986518,7.99360577730113e-15
1699,3.6941416220775,0.37058583779225,0.74,1257.26000000001,3.69414162207749,-6.21724893790088e-15
1700,3.69393897442288,0.370606102557712,0.74,1258.00000000001,3.69393897442286,-1.86517468137026e-14
1701,3.69373631682234,0.370626368317766,0.74,1258.74000000001,3.69373631682236,1.82076576038526e-14
1702,3.69353364919641,0.370646635080359,0.74,1259.48000000001,3.69353364919642,1.06581410364015e-14
1703,3.69333097146486,0.370666902853514,0.74,1260.22000000001,3.69333097146486,-1.77635683940025e-15
1704,3.69312828354686,0.370687171645315,0.74,1260.96000000001,3.69312828354684,-1.82076576038526e-14
1705,3.69292558536088,0.370707441463912,0.74,1261.70000000001,3.69292558536088,2.22044604925031e-15
1706,3.69272287682492,0.370727712317508,0.74,1262.44000000001,3.69272287682488,-3.41948691584548e-14
1707,3.69252015785608,0.370747984214392,0.74,1263.18000000001,3.69252015785606,-2.04281036531029e-14
1708,3.69231742837098,0.370768257162902,0.74,1263.92000000001,3.69231742837099,3.99680288865056e-15
1709,3.69211468828559,0.370788531171442,0.74,1264.66000000001,3.69211468828558,-9.32587340685131e-15
1710,3.69191193751504,0.370808806248496,0.74,1265.40000000001,3.69191193751506,1.99840144432528e-14
1711,3.69170917597404,0.370829082402596,0.74,1266.14000000001,3.69170917597402,-1.77635683940025e-14
1712,3.69150640357631,0.370849359642369,0.74,1266.88000000001,3.69150640357634,2.66453525910038e-14
1713,3.69130362023523,0.370869637976477,0.74,1267.62000000001,3.69130362023522,-1.19904086659517e-14
1714,3.69110082586317,0.370889917413683,0.74,1268.36000000001,3.69110082586318,7.105427357601e-15
1715,3.69089802037206,0.370910197962794,0.74,1269.10000000001,3.69089802037204,-1.59872115546023e-14
1716,3.69069520367293,0.370930479632707,0.74,1269.84000000001,3.69069520367293,-8.88178419700125e-16
1717,3.69049237567626,0.370950762432374,0.74,1270.58000000001,3.69049237567625,-3.10862446895044e-15
1718,3.69028953629171,0.370971046370829,0.74,1271.32000000001,3.69028953629172,3.10862446895044e-15
1719,3.6900866854283,0.37099133145717,0.74,1272.06000000001,3.69008668542831,9.76996261670138e-15
1720,3.68988382299426,0.371011617700574,0.74,1272.80000000001,3.68988382299429,2.44249065417534e-14
1721,3.68968094889718,0.371031905110282,0.74,1273.54000000001,3.68968094889719,9.32587340685131e-15
1722,3.68947806304382,0.371052193695618,0.74,1274.28000000001,3.68947806304381,-1.37667655053519e-14
1723,3.68927516534021,0.371072483465979,0.74,1275.02000000001,3.68927516534021,3.10862446895044e-15
1724,3.68907225569168,0.371092774430832,0.74,1275.76000000001,3.6890722556917,1.64313007644523e-14
1725,3.68886933400285,0.371113066599715,0.74,1276.50000000001,3.68886933400284,-3.10862446895044e-15
1726,3.68866640017745,0.371133359982255,0.74,1277.24000000001,3.68866640017744,-1.82076576038526e-14
1727,3.68846345411851,0.371153654588149,0.74,1277.98000000001,3.68846345411851,9.76996261670138e-15
1728,3.68826049572834,0.371173950427166,0.74,1278.72000000001,3.68826049572835,3.99680288865056e-15
1729,3.68805752490843,0.371194247509157,0.74,1279.46000000001,3.68805752490842,-9.32587340685131e-15
1730,3.68785454155943,0.371214545844057,0.74,1280.20000000001,3.68785454155944,9.76996261670138e-15
1731,3.68765154558133,0.371234845441867,0.74,1280.94000000001,3.68765154558132,-7.105427357601e-15
1732,3.68744853687318,0.371255146312682,0.74,1281.68000000001,3.68744853687319,1.59872115546023e-14
1733,3.68724551533333,0.371275448466667,0.74,1282.42000000001,3.68724551533336,3.28626015289046e-14
1734,3.68704248085936,0.371295751914064,0.74,1283.16000000001,3.68704248085935,-1.28785870856518e-14
1735,3.68683943334787,0.371316056665213,0.74,1283.90000000001,3.68683943334784,-2.88657986402541e-14
1736,3.68663637269472,0.371336362730528,0.74,1284.64000000001,3.68663637269472,-2.22044604925031e-15
1737,3.68643329879504,0.371356670120496,0.74,1285.38000000001,3.68643329879503,-1.06581410364015e-14
1738,3.68623021154298,0.371376978845702,0.74,1286.12000000001,3.68623021154298,4.44089209850063e-16
1739,3.68602711083193,0.371397288916807,0.74,1286.86000000001,3.68602711083194,1.11022302462516e-14
1740,3.68582399655446,0.371417600344554,0.74,1287.60000000001,3.68582399655444,-2.04281036531029e-14
1741,3.68562086860217,0.371437913139783,0.74,1288.34000000001,3.68562086860215,-2.53130849614536e-14
1742,3.68541772686586,0.371458227313414,0.74,1289.08000000001,3.68541772686586,-8.88178419700125e-16
1743,3.68521457123555,0.371478542876445,0.74,1289.82000000001,3.68521457123553,-1.59872115546023e-14
1744,3.68501140160024,0.371498859839976,0.74,1290.56000000001,3.68501140160022,-1.99840144432528e-14
1745,3.68480821784809,0.371519178215191,0.74,1291.30000000001,3.68480821784809,7.54951656745106e-15
1746,3.68460501986647,0.371539498013353,0.74,1292.04000000001,3.68460501986646,-6.66133814775094e-15
1747,3.68440180754172,0.371559819245828,0.74,1292.78000000001,3.68440180754171,-7.54951656745106e-15
1748,3.68419858075933,0.371580141924067,0.74,1293.52000000001,3.68419858075934,7.54951656745106e-15
1749,3.68399533940391,0.371600466059609,0.74,1294.26000000001,3.68399533940392,1.19904086659517e-14
1750,3.68379208335912,0.371620791664088,0.74,1295.00000000001,3.68379208335912,-8.88178419700125e-16
1751,3.68358881250771,0.371641118749229,0.74,1295.74000000001,3.68358881250768,-2.39808173319034e-14
1752,3.68338552673143,0.371661447326857,0.74,1296.48000000001,3.68338552673141,-1.90958360235527e-14
1753,3.6831822259112,0.37168177740888,0.74,1297.22000000001,3.68318222591116,-3.37507799486048e-14
1754,3.68297890992687,0.371702109007313,0.74,1297.96000000001,3.68297890992686,-1.19904086659517e-14
1755,3.68277557865744,0.371722442134256,0.74,1298.70000000001,3.68277557865747,2.8421709430404e-14
1756,3.682572231981,0.3717427768019,0.74,1299.44000000001,3.68257223198099,-1.19904086659517e-14
1757,3.68236886977445,0.371763113022555,0.74,1300.18000000001,3.68236886977444,-1.06581410364015e-14
1758,3.68216549191388,0.371783450808612,0.74,1300.92000000001,3.68216549191388,8.88178419700125e-16
1759,3.68196209827437,0.371803790172563,0.74,1301.66000000001,3.68196209827437,1.33226762955019e-15
1760,3.68175868872999,0.371824131127001,0.74,1302.40000000001,3.68175868872998,-1.77635683940025e-15
1761,3.6815552631538,0.37184447368462,0.74,1303.14000000001,3.68155526315379,-9.76996261670138e-15
1762,3.68135182141785,0.371864817858215,0.74,1303.88000000001,3.68135182141784,-8.43769498715119e-15
1763,3.68114836339322,0.371885163660678,0.74,1304.62000000001,3.68114836339318,-3.59712259978551e-14
1764,3.68094488894982,0.371905511105018,0.74,1305.36000000001,3.68094488894983,7.54951656745106e-15
1765,3.68074139795675,0.371925860204325,0.74,1306.10000000001,3.68074139795676,1.24344978758018e-14
1766,3.6805378902819,0.37194621097181,0.74,1306.84000000001,3.68053789028192,2.26485497023532e-14
1767,3.68033436579216,0.371966563420784,0.74,1307.58000000001,3.68033436579219,2.22044604925031e-14
1768,3.6801308243534,0.37198691756466,0.74,1308.32000000001,3.68013082435339,-9.32587340685131e-15
1769,3.67992726583032,0.372007273416968,0.74,1309.06000000001,3.67992726583029,-2.53130849614536e-14
1770,3.67972369008655,0.372027630991345,0.74,1309.80000000001,3.67972369008657,2.62012633811537e-14
1771,3.67952009698482,0.372047990301518,0.74,1310.54000000001,3.67952009698484,2.08721928629529e-14
1772,3.6793164863866,0.37206835136134,0.74,1311.28000000001,3.67931648638659,-7.54951656745106e-15
1773,3.67911285815222,0.372088714184778,0.74,1312.02000000001,3.67911285815223,8.43769498715119e-15
1774,3.67890921214106,0.372109078785893,0.74,1312.76000000001,3.67890921214106,-7.99360577730113e-15
1775,3.67870554821121,0.372129445178879,0.74,1313.50000000001,3.67870554821124,2.62012633811537e-14
1776,3.67850186621985,0.372149813378015,0.74,1314.24000000001,3.67850186621982,-2.57571741713036e-14
1777,3.6782981660227,0.37217018339773,0.74,1314.98000000001,3.67829816602271,1.02140518265514e-14
1778,3.67809444747468,0.372190555252532,0.74,1315.72000000001,3.67809444747467,-1.15463194561016e-14
1779,3.67789071042932,0.372210928957068,0.74,1316.46000000001,3.67789071042929,-3.15303338993544e-14
1780,3.67768695473902,0.372231304526098,0.74,1317.20000000001,3.67768695473903,1.06581410364015e-14
1781,3.67748318025514,0.372251681974486,0.74,1317.94000000001,3.67748318025513,-3.10862446895044e-15
1782,3.67727938682771,0.372272061317229,0.74,1318.68000000001,3.6772793868277,-1.06581410364015e-14
1783,3.67707557430558,0.372292442569442,0.74,1319.42000000001,3.6770755743056,2.04281036531029e-14
1784,3.67687174253652,0.372312825746348,0.74,1320.16000000001,3.67687174253652,8.88178419700125e-16
1785,3.67666789136695,0.372333210863305,0.74,1320.90000000001,3.67666789136694,-5.77315972805081e-15
1786,3.6764640206421,0.37235359793579,0.74,1321.64000000001,3.67646402064211,5.77315972805081e-15
1787,3.67626013020603,0.372373986979397,0.74,1322.38000000001,3.67626013020604,3.5527136788005e-15
1788,3.67605621990151,0.372394378009849,0.74,1323.12000000001,3.6760562199015,-8.43769498715119e-15
1789,3.67585228957,0.372414771043,0.74,1323.86000000001,3.67585228957003,3.19744231092045e-14
1790,3.67564833905189,0.372435166094811,0.74,1324.60000000001,3.67564833905189,4.44089209850063e-15
1791,3.67544436818608,0.372455563181392,0.74,1325.34000000001,3.67544436818607,-7.105427357601e-15
1792,3.67524037681028,0.372475962318972,0.74,1326.08000000001,3.67524037681028,-3.10862446895044e-15
1793,3.6750363647609,0.37249636352391,0.74,1326.82000000001,3.67503636476093,2.93098878501041e-14
1794,3.67483233187312,0.372516766812688,0.74,1327.56000000001,3.67483233187314,2.26485497023532e-14
1795,3.67462827798073,0.372537172201927,0.74,1328.30000000001,3.67462827798072,-9.32587340685131e-15
1796,3.67442420291613,0.372557579708387,0.74,1329.04000000001,3.67442420291614,1.46549439250521e-14
1797,3.67422010651055,0.372577989348945,0.74,1329.78000000001,3.67422010651056,1.06581410364015e-14
1798,3.67401598859377,0.372598401140623,0.74,1330.52000000001,3.67401598859376,-3.10862446895044e-15
1799,3.67381184899421,0.372618815100579,0.74,1331.26000000001,3.67381184899421,2.66453525910038e-15
1800,3.67360768753898,0.372639231246102,0.74,1332.00000000001,3.67360768753897,-1.33226762955019e-15
1801,3.67340350405377,0.372659649594623,0.74,1332.74000000001,3.67340350405377,-8.88178419700125e-16
1802,3.67319929836287,0.372680070163713,0.74,1333.48000000001,3.6731992983629,2.39808173319034e-14
1803,3.67299507028926,0.372700492971074,0.74,1334.22000000001,3.67299507028929,2.97539770599542e-14
1804,3.67279081965447,0.372720918034553,0.74,1334.96000000001,3.67279081965445,-1.55431223447522e-14
1805,3.67258654627847,0.372741345372153,0.74,1335.70000000001,3.67258654627846,-2.22044604925031e-15
1806,3.67238224997999,0.372761775002001,0.74,1336.44000000001,3.67238224997999,-1.77635683940025e-15
1807,3.67217793057623,0.372782206942377,0.74,1337.18000000001,3.67217793057623,3.99680288865056e-15
1808,3.67197358788292,0.372802641211708,0.74,1337.92000000001,3.67197358788295,2.93098878501041e-14
1809,3.67176922171441,0.372823077828559,0.74,1338.66000000001,3.67176922171442,1.15463194561016e-14
1810,3.67156483188347,0.372843516811653,0.74,1339.40000000001,3.67156483188348,3.5527136788005e-15
1811,3.67136041820143,0.372863958179857,0.74,1340.14000000001,3.67136041820142,-1.4210854715202e-14
1812,3.67115598047806,0.372884401952194,0.74,1340.88000000001,3.67115598047806,2.22044604925031e-15
1813,3.67095151852175,0.372904848147825,0.74,1341.62000000001,3.67095151852172,-2.57571741713036e-14
1814,3.67074703213916,0.372925296786084,0.74,1342.36000000001,3.67074703213916,8.88178419700125e-16
1815,3.67054252113562,0.372945747886438,0.74,1343.10000000001,3.67054252113562,8.88178419700125e-15
1816,3.6703379853148,0.37296620146852,0.74,1343.84000000001,3.6703379853148,-7.105427357601e-15
1817,3.67013342447882,0.372986657552118,0.74,1344.58000000001,3.6701334244788,-2.44249065417534e-14
1818,3.66992883842818,0.373007116157182,0.74,1345.32000000001,3.66992883842817,-3.99680288865056e-15
1819,3.6697242269619,0.37302757730381,0.74,1346.06000000001,3.66972422696189,-1.59872115546023e-14
1820,3.66951958987732,0.373048041012268,0.74,1346.80000000001,3.6695195898773,-2.8421709430404e-14
1821,3.66931492697012,0.373068507302988,0.74,1347.54000000001,3.66931492697014,2.66453525910038e-14
1822,3.66911023803456,0.373088976196544,0.74,1348.28000000001,3.66911023803455,-1.59872115546023e-14
1823,3.66890552286299,0.373109447713701,0.74,1349.02000000001,3.66890552286298,-1.33226762955019e-15
1824,3.66870078124626,0.373129921875374,0.74,1349.76000000001,3.66870078124628,2.26485497023532e-14
1825,3.66849601297358,0.373150398702642,0.74,1350.50000000001,3.6684960129736,2.04281036531029e-14
1826,3.6682912178324,0.37317087821676,0.74,1351.24000000001,3.66829121783241,8.88178419700125e-15
1827,3.6680863956085,0.37319136043915,0.74,1351.98000000001,3.66808639560852,1.99840144432528e-14
1828,3.66788154608599,0.373211845391401,0.74,1352.72000000001,3.66788154608599,-8.88178419700125e-16
1829,3.66767666904721,0.373232333095279,0.74,1353.46000000001,3.6676766690472,-1.06581410364015e-14
1830,3.66747176427276,0.373252823572724,0.74,1354.20000000001,3.66747176427277,9.32587340685131e-15
1831,3.66726683154158,0.373273316845842,0.74,1354.94000000001,3.66726683154159,3.99680288865056e-15
1832,3.66706187063079,0.373293812936921,0.74,1355.68000000001,3.66706187063077,-2.1316282072803e-14
1833,3.66685688131565,0.373314311868435,0.74,1356.42000000001,3.66685688131566,9.32587340685131e-15
1834,3.66665186336982,0.373334813663018,0.74,1357.16000000001,3.66665186336983,4.44089209850063e-15
1835,3.66644681656504,0.373355318343496,0.74,1357.90000000001,3.66644681656501,-2.79776202205539e-14
1836,3.66624174067118,0.373375825932882,0.74,1358.64000000001,3.66624174067116,-2.17603712826531e-14
1837,3.66603663545635,0.373396336454365,0.74,1359.38000000001,3.66603663545637,2.04281036531029e-14
1838,3.66583150068689,0.373416849931311,0.74,1360.12000000001,3.6658315006869,8.88178419700125e-15
1839,3.66562633612716,0.373437366387284,0.74,1360.86000000001,3.66562633612715,-1.59872115546023e-14
1840,3.66542114153964,0.373457885846036,0.74,1361.60000000001,3.66542114153962,-1.55431223447522e-14
1841,3.66521591668499,0.373478408331501,0.74,1362.34000000001,3.66521591668496,-2.48689957516035e-14
1842,3.66501066132187,0.373498933867813,0.74,1363.08000000001,3.66501066132188,7.105427357601e-15
1843,3.66480537520718,0.373519462479282,0.74,1363.82000000001,3.66480537520718,-2.22044604925031e-15
1844,3.66460005809571,0.373539994190428,0.74,1364.56000000001,3.66460005809572,2.66453525910038e-15
1845,3.66439470974044,0.373560529025956,0.74,1365.30000000001,3.66439470974041,-2.62012633811537e-14
1846,3.6641893298922,0.37358106701078,0.74,1366.04000000001,3.66418932989219,-3.5527136788005e-15
1847,3.66398391830003,0.373601608169997,0.74,1366.78000000001,3.66398391830002,-8.88178419700125e-15
1848,3.66377847471088,0.373622152528912,0.74,1367.52000000001,3.66377847471086,-1.64313007644523e-14
1849,3.66357299886965,0.373642700113035,0.74,1368.26000000001,3.66357299886966,1.33226762955019e-15
1850,3.66336749051931,0.373663250948069,0.74,1369.00000000001,3.66336749051931,1.33226762955019e-15
1851,3.66316194940069,0.373683805059931,0.74,1369.74000000001,3.66316194940068,-4.88498130835069e-15
1852,3.66295637525261,0.373704362474739,0.74,1370.48000000001,3.66295637525258,-2.17603712826531e-14
1853,3.66275076781173,0.373724923218827,0.74,1371.22000000001,3.66275076781173,-3.5527136788005e-15
1854,3.66254512681274,0.373745487318725,0.74,1371.96000000001,3.66254512681273,-1.15463194561016e-14
1855,3.66233945198812,0.373766054801188,0.74,1372.70000000001,3.66233945198811,-5.77315972805081e-15
1856,3.66213374306821,0.373786625693179,0.74,1373.44000000001,3.66213374306824,2.79776202205539e-14
1857,3.66192799978134,0.373807200021866,0.74,1374.18000000001,3.66192799978134,3.10862446895044e-15
1858,3.66172222185349,0.37382777781465,0.74,1374.92000000001,3.66172222185349,-2.22044604925031e-15
1859,3.66151640900856,0.373848359099144,0.74,1375.66000000001,3.66151640900857,1.11022302462516e-14
1860,3.66131056096825,0.373868943903175,0.74,1376.40000000001,3.66131056096825,3.99680288865056e-15
1861,3.66110467745202,0.373889532254798,0.74,1377.14000000001,3.66110467745201,-7.105427357601e-15
1862,3.66089875817707,0.373910124182293,0.74,1377.88000000001,3.66089875817708,6.21724893790088e-15
1863,3.66069280285842,0.373930719714158,0.74,1378.62000000001,3.66069280285843,6.66133814775094e-15
1864,3.66048681120878,0.373951318879122,0.74,1379.36000000001,3.66048681120878,-8.43769498715119e-15
1865,3.66028078293854,0.373971921706146,0.74,1380.10000000001,3.66028078293854,-3.10862446895044e-15
1866,3.6600747177558,0.37399252822442,0.74,1380.84000000001,3.66007471775583,2.79776202205539e-14
1867,3.65986861536646,0.374013138463354,0.74,1381.58000000001,3.65986861536644,-1.82076576038526e-14
1868,3.65966247547382,0.374033752452618,0.74,1382.32000000001,3.65966247547382,-2.22044604925031e-15
1869,3.65945629777906,0.374054370222094,0.74,1383.06000000001,3.65945629777904,-1.64313007644523e-14
1870,3.65925008198079,0.374074991801921,0.74,1383.80000000001,3.65925008198081,2.53130849614536e-14
1871,3.65904382777543,0.374095617222457,0.74,1384.54000000001,3.65904382777543,-3.99680288865056e-15
1872,3.65883753485679,0.374116246514321,0.74,1385.28000000001,3.65883753485678,-5.77315972805081e-15
1873,3.6586312029163,0.37413687970837,0.74,1386.02000000001,3.65863120291631,9.76996261670138e-15
1874,3.658424831643,0.3741575168357,0.74,1386.76000000001,3.65842483164299,-1.06581410364015e-14
1875,3.65821842072333,0.374178157927667,0.74,1387.50000000002,3.65821842072335,1.99840144432528e-14
1876,3.6580119698414,0.37419880301586,0.74,1388.24000000002,3.65801196984139,-1.06581410364015e-14
1877,3.65780547867863,0.374219452132137,0.74,1388.98000000002,3.6578054786786,-2.79776202205539e-14
1878,3.65759894691394,0.374240105308606,0.74,1389.72000000002,3.65759894691394,2.66453525910038e-15
1879,3.6573923742238,0.37426076257762,0.74,1390.46000000002,3.65739237422381,5.77315972805081e-15
1880,3.65718576028203,0.374281423971797,0.74,1391.20000000002,3.65718576028203,-1.77635683940025e-15
1881,3.65697910475981,0.374302089524019,0.74,1391.94000000002,3.65697910475983,1.33226762955019e-14
1882,3.65677240732578,0.374322759267422,0.74,1392.68000000002,3.6567724073258,2.39808173319034e-14
1883,3.65656566764591,0.374343433235409,0.74,1393.42000000002,3.65656566764591,5.77315972805081e-15
1884,3.65635888538347,0.374364111461653,0.74,1394.16000000002,3.65635888538347,8.88178419700125e-16
1885,3.65615206019908,0.374384793980092,0.74,1394.90000000002,3.65615206019909,1.37667655053519e-14
1886,3.6559451917507,0.37440548082493,0.74,1395.64000000002,3.65594519175069,-1.15463194561016e-14
1887,3.65573827969345,0.374426172030655,0.74,1396.38000000002,3.65573827969346,1.28785870856518e-14
1888,3.65553132367987,0.374446867632013,0.74,1397.12000000002,3.65553132367986,-1.11022302462516e-14
1889,3.65532432335957,0.374467567664043,0.74,1397.86000000002,3.65532432335954,-2.70894418008538e-14
1890,3.65511727837941,0.374488272162059,0.74,1398.60000000002,3.6551172783794,-7.99360577730113e-15
1891,3.6549101883835,0.37450898116165,0.74,1399.34000000002,3.65491018838351,1.4210854715202e-14
1892,3.65470305301312,0.374529694698688,0.74,1400.08000000002,3.65470305301311,-1.4210854715202e-14
1893,3.65449587190659,0.374550412809341,0.74,1400.82000000002,3.65449587190657,-1.99840144432528e-14
1894,3.65428864469936,0.374571135530064,0.74,1401.56000000002,3.65428864469939,3.15303338993544e-14
1895,3.65408137102418,0.374591862897582,0.74,1402.30000000002,3.65408137102418,-4.44089209850063e-16
1896,3.65387405051058,0.374612594948942,0.74,1403.04000000002,3.65387405051058,-1.33226762955019e-15
1897,3.65366668278531,0.374633331721469,0.74,1403.78000000002,3.65366668278532,8.43769498715119e-15
1898,3.65345926747216,0.374654073252784,0.74,1404.52000000002,3.65345926747215,-1.06581410364015e-14
1899,3.6532518041918,0.37467481958082,0.74,1405.26000000002,3.6532518041918,2.66453525910038e-15
1900,3.65304429256199,0.374695570743801,0.74,1406.00000000002,3.653044292562,1.50990331349021e-14
1901,3.65283673219741,0.374716326780259,0.74,1406.74000000002,3.65283673219743,1.86517468137026e-14
1902,3.65262912270973,0.374737087729027,0.74,1407.48000000002,3.6526291227097,-2.44249065417534e-14
1903,3.65242146370733,0.374757853629267,0.74,1408.22000000002,3.65242146370732,-5.32907051820075e-15
1904,3.65221375479567,0.374778624520433,0.74,1408.96000000002,3.65221375479569,2.1316282072803e-14
1905,3.65200599557704,0.374799400442296,0.74,1409.70000000002,3.65200599557705,1.24344978758018e-14
1906,3.65179818565048,0.374820181434952,0.74,1410.44000000002,3.6517981856505,2.39808173319034e-14
1907,3.6515903246119,0.37484096753881,0.74,1411.18000000002,3.65159032461192,1.59872115546023e-14
1908,3.65138241205398,0.374861758794602,0.74,1411.92000000002,3.65138241205397,-1.77635683940025e-15
1909,3.65117444756609,0.374882555243391,0.74,1412.66000000002,3.65117444756609,2.66453525910038e-15
1910,3.65096643073443,0.374903356926557,0.74,1413.40000000002,3.65096643073443,3.5527136788005e-15
1911,3.65075836114184,0.374924163885816,0.74,1414.14000000002,3.65075836114184,8.88178419700125e-16
1912,3.65055023836786,0.374944976163214,0.74,1414.88000000002,3.65055023836786,0
1913,3.65034206198865,0.374965793801135,0.74,1415.62000000002,3.65034206198866,6.66133814775094e-15
1914,3.65013383157705,0.374986616842295,0.74,1416.36000000002,3.65013383157706,6.66133814775094e-15
1915,3.64992554670246,0.375007445329754,0.74,1417.10000000002,3.64992554670245,-8.88178419700125e-15
1916,3.6497172069308,0.37502827930692,0.74,1417.84000000002,3.64971720693082,1.68753899743024e-14
1917,3.64950881182466,0.375049118817534,0.74,1418.58000000002,3.64950881182467,8.88178419700125e-15
1918,3.64930036094304,0.375069963905696,0.74,1419.32000000002,3.64930036094303,-1.24344978758018e-14
1919,3.64909185384144,0.375090814615856,0.74,1420.06000000002,3.64909185384142,-1.64313007644523e-14
1920,3.64888329007184,0.375111670992816,0.74,1420.80000000002,3.64888329007182,-1.64313007644523e-14
1921,3.64867466918264,0.375132533081736,0.74,1421.54000000002,3.64867466918262,-1.50990331349021e-14
1922,3.64846599071865,0.375153400928135,0.74,1422.28000000002,3.64846599071864,-3.5527136788005e-15
1923,3.64825725422105,0.375174274577895,0.74,1423.02000000002,3.64825725422106,1.06581410364015e-14
1924,3.6480484592274,0.37519515407726,0.74,1423.76000000002,3.6480484592274,1.77635683940025e-15
1925,3.64783960527149,0.375216039472851,0.74,1424.50000000002,3.6478396052715,1.33226762955019e-14
1926,3.64763069188348,0.375236930811652,0.74,1425.24000000002,3.64763069188349,8.88178419700125e-15
1927,3.64742171858973,0.375257828141027,0.74,1425.98000000002,3.64742171858975,2.04281036531029e-14
1928,3.64721268491289,0.375278731508711,0.74,1426.72000000002,3.64721268491289,0
1929,3.6470035903717,0.37529964096283,0.74,1427.46000000002,3.64700359037171,1.86517468137026e-14
1930,3.64679443448119,0.375320556551881,0.74,1428.20000000002,3.6467944344812,7.99360577730113e-15
1931,3.64658521675247,0.375341478324753,0.74,1428.94000000002,3.64658521675246,-1.37667655053519e-14
1932,3.64637593669266,0.375362406330734,0.74,1429.68000000002,3.64637593669269,2.8421709430404e-14
1933,3.64616659380519,0.375383340619481,0.74,1430.42000000002,3.64616659380519,3.99680288865056e-15
1934,3.64595718758932,0.375404281241068,0.74,1431.16000000002,3.64595718758929,-2.39808173319034e-14
1935,3.64574771754033,0.375425228245967,0.74,1431.90000000002,3.64574771754033,-1.77635683940025e-15
1936,3.64553818314963,0.375446181685037,0.74,1432.64000000002,3.64553818314962,-3.5527136788005e-15
1937,3.64532858390447,0.375467141609553,0.74,1433.38000000002,3.64532858390444,-3.46389583683049e-14
1938,3.64511891928794,0.375488108071206,0.74,1434.12000000002,3.64511891928796,1.95399252334028e-14
1939,3.64490918877922,0.375509081122078,0.74,1434.86000000002,3.64490918877925,2.39808173319034e-14
1940,3.64469939185324,0.375530060814676,0.74,1435.60000000002,3.64469939185322,-1.77635683940025e-14
1941,3.6444895279806,0.37555104720194,0.74,1436.34000000002,3.6444895279806,7.99360577730113e-15
1942,3.64427959662791,0.375572040337209,0.74,1437.08000000002,3.64427959662791,3.10862446895044e-15
1943,3.64406959725741,0.375593040274259,0.74,1437.82000000002,3.64406959725741,-1.77635683940025e-15
1944,3.64385952932707,0.375614047067293,0.74,1438.56000000002,3.64385952932708,2.22044604925031e-15
1945,3.64364939229057,0.375635060770943,0.74,1439.30000000002,3.64364939229057,-3.10862446895044e-15
1946,3.6434391855972,0.37565608144028,0.74,1440.04000000002,3.64343918559719,-1.28785870856518e-14
1947,3.64322890869184,0.375677109130816,0.74,1440.78000000002,3.64322890869187,2.66453525910038e-14
1948,3.64301856101511,0.375698143898489,0.74,1441.52000000002,3.64301856101509,-2.08721928629529e-14
1949,3.64280814200291,0.375719185799709,0.74,1442.26000000002,3.6428081420029,-3.10862446895044e-15
1950,3.64259765108685,0.375740234891315,0.74,1443.00000000002,3.64259765108685,3.5527136788005e-15
1951,3.64238708769395,0.375761291230605,0.74,1443.74000000002,3.64238708769395,-2.22044604925031e-15
1952,3.64217645124666,0.375782354875334,0.74,1444.48000000002,3.64217645124664,-1.33226762955019e-14
1953,3.64196574116281,0.375803425883719,0.74,1445.22000000002,3.64196574116279,-1.73194791841524e-14
1954,3.64175495685558,0.375824504314442,0.74,1445.96000000002,3.6417549568556,2.04281036531029e-14
1955,3.6415440977336,0.37584559022664,0.74,1446.70000000002,3.64154409773361,6.21724893790088e-15
1956,3.64133316320064,0.375866683679936,0.74,1447.44000000002,3.64133316320064,-6.21724893790088e-15
1957,3.64112215265575,0.375887784734425,0.74,1448.18000000002,3.64112215265576,5.77315972805081e-15
1958,3.64091106549327,0.375908893450673,0.74,1448.92000000002,3.64091106549327,-5.32907051820075e-15
1959,3.64069990110264,0.375930009889736,0.74,1449.66000000002,3.64069990110261,-2.44249065417534e-14
1960,3.64048865886838,0.375951134113162,0.74,1450.40000000002,3.64048865886839,1.46549439250521e-14
1961,3.64027733817031,0.375972266182969,0.74,1451.14000000002,3.6402773381703,-4.88498130835069e-15
1962,3.64006593838309,0.375993406161691,0.74,1451.88000000002,3.64006593838309,0
1963,3.63985445887653,0.376014554112347,0.74,1452.62000000002,3.63985445887652,-7.99360577730113e-15
1964,3.63964289901534,0.376035710098466,0.74,1453.36000000002,3.63964289901534,-8.88178419700125e-16
1965,3.63943125815928,0.376056874184072,0.74,1454.10000000002,3.63943125815924,-3.73034936274053e-14
1966,3.63921953566276,0.376078046433724,0.74,1454.84000000002,3.6392195356628,3.77475828372553e-14
1967,3.63900773087548,0.376099226912452,0.74,1455.58000000002,3.63900773087546,-1.99840144432528e-14
1968,3.63879584314148,0.376120415685852,0.74,1456.32000000002,3.63879584314147,-7.54951656745106e-15
1969,3.63858387179988,0.376141612820012,0.74,1457.06000000002,3.63858387179988,-2.22044604925031e-15
1970,3.63837181618445,0.376162818381555,0.74,1457.80000000002,3.63837181618444,-3.99680288865056e-15
1971,3.63815967562363,0.376184032437637,0.74,1458.54000000002,3.63815967562362,-6.66133814775094e-15
1972,3.63794744944053,0.376205255055947,0.74,1459.28000000002,3.63794744944052,-1.24344978758018e-14
1973,3.63773513695284,0.376226486304716,0.74,1460.02000000002,3.63773513695286,1.4210854715202e-14
1974,3.63752273747292,0.376247726252708,0.74,1460.76000000002,3.63752273747291,-1.4210854715202e-14
1975,3.63731025030745,0.376268974969255,0.74,1461.50000000002,3.63731025030747,1.95399252334028e-14
1976,3.63709767475783,0.376290232524217,0.74,1462.24000000002,3.63709767475782,-3.99680288865056e-15
1977,3.63688501011967,0.376311498988033,0.74,1462.98000000002,3.63688501011967,0
1978,3.63667225568312,0.376332774431688,0.74,1463.72000000002,3.63667225568311,-1.19904086659517e-14
1979,3.63645941073256,0.376354058926744,0.74,1464.46000000002,3.63645941073259,2.93098878501041e-14
1980,3.63624647454685,0.376375352545315,0.74,1465.20000000002,3.63624647454683,-1.95399252334028e-14
1981,3.63603344639884,0.376396655360116,0.74,1465.94000000002,3.63603344639884,1.33226762955019e-15
1982,3.63582032555581,0.376417967444419,0.74,1466.68000000002,3.63582032555582,4.88498130835069e-15
1983,3.63560711127911,0.376439288872089,0.74,1467.42000000002,3.63560711127912,1.33226762955019e-15
1984,3.63539380282421,0.376460619717579,0.74,1468.16000000002,3.63539380282421,3.5527136788005e-15
1985,3.63518039944066,0.376481960055934,0.74,1468.90000000002,3.63518039944066,8.88178419700125e-16
1986,3.63496690037201,0.376503309962799,0.74,1469.64000000002,3.63496690037201,8.88178419700125e-16
1987,3.63475330485582,0.376524669514418,0.74,1470.38000000002,3.6347533048558,-1.86517468137026e-14
1988,3.63453961212349,0.376546038787651,0.74,1471.12000000002,3.6345396121235,1.28785870856518e-14
1989,3.63432582140044,0.376567417859956,0.74,1471.86000000002,3.63432582140045,9.76996261670138e-15
1990,3.63411193190584,0.376588806809416,0.74,1472.60000000002,3.6341119319058,-3.10862446895044e-14
1991,3.63389794285254,0.376610205714746,0.74,1473.34000000002,3.63389794285251,-2.75335310107039e-14
1992,3.63368385344725,0.376631614655275,0.74,1474.08000000002,3.63368385344725,1.77635683940025e-15
1993,3.63346966289038,0.376653033710962,0.74,1474.82000000002,3.63346966289037,-3.5527136788005e-15
1994,3.63325537037588,0.376674462962412,0.74,1475.56000000002,3.63325537037586,-2.22044604925031e-14
1995,3.63304097509123,0.376695902490877,0.74,1476.30000000002,3.63304097509126,2.44249065417534e-14
1996,3.63282647621767,0.376717352378233,0.74,1477.04000000002,3.63282647621767,-5.77315972805081e-15
1997,3.63261187292966,0.376738812707034,0.74,1477.78000000002,3.63261187292964,-1.50990331349021e-14
1998,3.63239716439517,0.376760283560483,0.74,1478.52000000002,3.63239716439517,-3.10862446895044e-15
1999,3.63218234977558,0.376781765022442,0.74,1479.26000000002,3.6321823497756,2.48689957516035e-14
2000,3.63196742822564,0.376803257177436,0.74,1480.00000000002,3.63196742822561,-2.70894418008538e-14
2001,3.63175239889313,0.376824760110687,0.74,1480.74000000002,3.63175239889313,3.5527136788005e-15
2002,3.63153726091932,0.376846273908068,0.74,1481.48000000002,3.63153726091931,-2.22044604925031e-15
2003,3.63132201343848,0.376867798656152,0.74,1482.22000000002,3.63132201343846,-1.46549439250521e-14
2004,3.63110665557798,0.376889334442202,0.74,1482.96000000002,3.63110665557799,5.32907051820075e-15
2005,3.63089118645831,0.376910881354169,0.74,1483.70000000002,3.63089118645834,2.17603712826531e-14
2006,3.63067560519298,0.376932439480702,0.74,1484.44000000002,3.63067560519296,-1.90958360235527e-14
2007,3.63045991088822,0.376954008911178,0.74,1485.18000000002,3.63045991088824,1.59872115546023e-14
2008,3.63024410264345,0.376975589735655,0.74,1485.92000000002,3.63024410264343,-1.37667655053519e-14
2009,3.63002817955064,0.376997182044936,0.74,1486.66000000002,3.63002817955063,-5.32907051820075e-15
2010,3.62981214069467,0.377018785930533,0.74,1487.40000000002,3.62981214069468,1.4210854715202e-14
2011,3.62959598515314,0.377040401484685,0.74,1488.14000000002,3.62959598515315,1.77635683940025e-15
2012,3.62937971199622,0.377062028800378,0.74,1488.88000000002,3.62937971199623,1.15463194561016e-14
2013,3.62916332028678,0.377083667971322,0.74,1489.62000000002,3.62916332028674,-3.46389583683049e-14
2014,3.62894680907999,0.377105319092001,0.74,1490.36000000002,3.62894680908001,1.99840144432528e-14
2015,3.62873017742385,0.377126982257615,0.74,1491.10000000002,3.62873017742384,-4.88498130835069e-15
2016,3.62851342435849,0.377148657564151,0.74,1491.84000000002,3.62851342435846,-3.19744231092045e-14
2017,3.62829654891641,0.377170345108359,0.74,1492.58000000002,3.62829654891642,1.46549439250521e-14
2018,3.62807955012264,0.377192044987737,0.74,1493.32000000002,3.62807955012261,-2.26485497023532e-14
2019,3.62786242699411,0.377213757300589,0.74,1494.06000000002,3.62786242699411,0
2020,3.62764517854018,0.377235482145982,0.74,1494.80000000002,3.62764517854019,1.24344978758018e-14
2021,3.62742780376223,0.377257219623777,0.74,1495.54000000002,3.62742780376221,-2.04281036531029e-14
2022,3.62721030165358,0.377278969834642,0.74,1496.28000000002,3.62721030165359,1.02140518265514e-14
2023,3.6269926711997,0.37730073288003,0.74,1497.02000000002,3.62699267119971,8.43769498715119e-15
2024,3.62677491137788,0.377322508862212,0.74,1497.76000000002,3.62677491137789,6.21724893790088e-15
2025,3.62655702115728,0.377344297884272,0.74,1498.50000000002,3.62655702115727,-8.88178419700125e-15
2026,3.62633899949881,0.377366100050119,0.74,1499.24000000002,3.62633899949882,3.5527136788005e-15
2027,3.62612084535519,0.377387915464481,0.74,1499.98000000002,3.62612084535518,-7.105427357601e-15
2028,3.62590255767068,0.377409744232931,0.74,1500.72000000002,3.62590255767069,2.22044604925031e-15
2029,3.62568413538122,0.377431586461878,0.74,1501.46000000002,3.62568413538124,2.35367281220533e-14
2030,3.62546557741427,0.377453442258573,0.74,1502.20000000002,3.62546557741428,6.21724893790088e-15
2031,3.62524688268869,0.377475311731131,0.74,1502.94000000002,3.62524688268868,-3.10862446895044e-15
2032,3.62502805011474,0.377497194988526,0.74,1503.68000000002,3.62502805011472,-1.77635683940025e-14
2033,3.62480907859398,0.377519092140602,0.74,1504.42000000002,3.62480907859397,-8.88178419700125e-15
2034,3.62458996701929,0.377541003298071,0.74,1505.16000000002,3.62458996701929,-1.33226762955019e-15
2035,3.6243707142747,0.37756292857253,0.74,1505.90000000002,3.62437071427467,-3.28626015289046e-14
2036,3.62415131923524,0.377584868076476,0.74,1506.64000000002,3.62415131923524,4.88498130835069e-15
2037,3.62393178076718,0.377606821923282,0.74,1507.38000000002,3.62393178076717,-1.4210854715202e-14
2038,3.62371209772758,0.377628790227242,0.74,1508.12000000002,3.62371209772756,-1.77635683940025e-14
2039,3.62349226896444,0.377650773103556,0.74,1508.86000000002,3.62349226896444,8.88178419700125e-16
2040,3.62327229331666,0.377672770668334,0.74,1509.60000000002,3.62327229331665,-7.105427357601e-15
2041,3.62305216961377,0.377694783038623,0.74,1510.34000000002,3.62305216961378,6.66133814775094e-15
2042,3.62283189667605,0.377716810332395,0.74,1511.08000000002,3.62283189667608,3.15303338993544e-14
2043,3.62261147331441,0.377738852668559,0.74,1511.82000000002,3.62261147331441,6.66133814775094e-15
2044,3.6223908983302,0.37776091016698,0.74,1512.56000000002,3.62239089833017,-2.44249065417534e-14
2045,3.62217017051518,0.377782982948482,0.74,1513.30000000002,3.62217017051518,8.43769498715119e-15
2046,3.62194928865168,0.377805071134832,0.74,1514.04000000002,3.62194928865166,-1.59872115546023e-14
2047,3.62172825151211,0.377827174848789,0.74,1514.78000000002,3.62172825151211,-1.33226762955019e-15
2048,3.62150705785925,0.377849294214075,0.74,1515.52000000002,3.62150705785925,3.10862446895044e-15
2049,3.62128570644595,0.377871429355405,0.74,1516.26000000002,3.62128570644595,7.105427357601e-15
2050,3.62106419601517,0.377893580398483,0.74,1517.00000000002,3.62106419601514,-2.53130849614536e-14
2051,3.62084252529974,0.377915747470026,0.74,1517.74000000002,3.62084252529974,8.88178419700125e-16
2052,3.62062069302254,0.377937930697746,0.74,1518.48000000002,3.62062069302255,3.99680288865056e-15
2053,3.62039869789621,0.377960130210379,0.74,1519.22000000002,3.62039869789622,1.33226762955019e-14
2054,3.62017653862316,0.377982346137684,0.74,1519.96000000002,3.62017653862313,-2.48689957516035e-14
2055,3.61995421389531,0.378004578610469,0.74,1520.70000000002,3.61995421389533,1.37667655053519e-14
2056,3.61973172239442,0.378026827760558,0.74,1521.44000000002,3.61973172239443,7.105427357601e-15
2057,3.61950906279156,0.378049093720843,0.74,1522.18000000002,3.61950906279155,-1.55431223447522e-14
2058,3.61928623374723,0.378071376625277,0.74,1522.92000000002,3.61928623374722,-1.11022302462516e-14
2059,3.61906323391131,0.37809367660887,0.74,1523.66000000002,3.6190632339113,-7.54951656745106e-15
2060,3.61884006192287,0.378115993807713,0.74,1524.40000000002,3.61884006192288,8.88178419700125e-15
2061,3.6186167164102,0.37813832835898,0.74,1525.14000000002,3.61861671641021,9.32587340685131e-15
2062,3.61839319599062,0.378160680400938,0.74,1525.88000000002,3.61839319599062,3.99680288865056e-15
2063,3.61816949927044,0.378183050072956,0.74,1526.62000000002,3.61816949927042,-1.33226762955019e-14
2064,3.61794562484479,0.378205437515521,0.74,1527.36000000002,3.61794562484481,1.64313007644523e-14
2065,3.61772157129781,0.378227842870219,0.74,1528.10000000002,3.61772157129779,-1.59872115546023e-14
2066,3.61749733720211,0.378250266279789,0.74,1528.84000000002,3.61749733720209,-1.77635683940025e-14
2067,3.61727292111905,0.378272707888095,0.74,1529.58000000002,3.61727292111907,1.4210854715202e-14
2068,3.61704832159859,0.378295167840141,0.74,1530.32000000002,3.61704832159861,1.82076576038526e-14
2069,3.61682353717904,0.378317646282096,0.74,1531.06000000002,3.61682353717904,-8.88178419700125e-16
2070,3.61659856638704,0.378340143361296,0.74,1531.80000000002,3.61659856638707,2.88657986402541e-14
2071,3.61637340773765,0.378362659226235,0.74,1532.54000000002,3.61637340773763,-2.26485497023532e-14
2072,3.61614805973386,0.378385194026614,0.74,1533.28000000002,3.61614805973385,-1.06581410364015e-14
2073,3.61592252086695,0.378407747913305,0.74,1534.02000000002,3.61592252086691,-3.59712259978551e-14
2074,3.61569678961598,0.378430321038402,0.74,1534.76000000002,3.61569678961598,-4.44089209850063e-16
2075,3.6154708644481,0.37845291355519,0.74,1535.50000000002,3.61547086444811,1.33226762955019e-14
2076,3.61524474381815,0.378475525618185,0.74,1536.24000000002,3.61524474381814,-1.24344978758018e-14
2077,3.6150184261686,0.37849815738314,0.74,1536.98000000002,3.61501842616859,-1.82076576038526e-14
2078,3.61479190992958,0.378520809007042,0.74,1537.72000000002,3.61479190992956,-1.68753899743024e-14
2079,3.61456519351867,0.378543480648133,0.74,1538.46000000002,3.61456519351867,2.22044604925031e-15
2080,3.61433827534091,0.378566172465909,0.74,1539.20000000002,3.61433827534092,4.88498130835069e-15
2081,3.61411115378857,0.378588884621143,0.74,1539.94000000002,3.61411115378858,7.54951656745106e-15
2082,3.61388382724115,0.378611617275885,0.74,1540.68000000002,3.61388382724113,-1.99840144432528e-14
2083,3.61365629406515,0.378634370593485,0.74,1541.42000000002,3.61365629406515,-4.88498130835069e-15
2084,3.61342855261415,0.378657144738585,0.74,1542.16000000002,3.61342855261417,1.37667655053519e-14
2085,3.61320060122861,0.378679939877139,0.74,1542.90000000002,3.61320060122862,9.76996261670138e-15
2086,3.61297243823572,0.378702756176428,0.74,1543.64000000002,3.61297243823572,7.105427357601e-15
2087,3.61274406194934,0.378725593805066,0.74,1544.38000000002,3.61274406194934,4.44089209850063e-16
2088,3.6125154706699,0.37874845293301,0.74,1545.12000000002,3.61251547066993,2.22044604925031e-14
2089,3.61228666268434,0.378771333731566,0.74,1545.86000000002,3.61228666268437,3.37507799486048e-14
2090,3.61205763626592,0.378794236373408,0.74,1546.60000000002,3.61205763626594,1.90958360235527e-14
2091,3.61182838967412,0.378817161032588,0.74,1547.34000000002,3.6118283896741,-1.33226762955019e-14
2092,3.61159892115452,0.378840107884548,0.74,1548.08000000002,3.6115989211545,-2.53130849614536e-14
2093,3.61136922893874,0.378863077106126,0.74,1548.82000000002,3.61136922893877,2.70894418008538e-14
2094,3.61113931124447,0.378886068875553,0.74,1549.56000000002,3.61113931124447,-5.77315972805081e-15
2095,3.61090916627495,0.378909083372505,0.74,1550.30000000002,3.61090916627494,-8.88178419700125e-15
2096,3.61067879221923,0.378932120778077,0.74,1551.04000000002,3.61067879221923,4.44089209850063e-16
2097,3.61044818725196,0.378955181274804,0.74,1551.78000000002,3.61044818725194,-1.68753899743024e-14
2098,3.61021734953314,0.378978265046686,0.74,1552.52000000002,3.61021734953314,-5.77315972805081e-15
2099,3.60998627720818,0.379001372279182,0.74,1553.26000000002,3.60998627720821,3.5527136788005e-14
2100,3.6097549684078,0.37902450315922,0.74,1554.00000000002,3.6097549684078,-2.22044604925031e-15
2101,3.60952342124764,0.379047657875236,0.74,1554.74000000002,3.60952342124761,-3.15303338993544e-14
2102,3.60929163382835,0.379070836617165,0.74,1555.48000000002,3.60929163382838,2.75335310107039e-14
2103,3.60905960423568,0.379094039576432,0.74,1556.22000000002,3.60905960423567,-1.50990331349021e-14
2104,3.60882733053981,0.379117266946019,0.74,1556.96000000002,3.60882733053981,1.33226762955019e-15
2105,3.60859481079578,0.379140518920422,0.74,1557.70000000002,3.60859481079576,-1.82076576038526e-14
2106,3.60836204304294,0.379163795695706,0.74,1558.44000000002,3.60836204304297,2.22044604925031e-14
2107,3.60812902530526,0.379187097469474,0.74,1559.18000000002,3.60812902530526,-4.44089209850063e-16
2108,3.60789575559073,0.379210424440927,0.74,1559.92000000002,3.60789575559072,-7.99360577730113e-15
2109,3.60766223189157,0.379233776810843,0.74,1560.66000000002,3.60766223189157,7.105427357601e-15
2110,3.60742845218402,0.379257154781598,0.74,1561.40000000002,3.60742845218402,-1.77635683940025e-15
2111,3.60719441442816,0.379280558557184,0.74,1562.14000000002,3.60719441442816,-5.77315972805081e-15
2112,3.60696011656782,0.379303988343218,0.74,1562.88000000002,3.60696011656782,-8.88178419700125e-16
2113,3.60672555653045,0.379327444346955,0.74,1563.62000000002,3.60672555653045,3.99680288865056e-15
2114,3.606490732227,0.3793509267773,0.74,1564.36000000002,3.606490732227,-3.10862446895044e-15
2115,3.60625564155174,0.379374435844826,0.74,1565.10000000002,3.60625564155175,7.54951656745106e-15
2116,3.60602028238222,0.379397971761778,0.74,1565.84000000002,3.60602028238221,-3.5527136788005e-15
2117,3.60578465257902,0.379421534742098,0.74,1566.58000000002,3.605784652579,-2.04281036531029e-14
2118,3.60554874998564,0.379445125001436,0.74,1567.32000000002,3.60554874998565,9.32587340685131e-15
2119,3.60531257242855,0.379468742757145,0.74,1568.06000000002,3.60531257242855,6.66133814775094e-15
2120,3.60507611771678,0.379492388228322,0.74,1568.80000000002,3.60507611771675,-3.01980662698043e-14
2121,3.60483938364183,0.379516061635817,0.74,1569.54000000002,3.60483938364183,4.44089209850063e-16
2122,3.6046023679778,0.37953976320222,0.74,1570.28000000002,3.6046023679778,0
2123,3.60436506848092,0.379563493151908,0.74,1571.02000000002,3.60436506848093,9.76996261670138e-15
2124,3.6041274828896,0.37958725171104,0.74,1571.76000000002,3.60412748288958,-1.46549439250521e-14
2125,3.60388960892413,0.379611039107587,0.74,1572.50000000002,3.60388960892413,-6.21724893790088e-15
2126,3.60365144428678,0.379634855571322,0.74,1573.24000000002,3.60365144428677,-1.46549439250521e-14
2127,3.60341298666137,0.379658701333863,0.74,1573.98000000002,3.60341298666139,2.04281036531029e-14
2128,3.60317423371345,0.379682576628655,0.74,1574.72000000002,3.60317423371342,-2.22044604925031e-14
2129,3.6029351830897,0.37970648169103,0.74,1575.46000000002,3.60293518308971,7.54951656745106e-15
2130,3.60269583241831,0.379730416758169,0.74,1576.20000000002,3.60269583241832,1.15463194561016e-14
2131,3.60245617930843,0.379754382069157,0.74,1576.94000000002,3.60245617930844,5.77315972805081e-15
2132,3.6022162213502,0.37977837786498,0.74,1577.68000000002,3.6022162213502,4.44089209850063e-16
2133,3.60197595611456,0.379802404388544,0.74,1578.42000000002,3.60197595611454,-1.4210854715202e-14
2134,3.60173538115302,0.379826461884698,0.74,1579.16000000002,3.60173538115303,1.15463194561016e-14
2135,3.60149449399776,0.379850550600224,0.74,1579.90000000002,3.60149449399773,-2.75335310107039e-14
2136,3.60125329216106,0.379874670783894,0.74,1580.64000000002,3.60125329216106,-6.21724893790088e-15
2137,3.60101177313555,0.379898822686445,0.74,1581.38000000002,3.60101177313557,1.82076576038526e-14
2138,3.60076993439387,0.379923006560613,0.74,1582.12000000002,3.60076993439389,1.99840144432528e-14
2139,3.60052777338848,0.379947222661152,0.74,1582.86000000002,3.60052777338846,-1.55431223447522e-14
2140,3.60028528755146,0.379971471244854,0.74,1583.60000000002,3.60028528755146,4.44089209850063e-15
2141,3.60004247429458,0.379995752570542,0.74,1584.34000000002,3.60004247429459,6.21724893790088e-15
2142,3.59979933100894,0.380020066899106,0.74,1585.08000000002,3.59979933100892,-1.64313007644523e-14
2143,3.59955585506475,0.380044414493525,0.74,1585.82000000002,3.59955585506475,3.10862446895044e-15
2144,3.59931204381144,0.380068795618856,0.74,1586.56000000002,3.59931204381142,-1.82076576038526e-14
2145,3.59906789457716,0.380093210542284,0.74,1587.30000000002,3.59906789457714,-2.22044604925031e-14
2146,3.59882340466885,0.380117659533115,0.74,1588.04000000002,3.59882340466884,-1.11022302462516e-14
2147,3.59857857137197,0.380142142862803,0.74,1588.78000000002,3.59857857137199,1.37667655053519e-14
2148,3.59833339195043,0.380166660804957,0.74,1589.52000000002,3.59833339195043,-6.66133814775094e-15
2149,3.59808786364619,0.380191213635381,0.74,1590.26000000002,3.59808786364619,8.88178419700125e-15
2150,3.59784198367936,0.380215801632064,0.74,1591.00000000002,3.59784198367935,-7.105427357601e-15
2151,3.59759574924783,0.380240425075217,0.74,1591.74000000002,3.59759574924781,-1.68753899743024e-14
2152,3.59734915752719,0.380265084247281,0.74,1592.48000000002,3.59734915752716,-2.97539770599542e-14
2153,3.59710220567047,0.380289779432953,0.74,1593.22000000002,3.59710220567048,8.88178419700125e-15
2154,3.59685489080817,0.380314510919183,0.74,1593.96000000002,3.59685489080815,-2.22044604925031e-14
2155,3.59660721004772,0.380339278995228,0.74,1594.70000000002,3.59660721004772,-1.33226762955019e-15
2156,3.59635916047364,0.380364083952636,0.74,1595.44000000002,3.59635916047366,2.35367281220533e-14
2157,3.59611073914724,0.380388926085276,0.74,1596.18000000002,3.59611073914723,-3.99680288865056e-15
2158,3.59586194310629,0.380413805689371,0.74,1596.92000000002,3.59586194310626,-2.39808173319034e-14
2159,3.59561276936498,0.380438723063502,0.74,1597.66000000002,3.59561276936499,8.88178419700125e-15
2160,3.59536321491385,0.380463678508615,0.74,1598.40000000002,3.59536321491384,-8.88178419700125e-16
2161,3.5951132767193,0.38048867232807,0.74,1599.14000000002,3.5951132767193,-8.88178419700125e-16
2162,3.59486295172363,0.380513704827637,0.74,1599.88000000002,3.59486295172365,1.99840144432528e-14
2163,3.5946122368448,0.38053877631552,0.74,1600.62000000002,3.59461223684481,9.76996261670138e-15
2164,3.59436112897617,0.380563887102383,0.74,1601.36000000002,3.59436112897615,-2.8421709430404e-14
2165,3.59410962498629,0.380589037501371,0.74,1602.10000000002,3.59410962498628,-5.32907051820075e-15
2166,3.59385772171888,0.380614227828112,0.74,1602.84000000002,3.59385772171888,2.22044604925031e-15
2167,3.59360541599244,0.380639458400756,0.74,1603.58000000002,3.59360541599245,3.99680288865056e-15
2168,3.59335270460016,0.380664729539984,0.74,1604.32000000002,3.59335270460015,-1.50990331349021e-14
2169,3.59309958430958,0.380690041569042,0.74,1605.06000000002,3.5930995843096,1.4210854715202e-14
2170,3.59284605186267,0.380715394813734,0.74,1605.80000000002,3.59284605186265,-1.73194791841524e-14
2171,3.59259210397522,0.380740789602478,0.74,1606.54000000002,3.59259210397519,-3.06421554796543e-14
2172,3.59233773733695,0.380766226266305,0.74,1607.28000000002,3.59233773733695,6.21724893790088e-15
2173,3.59208294861128,0.380791705138872,0.74,1608.02000000002,3.59208294861129,7.99360577730113e-15
2174,3.59182773443496,0.380817226556504,0.74,1608.76000000002,3.59182773443495,-8.43769498715119e-15
2175,3.5915720914179,0.38084279085821,0.74,1609.50000000002,3.59157209141791,6.21724893790088e-15
2176,3.59131601614311,0.380868398385689,0.74,1610.24000000002,3.59131601614311,3.5527136788005e-15
2177,3.5910595051663,0.38089404948337,0.74,1610.98000000002,3.59105950516629,-6.66133814775094e-15
2178,3.5908025550157,0.38091974449843,0.74,1611.72000000002,3.59080255501572,2.48689957516035e-14
2179,3.59054516219203,0.380945483780797,0.74,1612.46000000002,3.59054516219202,-4.44089209850063e-15
2180,3.59028732316796,0.380971267683204,0.74,1613.20000000002,3.59028732316793,-2.57571741713036e-14
2181,3.59002903438807,0.380997096561193,0.74,1613.94000000002,3.59002903438807,2.66453525910038e-15
2182,3.58977029226872,0.381022970773128,0.74,1614.68000000002,3.58977029226874,1.64313007644523e-14
2183,3.5895110931977,0.38104889068023,0.74,1615.42000000002,3.58951109319769,-1.06581410364015e-14
2184,3.58925143353386,0.381074856646614,0.74,1616.16000000002,3.58925143353388,1.59872115546023e-14
2185,3.58899130960725,0.381100869039275,0.74,1616.90000000002,3.58899130960725,-8.88178419700125e-16
2186,3.58873071771851,0.381126928228149,0.74,1617.64000000002,3.58873071771852,1.37667655053519e-14
2187,3.58846965413892,0.381153034586108,0.74,1618.38000000002,3.58846965413891,-7.105427357601e-15
2188,3.58820811510995,0.381179188489005,0.74,1619.12000000002,3.58820811510995,-2.66453525910038e-15
2189,3.58794609684318,0.381205390315682,0.74,1619.86000000002,3.5879460968432,1.28785870856518e-14
2190,3.58768359552002,0.381231640447998,0.74,1620.60000000002,3.58768359552004,2.44249065417534e-14
2191,3.58742060729142,0.381257939270858,0.74,1621.34000000002,3.58742060729145,2.75335310107039e-14
2192,3.58715712827771,0.381284287172229,0.74,1622.08000000002,3.5871571282777,-1.33226762955019e-14
2193,3.58689315456817,0.381310684543183,0.74,1622.82000000002,3.58689315456816,-9.76996261670138e-15
2194,3.58662868222103,0.381337131777897,0.74,1623.56000000002,3.58662868222106,2.97539770599542e-14
2195,3.58636370726322,0.381363629273678,0.74,1624.30000000002,3.5863637072632,-1.68753899743024e-14
2196,3.58609822568974,0.381390177431026,0.74,1625.04000000002,3.58609822568972,-1.37667655053519e-14
2197,3.58583223346386,0.381416776653614,0.74,1625.78000000002,3.58583223346387,7.99360577730113e-15
2198,3.58556572651671,0.381443427348329,0.74,1626.52000000002,3.58556572651671,3.10862446895044e-15
2199,3.5852987007469,0.38147012992531,0.74,1627.26000000002,3.58529870074689,-1.55431223447522e-14
2200,3.58503115202038,0.381496884797962,0.74,1628.00000000002,3.58503115202038,2.66453525910038e-15
2201,3.58476307617022,0.381523692382978,0.74,1628.74000000002,3.58476307617021,-6.66133814775094e-15
2202,3.58449446899624,0.381550553100376,0.74,1629.48000000002,3.58449446899621,-2.75335310107039e-14
2203,3.58422532626474,0.381577467373526,0.74,1630.22000000002,3.58422532626474,-3.99680288865056e-15
2204,3.58395564370841,0.381604435629159,0.74,1630.96000000002,3.58395564370842,1.06581410364015e-14
2205,3.58368541702589,0.381631458297411,0.74,1631.70000000002,3.58368541702587,-1.99840144432528e-14
2206,3.58341464188143,0.381658535811857,0.74,1632.44000000002,3.58341464188145,1.33226762955019e-14
2207,3.58314331390494,0.381685668609506,0.74,1633.18000000002,3.58314331390495,6.66133814775094e-15
2208,3.58287142869139,0.381712857130861,0.74,1633.92000000002,3.58287142869135,-3.64153152077051e-14
2209,3.58259898180054,0.381740101819946,0.74,1634.66000000002,3.58259898180055,2.22044604925031e-15
2210,3.582325968757,0.3817674031243,0.74,1635.40000000002,3.58232596875703,2.08721928629529e-14
2211,3.58205238504962,0.381794761495038,0.74,1636.14000000002,3.58205238504963,1.06581410364015e-14
2212,3.58177822613129,0.381822177386871,0.74,1636.88000000002,3.58177822613126,-3.10862446895044e-14
2213,3.58150348741856,0.381849651258144,0.74,1637.62000000002,3.58150348741857,1.59872115546023e-14
2214,3.58122816429173,0.381877183570827,0.74,1638.36000000002,3.58122816429172,-1.28785870856518e-14
2215,3.58095225209402,0.381904774790598,0.74,1639.10000000002,3.58095225209402,-3.5527136788005e-15
2216,3.5806757461317,0.38193242538683,0.74,1639.84000000002,3.58067574613171,3.10862446895044e-15
2217,3.58039864167364,0.381960135832636,0.74,1640.58000000002,3.58039864167361,-3.10862446895044e-14
2218,3.58012093395087,0.381987906604913,0.74,1641.32000000002,3.58012093395085,-1.55431223447522e-14
2219,3.57984261815656,0.382015738184344,0.74,1642.06000000002,3.57984261815656,1.77635683940025e-15
2220,3.57956368944559,0.382043631055441,0.74,1642.80000000002,3.57956368944557,-1.82076576038526e-14
2221,3.57928414293411,0.382071585706589,0.74,1643.54000000002,3.5792841429341,-8.88178419700125e-15
2222,3.57900397369946,0.382099602630054,0.74,1644.28000000002,3.57900397369946,5.32907051820075e-15
2223,3.5787231767797,0.38212768232203,0.74,1645.02000000002,3.57872317677973,2.48689957516035e-14
2224,3.57844174717346,0.382155825282654,0.74,1645.76000000002,3.57844174717345,-7.99360577730113e-15
2225,3.5781596798393,0.38218403201607,0.74,1646.50000000002,3.57815967983932,1.50990331349021e-14
2226,3.57787696969586,0.382212303030414,0.74,1647.24000000002,3.57787696969586,-6.66133814775094e-15
2227,3.57759361162113,0.382240638837887,0.74,1647.98000000002,3.57759361162111,-2.04281036531029e-14
2228,3.57730960045228,0.382269039954772,0.74,1648.72000000002,3.57730960045228,-8.88178419700125e-16
2229,3.57702493098549,0.382297506901451,0.74,1649.46000000002,3.57702493098547,-1.77635683940025e-14
2230,3.57673959797529,0.382326040202471,0.74,1650.20000000002,3.57673959797529,2.66453525910038e-15
2231,3.5764535961346,0.38235464038654,0.74,1650.94000000002,3.57645359613457,-2.62012633811537e-14
2232,3.576166920134,0.3823833079866,0.74,1651.68000000002,3.576166920134,4.88498130835069e-15
2233,3.57587956460182,0.382412043539818,0.74,1652.42000000002,3.57587956460182,1.33226762955019e-15
2234,3.57559152412347,0.382440847587653,0.74,1653.16000000002,3.57559152412345,-1.77635683940025e-14
2235,3.57530279324115,0.382469720675885,0.74,1653.90000000002,3.57530279324117,2.48689957516035e-14
2236,3.57501336645379,0.382498663354621,0.74,1654.64000000002,3.57501336645379,5.32907051820075e-15
2237,3.57472323821628,0.382527676178372,0.74,1655.38000000002,3.57472323821627,-8.88178419700125e-15
2238,3.57443240293938,0.382556759706062,0.74,1656.12000000002,3.57443240293938,4.44089209850063e-15
2239,3.57414085498939,0.38258591450106,0.74,1656.86000000002,3.57414085498938,-1.55431223447522e-14
2240,3.57384858868764,0.382615141131236,0.74,1657.60000000002,3.57384858868761,-2.8421709430404e-14
2241,3.57355559831015,0.382644440168985,0.74,1658.34000000002,3.57355559831018,3.41948691584548e-14
2242,3.57326187808761,0.382673812191239,0.74,1659.08000000002,3.5732618780876,-7.99360577730113e-15
2243,3.57296742220436,0.382703257779564,0.74,1659.82000000002,3.57296742220438,2.30926389122033e-14
2244,3.57267222479871,0.382732777520129,0.74,1660.56000000002,3.57267222479872,7.54951656745106e-15
2245,3.57237627996207,0.382762372003793,0.74,1661.30000000002,3.57237627996209,1.55431223447522e-14
2246,3.5720795817389,0.38279204182611,0.74,1662.04000000002,3.57207958173889,-9.76996261670138e-15
2247,3.57178212412606,0.382821787587394,0.74,1662.78000000002,3.57178212412609,2.57571741713036e-14
2248,3.57148390107278,0.382851609892722,0.74,1663.52000000002,3.57148390107277,-8.88178419700125e-15
2249,3.57118490647986,0.382881509352014,0.74,1664.26000000002,3.57118490647986,-1.33226762955019e-15
2250,3.57088513419961,0.382911486580039,0.74,1665.00000000002,3.57088513419964,2.26485497023532e-14
2251,3.57058457803541,0.382941542196459,0.74,1665.74000000002,3.57058457803543,2.30926389122033e-14
2252,3.5702832317412,0.38297167682588,0.74,1666.48000000002,3.57028323174118,-1.95399252334028e-14
2253,3.5699810890211,0.38300189109789,0.74,1667.22000000002,3.56998108902106,-4.21884749357559e-14
2254,3.56967814352905,0.383032185647095,0.74,1667.96000000002,3.56967814352906,1.68753899743024e-14
2255,3.56937438886862,0.383062561113138,0.74,1668.70000000002,3.56937438886864,1.73194791841524e-14
2256,3.56906981859228,0.383093018140772,0.74,1669.44000000002,3.56906981859226,-1.82076576038526e-14
2257,3.56876442620103,0.383123557379897,0.74,1670.18000000002,3.56876442620103,4.44089209850063e-16
2258,3.56845820514422,0.383154179485578,0.74,1670.92000000002,3.56845820514425,2.39808173319034e-14
2259,3.56815114881906,0.383184885118094,0.74,1671.66000000002,3.56815114881904,-1.24344978758018e-14
2260,3.56784325056989,0.383215674943011,0.74,1672.40000000002,3.56784325056991,2.08721928629529e-14
2261,3.56753450368834,0.383246549631166,0.74,1673.14000000002,3.56753450368834,2.22044604925031e-15
2262,3.56722490141235,0.383277509858765,0.74,1673.88000000002,3.56722490141233,-1.19904086659517e-14
2263,3.56691443692603,0.383308556307397,0.74,1674.62000000002,3.56691443692604,1.33226762955019e-14
2264,3.56660310335928,0.383339689664072,0.74,1675.36000000002,3.56660310335929,3.5527136788005e-15
2265,3.56629089378717,0.383370910621283,0.74,1676.10000000002,3.56629089378717,-3.99680288865056e-15
2266,3.56597780122956,0.383402219877044,0.74,1676.84000000002,3.56597780122958,1.77635683940025e-14
2267,3.56566381865085,0.383433618134915,0.74,1677.58000000002,3.56566381865083,-1.55431223447522e-14
2268,3.56534893895915,0.383465106104085,0.74,1678.32000000002,3.56534893895914,-3.5527136788005e-15
2269,3.56503315500623,0.383496684499377,0.74,1679.06000000002,3.56503315500624,7.105427357601e-15
2270,3.56471645958689,0.383528354041311,0.74,1679.80000000002,3.56471645958689,-1.33226762955019e-15
2271,3.56439884543843,0.383560115456157,0.74,1680.54000000002,3.56439884543844,8.43769498715119e-15
2272,3.5640803052404,0.38359196947596,0.74,1681.28000000002,3.56408030524038,-1.4210854715202e-14
2273,3.56376083161385,0.383623916838615,0.74,1682.02000000002,3.56376083161386,1.4210854715202e-14
2274,3.56344041712123,0.383655958287877,0.74,1682.76000000002,3.56344041712124,1.50990331349021e-14
2275,3.56311905426563,0.383688094573437,0.74,1683.50000000002,3.56311905426562,-8.88178419700125e-15
2276,3.56279673549034,0.383720326450966,0.74,1684.24000000002,3.56279673549034,7.105427357601e-15
2277,3.56247345317857,0.383752654682143,0.74,1684.98000000002,3.56247345317857,1.33226762955019e-15
2278,3.56214919965277,0.383785080034723,0.74,1685.72000000002,3.56214919965275,-1.55431223447522e-14
2279,3.56182396717418,0.383817603282582,0.74,1686.46000000002,3.56182396717416,-1.50990331349021e-14
2280,3.56149774794241,0.383850225205759,0.74,1687.20000000002,3.56149774794242,1.28785870856518e-14
2281,3.561170534095,0.3838829465905,0.74,1687.94000000002,3.561170534095,4.44089209850063e-16
2282,3.56084231770669,0.383915768229331,0.74,1688.68000000002,3.5608423177067,1.19904086659517e-14
2283,3.56051309078919,0.383948690921081,0.74,1689.42000000002,3.56051309078919,3.10862446895044e-15
2284,3.56018284529048,0.383981715470952,0.74,1690.16000000002,3.56018284529048,-4.44089209850063e-16
2285,3.55985157309445,0.384014842690555,0.74,1690.90000000002,3.55985157309444,-1.28785870856518e-14
2286,3.55951926602023,0.384048073397977,0.74,1691.64000000002,3.55951926602023,-2.22044604925031e-15
2287,3.55918591582187,0.384081408417813,0.74,1692.38000000002,3.55918591582186,-7.99360577730113e-15
2288,3.55885151418761,0.384114848581239,0.74,1693.12000000002,3.55885151418763,2.26485497023532e-14
2289,3.55851605273961,0.384148394726039,0.74,1693.86000000002,3.5585160527396,-6.21724893790088e-15
2290,3.55817952303309,0.384182047696691,0.74,1694.60000000002,3.55817952303308,-1.33226762955019e-14
2291,3.5578419165561,0.38421580834439,0.74,1695.34000000002,3.55784191655608,-1.68753899743024e-14
2292,3.55750322472883,0.384249677527117,0.74,1696.08000000002,3.55750322472882,-1.50990331349021e-14
2293,3.55716343890313,0.384283656109687,0.74,1696.82000000002,3.55716343890311,-1.73194791841524e-14
2294,3.55682255036191,0.384317744963809,0.74,1697.56000000002,3.55682255036189,-2.1316282072803e-14
2295,3.55648055031861,0.384351944968139,0.74,1698.30000000002,3.55648055031862,1.06581410364015e-14
2296,3.55613742991673,0.384386257008327,0.74,1699.04000000002,3.55613742991675,1.95399252334028e-14
2297,3.55579318022919,0.384420681977081,0.74,1699.78000000002,3.55579318022917,-2.1316282072803e-14
2298,3.55544779225761,0.384455220774239,0.74,1700.52000000002,3.55544779225762,8.43769498715119e-15
2299,3.55510125693218,0.384489874306782,0.74,1701.26000000002,3.55510125693216,-1.59872115546023e-14
2300,3.55475356511059,0.384524643488941,0.74,1702.00000000002,3.55475356511057,-1.4210854715202e-14
2301,3.55440470757779,0.384559529242221,0.74,1702.74000000002,3.5544047075778,7.105427357601e-15
2302,3.55405467504534,0.384594532495466,0.74,1703.48000000002,3.55405467504534,0
2303,3.55370345815072,0.384629654184928,0.74,1704.22000000002,3.55370345815069,-2.66453525910038e-14
2304,3.55335104745674,0.384664895254326,0.74,1704.96000000002,3.55335104745677,2.53130849614536e-14
2305,3.55299743345125,0.384700256654875,0.74,1705.70000000002,3.55299743345126,7.54951656745106e-15
2306,3.55264260654607,0.384735739345393,0.74,1706.44000000002,3.55264260654608,3.5527136788005e-15
2307,3.55228655707671,0.384771344292329,0.74,1707.18000000002,3.55228655707672,1.24344978758018e-14
2308,3.55192927530169,0.384807072469831,0.74,1707.92000000002,3.55192927530171,1.90958360235527e-14
2309,3.55157075140193,0.384842924859807,0.74,1708.66000000002,3.5515707514019,-2.1316282072803e-14
2310,3.55121097547996,0.384878902452004,0.74,1709.40000000002,3.55121097547995,-6.66133814775094e-15
2311,3.55084993755963,0.384915006244037,0.74,1710.14000000002,3.55084993755964,4.44089209850063e-15
2312,3.55048762758523,0.384951237241477,0.74,1710.88000000002,3.55048762758524,1.11022302462516e-14
2313,3.55012403542096,0.384987596457904,0.74,1711.62000000002,3.55012403542092,-4.66293670342566e-14
2314,3.54975915085006,0.385024084914994,0.74,1712.36000000002,3.54975915085007,8.88178419700125e-15
2315,3.54939296357472,0.385060703642528,0.74,1713.10000000002,3.5493929635747,-1.99840144432528e-14
2316,3.54902546321472,0.385097453678528,0.74,1713.84000000002,3.54902546321473,8.88178419700125e-15
2317,3.54865663930741,0.385134336069259,0.74,1714.58000000002,3.54865663930739,-2.30926389122033e-14
2318,3.54828648130655,0.385171351869345,0.74,1715.32000000002,3.54828648130654,-1.11022302462516e-14
2319,3.54791497858201,0.385208502141799,0.74,1716.06000000002,3.547914978582,-1.24344978758018e-14
2320,3.54754212041891,0.385245787958109,0.74,1716.80000000002,3.54754212041891,-4.44089209850063e-15
2321,3.54716789601699,0.385283210398301,0.74,1717.54000000002,3.547167896017,8.43769498715119e-15
2322,3.54679229448996,0.385320770551004,0.74,1718.28000000002,3.54679229448996,0
2323,3.54641530486475,0.385358469513525,0.74,1719.02000000002,3.54641530486475,-3.5527136788005e-15
2324,3.54603691608085,0.385396308391915,0.74,1719.76000000002,3.54603691608087,1.86517468137026e-14
2325,3.54565711698973,0.385434288301027,0.74,1720.50000000002,3.54565711698971,-2.35367281220533e-14
2326,3.54527589635381,0.385472410364619,0.74,1721.24000000002,3.54527589635381,-7.54951656745106e-15
2327,3.54489324284614,0.385510675715386,0.74,1721.98000000002,3.54489324284618,3.50830475781549e-14
2328,3.54450914504957,0.385549085495043,0.74,1722.72000000002,3.54450914504957,0
2329,3.54412359145576,0.385587640854424,0.74,1723.46000000002,3.54412359145577,1.37667655053519e-14
2330,3.54373657046486,0.385626342953514,0.74,1724.20000000002,3.54373657046485,-4.88498130835069e-15
2331,3.54334807038447,0.385665192961553,0.74,1724.94000000002,3.54334807038447,3.10862446895044e-15
2332,3.54295807942913,0.385704192057087,0.74,1725.68000000002,3.54295807942911,-1.77635683940025e-14
2333,3.54256658571933,0.385743341428067,0.74,1726.42000000002,3.54256658571935,1.95399252334028e-14
2334,3.54217357728112,0.385782642271888,0.74,1727.16000000002,3.54217357728111,-1.15463194561016e-14
2335,3.54177904204491,0.385822095795509,0.74,1727.90000000002,3.5417790420449,-8.43769498715119e-15
2336,3.54138296784507,0.385861703215493,0.74,1728.64000000002,3.54138296784507,-1.33226762955019e-15
2337,3.54098534241902,0.385901465758098,0.74,1729.38000000002,3.54098534241901,-1.19904086659517e-14
2338,3.54058615340642,0.385941384659358,0.74,1730.12000000002,3.54058615340642,0
2339,3.54018538834848,0.385981461165152,0.74,1730.86000000002,3.54018538834851,3.86357612569554e-14
2340,3.53978303468722,0.386021696531278,0.74,1731.60000000002,3.53978303468722,-4.44089209850063e-16
2341,3.53937907976442,0.386062092023558,0.74,1732.34000000002,3.5393790797644,-1.24344978758018e-14
2342,3.53897351082105,0.386102648917895,0.74,1733.08000000002,3.53897351082108,2.70894418008538e-14
2343,3.53856631499659,0.386143368500341,0.74,1733.82000000002,3.53856631499659,1.77635683940025e-15
2344,3.53815747932782,0.386184252067218,0.74,1734.56000000002,3.5381574793278,-2.08721928629529e-14
2345,3.53774699074827,0.386225300925172,0.74,1735.30000000002,3.5377469907483,2.1316282072803e-14
2346,3.53733483608752,0.386266516391248,0.74,1736.04000000002,3.53733483608754,1.24344978758018e-14
2347,3.53692100207005,0.386307899792996,0.74,1736.78000000002,3.53692100207004,-3.10862446895044e-15
2348,3.53650547531456,0.386349452468544,0.74,1737.52000000002,3.53650547531455,-3.10862446895044e-15
2349,3.53608824233319,0.386391175766681,0.74,1738.26000000002,3.53608824233318,-8.43769498715119e-15
2350,3.53566928953057,0.386433071046943,0.74,1739.00000000002,3.53566928953058,7.99360577730113e-15
2351,3.53524860320309,0.386475139679691,0.74,1739.74000000002,3.53524860320306,-2.66453525910038e-14
2352,3.53482616953772,0.386517383046228,0.74,1740.48000000002,3.53482616953774,1.73194791841524e-14
2353,3.53440197461171,0.386559802538829,0.74,1741.22000000002,3.53440197461169,-2.53130849614536e-14
2354,3.53397600439104,0.386602399560896,0.74,1741.96000000002,3.53397600439102,-1.82076576038526e-14
2355,3.53354824473001,0.386645175526999,0.74,1742.70000000002,3.53354824473003,1.95399252334028e-14
2356,3.53311868137033,0.386688131862967,0.74,1743.44000000002,3.53311868137032,-7.99360577730113e-15
2357,3.53268729993985,0.386731270006015,0.74,1744.18000000002,3.53268729993984,-8.43769498715119e-15
2358,3.53225408595205,0.386774591404795,0.74,1744.92000000002,3.53225408595206,1.64313007644523e-14
2359,3.531819024805,0.3868180975195,0.74,1745.66000000002,3.531819024805,1.33226762955019e-15
2360,3.53138210178034,0.386861789821966,0.74,1746.40000000002,3.53138210178034,2.22044604925031e-15
2361,3.53094330204246,0.386905669795754,0.74,1747.14000000002,3.53094330204247,8.88178419700125e-15
2362,3.53050261063757,0.386949738936243,0.74,1747.88000000002,3.53050261063757,5.77315972805081e-15
2363,3.53006001249273,0.386993998750727,0.74,1748.62000000002,3.5300600124927,-3.01980662698043e-14
2364,3.52961549241473,0.387038450758527,0.74,1749.36000000002,3.52961549241476,2.48689957516035e-14
2365,3.52916903508961,0.387083096491039,0.74,1750.10000000002,3.52916903508964,2.79776202205539e-14
2366,3.52872062508121,0.387127937491879,0.74,1750.84000000002,3.52872062508118,-2.97539770599542e-14
2367,3.5282702468302,0.38717297531698,0.74,1751.58000000002,3.52827024683023,2.22044604925031e-14
2368,3.52781788465364,0.387218211534636,0.74,1752.32000000002,3.52781788465366,1.73194791841524e-14
2369,3.52736352274337,0.387263647725663,0.74,1753.06000000002,3.52736352274339,1.86517468137026e-14
2370,3.52690714516535,0.387309285483465,0.74,1753.80000000002,3.52690714516536,8.43769498715119e-15
2371,3.52644873585854,0.387355126414146,0.74,1754.54000000002,3.52644873585856,2.44249065417534e-14
2372,3.525988278634,0.3874011721366,0.74,1755.28000000002,3.525988278634,-4.88498130835069e-15
2373,3.52552575717368,0.387447424282632,0.74,1756.02000000002,3.52552575717369,4.88498130835069e-15
2374,3.52506115502962,0.387493884497038,0.74,1756.76000000002,3.52506115502962,-1.33226762955019e-15
2375,3.52459445562272,0.387540554437728,0.74,1757.50000000002,3.52459445562272,4.44089209850063e-15
2376,3.52412564224184,0.387587435775816,0.74,1758.24000000002,3.52412564224183,-9.76996261670138e-15
2377,3.52365469804261,0.387634530195739,0.74,1758.98000000002,3.52365469804262,1.06581410364015e-14
2378,3.52318160604653,0.387681839395347,0.74,1759.72000000002,3.52318160604653,-2.22044604925031e-15
2379,3.52270634913978,0.387729365086022,0.74,1760.46000000002,3.52270634913975,-3.24185123190546e-14
2380,3.52222891007204,0.387777108992796,0.74,1761.20000000002,3.52222891007207,2.62012633811537e-14
2381,3.52174927145583,0.387825072854417,0.74,1761.94000000002,3.52174927145585,1.90958360235527e-14
2382,3.5212674157649,0.38787325842351,0.74,1762.68000000002,3.5212674157649,4.44089209850063e-16
2383,3.52078332533335,0.387921667466665,0.74,1763.42000000002,3.52078332533337,1.11022302462516e-14
2384,3.52029698235467,0.387970301764533,0.74,1764.16000000002,3.52029698235465,-1.24344978758018e-14
2385,3.51980836888029,0.388019163111971,0.74,1764.90000000002,3.51980836888027,-2.44249065417534e-14
2386,3.51931746681871,0.388068253318129,0.74,1765.64000000002,3.5193174668187,-3.5527136788005e-15
2387,3.51882425793431,0.388117574206569,0.74,1766.38000000002,3.5188242579343,-1.33226762955019e-14
2388,3.51832872384611,0.388167127615389,0.74,1767.12000000002,3.51832872384609,-1.55431223447522e-14
2389,3.51783084602667,0.388216915397333,0.74,1767.86000000002,3.51783084602666,-5.77315972805081e-15
2390,3.51733060580094,0.388266939419906,0.74,1768.60000000002,3.51733060580095,1.82076576038526e-14
2391,3.5168279843451,0.38831720156549,0.74,1769.34000000002,3.51682798434511,1.06581410364015e-14
2392,3.51632296268531,0.388367703731469,0.74,1770.08000000002,3.51632296268528,-2.62012633811537e-14
2393,3.51581552169645,0.388418447830355,0.74,1770.82000000002,3.51581552169644,-1.33226762955019e-14
2394,3.51530564210117,0.388469435789883,0.74,1771.56000000002,3.51530564210116,-7.54951656745106e-15
2395,3.51479330446841,0.388520669553159,0.74,1772.30000000002,3.51479330446842,6.21724893790088e-15
2396,3.51427848921236,0.388572151078764,0.74,1773.04000000002,3.51427848921236,8.88178419700125e-16
2397,3.51376117659106,0.388623882340894,0.74,1773.78000000002,3.51376117659107,5.77315972805081e-15
2398,3.51324134670531,0.388675865329469,0.74,1774.52000000002,3.51324134670532,4.88498130835069e-15
2399,3.51271897949732,0.388728102050268,0.74,1775.26000000002,3.51271897949734,1.50990331349021e-14
2400,3.5121940547495,0.38878059452505,0.74,1776.00000000002,3.51219405474952,1.73194791841524e-14
2401,3.51166655208317,0.388833344791683,0.74,1776.74000000002,3.51166655208316,-5.77315972805081e-15
2402,3.5111364509572,0.38888635490428,0.74,1777.48000000002,3.5111364509572,3.99680288865056e-15
2403,3.51060373066687,0.388939626933313,0.74,1778.22000000002,3.51060373066687,1.33226762955019e-15
2404,3.51006837034245,0.388993162965755,0.74,1778.96000000002,3.51006837034246,7.54951656745106e-15
2405,3.50953034894792,0.389046965105208,0.74,1779.70000000002,3.50953034894794,1.90958360235527e-14
2406,3.50898964527968,0.389101035472032,0.74,1780.44000000002,3.50898964527967,-9.32587340685131e-15
2407,3.50844623796507,0.389155376203493,0.74,1781.18000000002,3.50844623796508,4.88498130835069e-15
2408,3.50790010546126,0.389209989453874,0.74,1781.92000000002,3.50790010546127,6.66133814775094e-15
2409,3.50735122605369,0.389264877394631,0.74,1782.66000000002,3.5073512260537,9.76996261670138e-15
2410,3.50679957785479,0.389320042214521,0.74,1783.40000000002,3.5067995778548,6.66133814775094e-15
2411,3.50624513880263,0.389375486119737,0.74,1784.14000000002,3.50624513880261,-1.59872115546023e-14
2412,3.50568788665936,0.389431211334064,0.74,1784.88000000002,3.50568788665937,9.76996261670138e-15
2413,3.50512779901013,0.389487220098987,0.74,1785.62000000002,3.50512779901013,0
2414,3.50456485326131,0.389543514673869,0.74,1786.36000000002,3.50456485326132,8.88178419700125e-15
2415,3.50399902663938,0.389600097336062,0.74,1787.10000000002,3.50399902663938,1.33226762955019e-15
2416,3.50343029618926,0.389656970381073,0.74,1787.84000000002,3.50343029618925,-1.77635683940025e-14
2417,3.50285863877301,0.389714136122699,0.74,1788.58000000002,3.50285863877298,-2.8421709430404e-14
2418,3.50228403106826,0.389771596893174,0.74,1789.32000000002,3.50228403106825,-7.105427357601e-15
2419,3.50170644956691,0.389829355043309,0.74,1790.06000000002,3.50170644956691,2.22044604925031e-15
2420,3.5011258705735,0.38988741294265,0.74,1790.80000000002,3.5011258705735,-3.10862446895044e-15
2421,3.50054227020371,0.389945772979629,0.74,1791.54000000002,3.50054227020374,2.70894418008538e-14
2422,3.49995562438306,0.390004437561694,0.74,1792.28000000002,3.49995562438304,-2.66453525910038e-14
2423,3.49936590884496,0.390063409115504,0.74,1793.02000000002,3.49936590884498,1.86517468137026e-14
2424,3.49877309912981,0.390122690087019,0.74,1793.76000000002,3.49877309912981,8.88178419700125e-16
2425,3.49817717058281,0.390182282941719,0.74,1794.50000000002,3.49817717058284,3.19744231092045e-14
2426,3.49757809835293,0.390242190164707,0.74,1795.24000000002,3.49757809835296,2.57571741713036e-14
2427,3.49697585739099,0.390302414260901,0.74,1795.98000000002,3.49697585739103,3.5527136788005e-14
2428,3.49637042244831,0.390362957755169,0.74,1796.72000000002,3.49637042244832,1.4210854715202e-14
2429,3.49576176807494,0.390423823192506,0.74,1797.46000000002,3.49576176807493,-1.59872115546023e-14
2430,3.49514986861814,0.390485013138186,0.74,1798.20000000002,3.49514986861814,-3.5527136788005e-15
2431,3.49453469822086,0.390546530177914,0.74,1798.94000000002,3.49453469822086,-1.33226762955019e-15
2432,3.49391623081993,0.390608376918007,0.74,1799.68000000002,3.49391623081995,1.59872115546023e-14
2433,3.49329444014461,0.390670555985539,0.74,1800.42000000002,3.4932944401446,-4.44089209850063e-15
2434,3.49266929971469,0.390733070028531,0.74,1801.16000000002,3.49266929971469,-4.88498130835069e-15
2435,3.4920407828391,0.39079592171609,0.74,1801.90000000002,3.49204078283906,-3.28626015289046e-14
2436,3.49140886261395,0.390859113738605,0.74,1802.64000000002,3.49140886261393,-2.26485497023532e-14
2437,3.49077351192108,0.390922648807892,0.74,1803.38000000002,3.4907735119211,1.99840144432528e-14
2438,3.49013470342629,0.390986529657371,0.74,1804.12000000002,3.49013470342631,1.77635683940025e-14
2439,3.48949240957751,0.391050759042249,0.74,1804.86000000002,3.4894924095775,-3.5527136788005e-15
2440,3.48884660260308,0.391115339739692,0.74,1805.60000000002,3.48884660260308,4.88498130835069e-15
2441,3.48819725451014,0.391180274548986,0.74,1806.34000000002,3.48819725451015,1.02140518265514e-14
2442,3.4875443370828,0.39124556629172,0.74,1807.08000000002,3.48754433708278,-1.59872115546023e-14
2443,3.48688782188017,0.391311217811983,0.74,1807.82000000002,3.4868878218802,2.97539770599542e-14
2444,3.48622768023506,0.391377231976494,0.74,1808.56000000002,3.48622768023504,-1.86517468137026e-14
2445,3.4855638832515,0.39144361167485,0.74,1809.30000000002,3.48556388325149,-1.33226762955019e-14
2446,3.4848964018035,0.39151035981965,0.74,1810.04000000002,3.48489640180349,-3.10862446895044e-15
2447,3.48422520653293,0.391577479346707,0.74,1810.78000000002,3.48422520653293,8.88178419700125e-16
2448,3.48355026784773,0.391644973215227,0.74,1811.52000000002,3.48355026784773,1.33226762955019e-15
2449,3.48287155592007,0.391712844407993,0.74,1812.26000000002,3.48287155592006,-6.21724893790088e-15
2450,3.4821890406844,0.39178109593156,0.74,1813.00000000002,3.4821890406844,-4.44089209850063e-15
2451,3.48150269183566,0.391849730816434,0.74,1813.74000000002,3.48150269183565,-5.32907051820075e-15
2452,3.48081247882726,0.391918752117274,0.74,1814.48000000002,3.48081247882727,7.54951656745106e-15
2453,3.48011837086926,0.391988162913074,0.74,1815.22000000002,3.48011837086929,2.66453525910038e-14
2454,3.47942033692644,0.392057966307356,0.74,1815.96000000002,3.47942033692643,-1.19904086659517e-14
2455,3.47871834571612,0.392128165428388,0.74,1816.70000000002,3.47871834571609,-2.62012633811537e-14
2456,3.47801236570643,0.392198763429357,0.74,1817.44000000002,3.47801236570644,6.21724893790088e-15
2457,3.47730236511438,0.392269763488562,0.74,1818.18000000002,3.47730236511438,-7.105427357601e-15
2458,3.47658831190358,0.392341168809642,0.74,1818.92000000002,3.47658831190356,-2.79776202205539e-14
2459,3.47587017378237,0.392412982621763,0.74,1819.66000000002,3.47587017378236,-5.77315972805081e-15
2460,3.47514791820186,0.392485208179814,0.74,1820.40000000002,3.47514791820188,2.75335310107039e-14
2461,3.47442151235387,0.392557848764613,0.74,1821.14000000002,3.47442151235385,-2.30926389122033e-14
2462,3.47369092316853,0.392630907683147,0.74,1821.88000000002,3.47369092316857,3.50830475781549e-14
2463,3.47295611731283,0.392704388268717,0.74,1822.62000000002,3.47295611731286,2.26485497023532e-14
2464,3.47221706118791,0.392778293881209,0.74,1823.36000000002,3.47221706118792,1.28785870856518e-14
2465,3.47147372092724,0.392852627907276,0.74,1824.10000000002,3.47147372092725,9.76996261670138e-15
2466,3.47072606239448,0.392927393760552,0.74,1824.84000000002,3.47072606239448,2.22044604925031e-15
2467,3.46997405118125,0.393002594881875,0.74,1825.58000000002,3.46997405118125,-4.44089209850063e-16
2468,3.46921765260501,0.393078234739499,0.74,1826.32000000002,3.46921765260504,2.88657986402541e-14
2469,3.46845683170696,0.393154316829304,0.74,1827.06000000002,3.46845683170695,-5.77315972805081e-15
2470,3.46769155324955,0.393230844675045,0.74,1827.80000000002,3.46769155324955,3.10862446895044e-15
2471,3.46692178171466,0.393307821828534,0.74,1828.54000000002,3.46692178171463,-3.19744231092045e-14
2472,3.46614748130094,0.393385251869906,0.74,1829.28000000002,3.46614748130095,1.15463194561016e-14
2473,3.46536861592202,0.393463138407798,0.74,1830.02000000002,3.46536861592202,2.66453525910038e-15
2474,3.46458514920383,0.393541485079617,0.74,1830.76000000002,3.46458514920381,-1.82076576038526e-14
2475,3.46379704448245,0.393620295551755,0.74,1831.50000000002,3.46379704448245,2.66453525910038e-15
2476,3.46300426480195,0.393699573519805,0.74,1832.24000000002,3.46300426480194,-1.50990331349021e-14
2477,3.4622067729118,0.39377932270882,0.74,1832.98000000002,3.46220677291179,-3.99680288865056e-15
2478,3.46140453126472,0.393859546873528,0.74,1833.72000000002,3.46140453126473,1.28785870856518e-14
2479,3.46059750201428,0.393940249798572,0.74,1834.46000000002,3.46059750201428,-1.33226762955019e-15
2480,3.45978564701241,0.394021435298759,0.74,1835.20000000002,3.4597856470124,-6.66133814775094e-15
2481,3.45896892780709,0.394103107219291,0.74,1835.94000000002,3.4589689278071,1.02140518265514e-14
2482,3.45814730564001,0.394185269435999,0.74,1836.68000000002,3.45814730563999,-2.44249065417534e-14
2483,3.45732074144385,0.394267925855615,0.74,1837.42000000002,3.45732074144384,-1.4210854715202e-14
2484,3.45648919584013,0.394351080415987,0.74,1838.16000000002,3.45648919584014,8.43769498715119e-15
2485,3.45565262913661,0.394434737086339,0.74,1838.90000000002,3.45565262913662,1.37667655053519e-14
2486,3.45481100132471,0.394518899867529,0.74,1839.64000000002,3.45481100132472,6.66133814775094e-15
2487,3.45396427207709,0.394603572792291,0.74,1840.38000000002,3.45396427207709,6.21724893790088e-15
2488,3.45311240074508,0.394688759925492,0.74,1841.12000000002,3.45311240074506,-2.04281036531029e-14
2489,3.45225534635605,0.394774465364395,0.74,1841.86000000002,3.45225534635606,9.32587340685131e-15
2490,3.45139306761104,0.394860693238896,0.74,1842.60000000002,3.45139306761105,1.28785870856518e-14
2491,3.45052552288192,0.394947447711808,0.74,1843.34000000002,3.45052552288191,-1.24344978758018e-14
2492,3.44965267020882,0.395034732979118,0.74,1844.08000000002,3.44965267020882,4.44089209850063e-16
2493,3.44877446729765,0.395122553270235,0.74,1844.82000000002,3.44877446729764,-1.15463194561016e-14
2494,3.44789087151719,0.395210912848281,0.74,1845.56000000002,3.44789087151721,2.48689957516035e-14
2495,3.44700183989667,0.395299816010333,0.74,1846.30000000002,3.44700183989669,1.99840144432528e-14
2496,3.44610732912287,0.395389267087713,0.74,1847.04000000002,3.44610732912284,-2.97539770599542e-14
2497,3.4452072955373,0.39547927044627,0.74,1847.78000000002,3.44520729553729,-1.4210854715202e-14
2498,3.44430169513382,0.395569830486618,0.74,1848.52000000002,3.44430169513381,-1.15463194561016e-14
2499,3.44339048355553,0.395660951644447,0.74,1849.26000000002,3.44339048355551,-2.35367281220533e-14
2500,3.44247361609209,0.395752638390791,0.74,1850.00000000002,3.44247361609208,-9.76996261670138e-15
2501,3.44155104767694,0.395844895232306,0.74,1850.74000000002,3.44155104767693,-5.77315972805081e-15
2502,3.44062273288441,0.395937726711559,0.74,1851.48000000002,3.4406227328844,-2.66453525910038e-15
2503,3.43968862592686,0.396031137407314,0.74,1852.22000000002,3.43968862592686,1.77635683940025e-15
2504,3.43874868065183,0.396125131934817,0.74,1852.96000000002,3.43874868065185,2.08721928629529e-14
2505,3.43780285053916,0.396219714946084,0.74,1853.70000000002,3.43780285053914,-1.86517468137026e-14
2506,3.43685108869784,0.396314891130216,0.74,1854.44000000002,3.43685108869785,1.19904086659517e-14
2507,3.43589334786344,0.396410665213656,0.74,1855.18000000002,3.43589334786345,1.33226762955019e-14
2508,3.43492958039482,0.396507041960518,0.74,1855.92000000002,3.43492958039483,6.21724893790088e-15
2509,3.43395973827123,0.396604026172877,0.74,1856.66000000002,3.43395973827123,6.21724893790088e-15
2510,3.43298377308932,0.396701622691068,0.74,1857.40000000002,3.4329837730893,-2.17603712826531e-14
2511,3.43200163605997,0.396799836394003,0.74,1858.14000000002,3.43200163605997,2.66453525910038e-15
2512,3.43101327800545,0.396898672199455,0.74,1858.88000000002,3.43101327800544,-1.55431223447522e-14
2513,3.43001864935604,0.396998135064396,0.74,1859.62000000002,3.43001864935604,-1.33226762955019e-15
2514,3.42901770014714,0.397098229985286,0.74,1860.36000000002,3.42901770014715,5.77315972805081e-15
2515,3.42801038001599,0.397198961998401,0.74,1861.10000000002,3.42801038001599,3.10862446895044e-15
2516,3.42699663819852,0.397300336180148,0.74,1861.84000000002,3.42699663819853,1.06581410364015e-14
2517,3.42597642352624,0.397402357647376,0.74,1862.58000000002,3.4259764235262,-3.50830475781549e-14
2518,3.42494968442276,0.397505031557724,0.74,1863.32000000002,3.42494968442275,-1.77635683940025e-15
2519,3.42391636890096,0.397608363109904,0.74,1864.06000000002,3.42391636890096,4.44089209850063e-16
2520,3.42287642455938,0.397712357544062,0.74,1864.80000000002,3.42287642455936,-1.90958360235527e-14
2521,3.42182979857895,0.397817020142105,0.74,1865.54000000002,3.42182979857894,-1.55431223447522e-14
2522,3.42077643771981,0.397922356228019,0.74,1866.28000000002,3.42077643771984,2.75335310107039e-14
2523,3.41971628831797,0.398028371168203,0.74,1867.02000000002,3.41971628831796,-1.15463194561016e-14
2524,3.41864929628161,0.398135070371839,0.74,1867.76000000002,3.41864929628162,3.99680288865056e-15
2525,3.41757540708812,0.398242459291188,0.74,1868.50000000002,3.41757540708812,-6.21724893790088e-15
2526,3.41649456578031,0.398350543421969,0.74,1869.24000000002,3.41649456578031,3.10862446895044e-15
2527,3.41540671696316,0.398459328303684,0.74,1869.98000000002,3.41540671696317,9.32587340685131e-15
2528,3.41431180480023,0.398568819519976,0.74,1870.72000000002,3.41431180480025,1.73194791841524e-14
2529,3.41320977301021,0.398679022698979,0.74,1871.46000000002,3.41320977301021,5.32907051820075e-15
2530,3.41210056486327,0.398789943513673,0.74,1872.20000000002,3.41210056486326,-7.105427357601e-15
2531,3.41098412317757,0.398901587682243,0.74,1872.94000000002,3.41098412317756,-1.02140518265514e-14
2532,3.40986039031566,0.399013960968434,0.74,1873.68000000002,3.40986039031566,3.99680288865056e-15
2533,3.40872930818085,0.399127069181915,0.74,1874.42000000002,3.40872930818085,-4.88498130835069e-15
2534,3.40759081821349,0.399240918178651,0.74,1875.16000000002,3.40759081821348,-8.43769498715119e-15
2535,3.40644486138731,0.399355513861269,0.74,1875.90000000002,3.40644486138733,1.11022302462516e-14
2536,3.40529137820582,0.399470862179418,0.74,1876.64000000002,3.4052913782058,-1.4210854715202e-14
2537,3.40413030869829,0.399586969130171,0.74,1877.38000000002,3.40413030869827,-1.28785870856518e-14
2538,3.4029615924162,0.39970384075838,0.74,1878.12000000002,3.40296159241624,3.41948691584548e-14
2539,3.40178516842957,0.399821483157043,0.74,1878.86000000002,3.40178516842955,-1.99840144432528e-14
2540,3.40060097532259,0.399939902467741,0.74,1879.60000000002,3.40060097532255,-3.64153152077051e-14
2541,3.39940895119022,0.400059104880978,0.74,1880.34000000002,3.39940895119024,1.11022302462516e-14
2542,3.39820903363432,0.400179096636568,0.74,1881.08000000002,3.39820903363432,-4.44089209850063e-16
2543,3.39700115975933,0.400299884024067,0.74,1881.82000000002,3.39700115975932,-6.66133814775094e-15
2544,3.39578526616862,0.400421473383138,0.74,1882.56000000002,3.39578526616862,4.44089209850063e-16
2545,3.39456128896043,0.400543871103957,0.74,1883.30000000002,3.39456128896042,-7.105427357601e-15
2546,3.39332916372382,0.400667083627618,0.74,1884.04000000002,3.39332916372379,-3.10862446895044e-14
2547,3.3920888255345,0.40079111744655,0.74,1884.78000000002,3.39208882553452,1.95399252334028e-14
2548,3.39084020895109,0.400915979104891,0.74,1885.52000000002,3.39084020895111,2.04281036531029e-14
2549,3.38958324801061,0.401041675198939,0.74,1886.26000000002,3.38958324801061,-2.66453525910038e-15
2550,3.38831787622445,0.401168212377555,0.74,1887.00000000002,3.38831787622446,7.99360577730113e-15
2551,3.3870440265743,0.40129559734257,0.74,1887.74000000002,3.38704402657432,2.26485497023532e-14
2552,3.38576163150788,0.401423836849212,0.74,1888.48000000002,3.38576163150786,-1.33226762955019e-14
2553,3.38447062293446,0.401552937706554,0.74,1889.22000000002,3.38447062293446,5.32907051820075e-15
2554,3.38317093222096,0.401682906777904,0.74,1889.96000000002,3.38317093222097,3.99680288865056e-15
2555,3.38186249018736,0.401813750981264,0.74,1890.70000000002,3.38186249018734,-2.08721928629529e-14
2556,3.38054522710232,0.401945477289768,0.74,1891.44000000002,3.38054522710231,-7.54951656745106e-15
2557,3.37921907267895,0.402078092732105,0.74,1892.18000000002,3.37921907267899,3.77475828372553e-14
2558,3.37788395607046,0.402211604392954,0.74,1892.92000000002,3.37788395607043,-3.24185123190546e-14
2559,3.37653980586518,0.402346019413482,0.74,1893.66000000002,3.37653980586518,-1.33226762955019e-15
2560,3.37518655008276,0.402481344991724,0.74,1894.40000000002,3.37518655008276,-1.77635683940025e-15
2561,3.37382411616915,0.402617588383085,0.74,1895.14000000002,3.37382411616915,7.54951656745106e-15
2562,3.37245243099224,0.402754756900776,0.74,1895.88000000002,3.37245243099223,-8.88178419700125e-15
2563,3.37107142083713,0.402892857916287,0.74,1896.62000000002,3.37107142083713,6.66133814775094e-15
2564,3.36968101140164,0.403031898859836,0.74,1897.36000000002,3.36968101140163,-5.32907051820075e-15
2565,3.36828112779148,0.403171887220852,0.74,1898.10000000002,3.36828112779146,-1.33226762955019e-14
2566,3.36687169451557,0.403312830548443,0.74,1898.84000000002,3.36687169451559,2.22044604925031e-14
2567,3.36545263548146,0.403454736451854,0.74,1899.58000000002,3.36545263548146,-3.99680288865056e-15
2568,3.36402387399022,0.403597612600978,0.74,1900.32000000002,3.3640238739902,-1.90958360235527e-14
2569,3.36258533273181,0.403741466726819,0.74,1901.06000000002,3.36258533273181,3.10862446895044e-15
2570,3.36113693378027,0.403886306621973,0.74,1901.80000000002,3.36113693378027,8.88178419700125e-16
2571,3.35967859858863,0.404032140141137,0.74,1902.54000000002,3.35967859858864,8.88178419700125e-15
2572,3.35821024798412,0.404178975201588,0.74,1903.28000000002,3.3582102479841,-2.08721928629529e-14
2573,3.35673180216298,0.404326819783702,0.74,1904.02000000002,3.35673180216298,4.44089209850063e-16
2574,3.35524318068576,0.404475681931424,0.74,1904.76000000002,3.35524318068575,-1.33226762955019e-14
2575,3.35374430247191,0.404625569752809,0.74,1905.50000000002,3.35374430247189,-1.77635683940025e-14
2576,3.35223508579489,0.404776491420511,0.74,1906.24000000002,3.35223508579486,-2.75335310107039e-14
2577,3.3507154482769,0.40492845517231,0.74,1906.98000000002,3.35071544827689,-6.21724893790088e-15
2578,3.34918530688387,0.405081469311613,0.74,1907.72000000002,3.34918530688384,-2.44249065417534e-14
2579,3.34764457791991,0.405235542208009,0.74,1908.46000000002,3.34764457791993,2.22044604925031e-14
2580,3.34609317702248,0.405390682297752,0.74,1909.20000000002,3.34609317702249,4.44089209850063e-15
2581,3.34453101915665,0.405546898084335,0.74,1909.94000000002,3.34453101915663,-1.64313007644523e-14
2582,3.34295801860992,0.405704198139008,0.74,1910.68000000002,3.34295801860992,1.33226762955019e-15
2583,3.34137408898695,0.405862591101305,0.74,1911.42000000002,3.34137408898695,-4.88498130835069e-15
2584,3.33977914320391,0.406022085679609,0.74,1912.16000000002,3.3397791432039,-1.59872115546023e-14
2585,3.33817309348305,0.406182690651695,0.74,1912.90000000002,3.33817309348306,1.11022302462516e-14
2586,3.33655585134733,0.406344414865267,0.74,1913.64000000002,3.33655585134732,-1.11022302462516e-14
2587,3.33492732761454,0.406507267238546,0.74,1914.38000000002,3.33492732761454,4.88498130835069e-15
2588,3.33328743239198,0.406671256760802,0.74,1915.12000000002,3.33328743239201,2.44249065417534e-14
2589,3.33163607507072,0.406836392492928,0.74,1915.86000000002,3.33163607507071,-6.21724893790088e-15
2590,3.32997316431968,0.407002683568032,0.74,1916.60000000002,3.32997316431967,-1.02140518265514e-14
2591,3.32829860808019,0.407170139191981,0.74,1917.34000000002,3.32829860808017,-2.08721928629529e-14
2592,3.32661231355996,0.407338768644004,0.74,1918.08000000002,3.32661231355996,-7.54951656745106e-15
2593,3.32491418722742,0.407508581277258,0.74,1918.82000000002,3.32491418722741,-1.37667655053519e-14
2594,3.32320413480565,0.407679586519435,0.74,1919.56000000002,3.32320413480563,-1.77635683940025e-14
2595,3.32148206126652,0.407851793873348,0.74,1920.30000000002,3.32148206126653,7.99360577730113e-15
2596,3.31974787082481,0.408025212917519,0.74,1921.04000000002,3.31974787082481,-1.33226762955019e-15
2597,3.31800146693197,0.408199853306803,0.74,1921.78000000002,3.31800146693196,-1.64313007644523e-14
2598,3.31624275227014,0.408375724772986,0.74,1922.52000000002,3.31624275227015,6.66133814775094e-15
2599,3.31447162874611,0.408552837125389,0.74,1923.26000000002,3.31447162874612,1.68753899743024e-14
2600,3.31268799748503,0.408731200251497,0.74,1924.00000000002,3.312687997485,-2.57571741713036e-14
2601,3.31089175882406,0.408910824117594,0.74,1924.74000000002,3.31089175882407,1.64313007644523e-14
2602,3.30908281230651,0.409091718769349,0.74,1925.48000000002,3.30908281230649,-2.30926389122033e-14
2603,3.30726105667497,0.409273894332503,0.74,1926.22000000002,3.30726105667497,-5.32907051820075e-15
2604,3.30542638986537,0.409457361013463,0.74,1926.96000000002,3.30542638986539,1.82076576038526e-14
2605,3.30357870900039,0.409642129099961,0.74,1927.70000000002,3.30357870900039,-1.33226762955019e-15
2606,3.30171791038285,0.409828208961715,0.74,1928.44000000002,3.30171791038285,5.77315972805081e-15
2607,3.29984388948938,0.410015611051062,0.74,1929.18000000002,3.29984388948941,2.97539770599542e-14
2608,3.29795654096384,0.410204345903616,0.74,1929.92000000002,3.29795654096384,-2.22044604925031e-15
2609,3.29605575861044,0.410394424138956,0.74,1930.66000000002,3.29605575861042,-1.95399252334028e-14
2610,3.29414143538727,0.410585856461273,0.74,1931.40000000002,3.29414143538726,-1.24344978758018e-14
2611,3.29221346339958,0.410778653660042,0.74,1932.14000000002,3.29221346339957,-1.02140518265514e-14
2612,3.29027173389281,0.410972826610719,0.74,1932.88000000002,3.29027173389281,-3.10862446895044e-15
2613,3.28831613724591,0.411168386275409,0.74,1933.62000000002,3.28831613724589,-2.30926389122033e-14
2614,3.28634656296424,0.411365343703576,0.74,1934.36000000002,3.28634656296426,2.30926389122033e-14
2615,3.28436289967294,0.411563710032706,0.74,1935.10000000002,3.28436289967294,-7.105427357601e-15
2616,3.28236503510948,0.411763496489052,0.74,1935.84000000002,3.28236503510947,-6.66133814775094e-15
2617,3.28035285611691,0.411964714388309,0.74,1936.58000000002,3.28035285611692,1.55431223447522e-14
2618,3.27832624863669,0.412167375136331,0.74,1937.32000000002,3.27832624863669,2.22044604925031e-15
2619,3.27628509770136,0.412371490229864,0.74,1938.06000000002,3.27628509770135,-7.99360577730113e-15
2620,3.2742292874274,0.41257707125726,0.74,1938.80000000002,3.27422928742742,1.55431223447522e-14
2621,3.27215870100804,0.412784129899196,0.74,1939.54000000002,3.27215870100802,-1.82076576038526e-14
2622,3.27007322070557,0.412992677929443,0.74,1940.28000000002,3.27007322070557,-1.33226762955019e-15
2623,3.2679727278443,0.41320272721557,0.74,1941.02000000002,3.26797272784433,3.37507799486048e-14
2624,3.26585710280295,0.413414289719705,0.74,1941.76000000002,3.26585710280295,-3.5527136788005e-15
2625,3.26372622500693,0.413627377499307,0.74,1942.50000000002,3.26372622500693,-7.54951656745106e-15
2626,3.26157997292097,0.413842002707903,0.74,1943.24000000002,3.261579972921,3.50830475781549e-14
2627,3.2594182240415,0.41405817759585,0.74,1943.98000000002,3.25941822404153,3.10862446895044e-14
2628,3.25724085488875,0.414275914511125,0.74,1944.72000000002,3.25724085488872,-3.01980662698043e-14
2629,3.25504774099889,0.414495225900111,0.74,1945.46000000002,3.25504774099891,1.59872115546023e-14
2630,3.25283875691667,0.414716124308333,0.74,1946.20000000002,3.25283875691668,2.22044604925031e-15
2631,3.25061377618698,0.414938622381302,0.74,1946.94000000002,3.25061377618698,-4.44089209850063e-16
2632,3.24837267134717,0.415162732865283,0.74,1947.68000000002,3.24837267134716,-6.66133814775094e-15
2633,3.24611531391892,0.415388468608108,0.74,1948.42000000002,3.24611531391894,1.55431223447522e-14
2634,3.24384157440031,0.415615842559969,0.74,1949.16000000002,3.24384157440029,-2.04281036531029e-14
2635,3.24155132225732,0.415844867774268,0.74,1949.90000000002,3.24155132225731,-7.99360577730113e-15
2636,3.23924442591601,0.416075557408399,0.74,1950.64000000002,3.23924442591602,5.77315972805081e-15
2637,3.236920752754,0.4163079247246,0.74,1951.38000000002,3.236920752754,8.88178419700125e-16
2638,3.23458016909214,0.416541983090786,0.74,1952.12000000002,3.23458016909213,-1.37667655053519e-14
2639,3.23222254018609,0.416777745981391,0.74,1952.86000000002,3.23222254018608,-6.66133814775094e-15
2640,3.22984773021793,0.417015226978207,0.74,1953.60000000002,3.2298477302179,-2.88657986402541e-14
2641,3.22745560228742,0.417254439771258,0.74,1954.34000000002,3.22745560228741,-1.02140518265514e-14
2642,3.22504601840359,0.417495398159641,0.74,1955.08000000002,3.22504601840361,2.39808173319034e-14
2643,3.22261883947596,0.417738116052404,0.74,1955.82000000002,3.22261883947598,1.90958360235527e-14
2644,3.22017392530569,0.417982607469431,0.74,1956.56000000002,3.22017392530568,-2.22044604925031e-15
2645,3.21771113457677,0.418228886542323,0.74,1957.30000000002,3.21771113457681,3.64153152077051e-14
2646,3.2152303248474,0.41847696751526,0.74,1958.04000000002,3.21523032484741,8.88178419700125e-15
2647,3.21273135254054,0.418726864745946,0.74,1958.78000000002,3.21273135254053,-1.11022302462516e-14
2648,3.21021407293523,0.418978592706477,0.74,1959.52000000002,3.21021407293522,-7.99360577730113e-15
2649,3.20767834015734,0.419232165984266,0.74,1960.26000000002,3.20767834015735,9.76996261670138e-15
2650,3.20512400717047,0.419487599282953,0.74,1961.00000000002,3.20512400717047,1.77635683940025e-15
2651,3.20255092576653,0.419744907423347,0.74,1961.74000000002,3.20255092576652,-1.4210854715202e-14
2652,3.19995894655651,0.420004105344349,0.74,1962.48000000002,3.1999589465565,-5.32907051820075e-15
2653,3.1973479189611,0.42026520810389,0.74,1963.22000000002,3.19734791896109,-8.88178419700125e-15
2654,3.19471769120113,0.420528230879887,0.74,1963.96000000002,3.19471769120112,-1.33226762955019e-14
2655,3.19206811028803,0.420793188971197,0.74,1964.70000000002,3.19206811028804,4.88498130835069e-15
2656,3.18939902201427,0.421060097798573,0.74,1965.44000000002,3.18939902201427,-5.77315972805081e-15
2657,3.18671027094348,0.421328972905652,0.74,1966.18000000002,3.18671027094348,3.5527136788005e-15
2658,3.18400170040084,0.421599829959916,0.74,1966.92000000002,3.18400170040084,8.88178419700125e-16
2659,3.18127315246312,0.421872684753688,0.74,1967.66000000002,3.1812731524631,-2.17603712826531e-14
2660,3.17852446794868,0.422147553205132,0.74,1968.40000000002,3.17852446794866,-1.86517468137026e-14
2661,3.17575548640752,0.422424451359248,0.74,1969.14000000002,3.17575548640756,3.24185123190546e-14
2662,3.17296604611136,0.422703395388864,0.74,1969.88000000002,3.17296604611135,-4.88498130835069e-15
2663,3.17015598404294,0.422984401595706,0.74,1970.62000000002,3.17015598404293,-7.54951656745106e-15
2664,3.16732513588624,0.423267486411376,0.74,1971.36000000002,3.16732513588625,2.22044604925031e-15
2665,3.16447333601599,0.423552666398401,0.74,1972.10000000002,3.16447333601598,-1.11022302462516e-14
2666,3.16160041748708,0.423839958251292,0.74,1972.84000000002,3.16160041748707,-7.54951656745106e-15
2667,3.15870621202424,0.424129378797576,0.74,1973.58000000002,3.15870621202426,1.4210854715202e-14
2668,3.1557905500114,0.42442094499886,0.74,1974.32000000002,3.15579055001142,1.64313007644523e-14
2669,3.15285326048095,0.424714673951905,0.74,1975.06000000002,3.15285326048094,-1.64313007644523e-14
2670,3.14989417110289,0.425010582889711,0.74,1975.80000000002,3.1498941711029,9.76996261670138e-15
2671,3.14691310817423,0.425308689182577,0.74,1976.54000000002,3.14691310817425,1.86517468137026e-14
2672,3.14390989660785,0.425609010339215,0.74,1977.28000000002,3.14390989660787,1.68753899743024e-14
2673,3.14088435992153,0.425911564007847,0.74,1978.02000000002,3.14088435992151,-1.73194791841524e-14
2674,3.13783632022671,0.426216367977329,0.74,1978.76000000002,3.13783632022671,2.66453525910038e-15
2675,3.1347655982176,0.42652344017824,0.74,1979.50000000002,3.13476559821758,-1.73194791841524e-14
2676,3.13167201315952,0.426832798684048,0.74,1980.24000000002,3.13167201315949,-2.48689957516035e-14
2677,3.12855538287772,0.427144461712228,0.74,1980.98000000002,3.12855538287772,-3.99680288865056e-15
2678,3.12541552374591,0.427458447625409,0.74,1981.72000000002,3.12541552374595,3.06421554796543e-14
2679,3.12225225067471,0.427774774932529,0.74,1982.46000000002,3.12225225067471,6.66133814775094e-15
2680,3.11906537709973,0.428093462290027,0.74,1983.20000000002,3.11906537709975,1.73194791841524e-14
2681,3.11585471497023,0.428414528502977,0.74,1983.94000000002,3.11585471497022,-7.54951656745106e-15
2682,3.1126200747369,0.42873799252631,0.74,1984.68000000002,3.11262007473689,-7.99360577730113e-15
2683,3.10936126534014,0.429063873465986,0.74,1985.42000000002,3.10936126534017,3.33066907387547e-14
2684,3.10607809419812,0.429392190580188,0.74,1986.16000000002,3.10607809419812,-6.66133814775094e-15
2685,3.10277036719427,0.429722963280573,0.74,1986.90000000002,3.10277036719425,-1.77635683940025e-14
2686,3.09943788866536,0.430056211133464,0.74,1987.64000000002,3.09943788866536,-2.22044604925031e-15
2687,3.09608046138916,0.430391953861084,0.74,1988.38000000002,3.09608046138919,2.26485497023532e-14
2688,3.09269788657198,0.430730211342802,0.74,1989.12000000002,3.09269788657197,-1.11022302462516e-14
2689,3.08928996383594,0.431071003616406,0.74,1989.86000000002,3.08928996383596,2.35367281220533e-14
2690,3.08585649120675,0.431414350879325,0.74,1990.60000000002,3.08585649120677,1.55431223447522e-14
2691,3.08239726510064,0.431760273489936,0.74,1991.34000000002,3.08239726510067,2.70894418008538e-14
2692,3.07891208031177,0.432108791968823,0.74,1992.08000000002,3.07891208031174,-2.62012633811537e-14
2693,3.07540072999899,0.432459927000101,0.74,1992.82000000002,3.07540072999899,1.33226762955019e-15
2694,3.07186300567332,0.432813699432668,0.74,1993.56000000002,3.07186300567329,-3.59712259978551e-14
2695,3.06829869718425,0.433170130281575,0.74,1994.30000000002,3.06829869718423,-1.19904086659517e-14
2696,3.06470759270692,0.433529240729308,0.74,1995.04000000002,3.06470759270695,2.70894418008538e-14
2697,3.06108947872875,0.433891052127125,0.74,1995.78000000002,3.06108947872871,-3.77475828372553e-14
2698,3.0574441400355,0.43425558599645,0.74,1996.52000000002,3.0574441400355,-3.5527136788005e-15
2699,3.05377135969846,0.434622864030154,0.74,1997.26000000002,3.05377135969846,-3.10862446895044e-15
2700,3.0500709190602,0.43499290809398,0.74,1998.00000000002,3.05007091906022,1.86517468137026e-14
2701,3.04634259772118,0.435365740227882,0.74,1998.74000000002,3.04634259772115,-2.62012633811537e-14
2702,3.04258617352542,0.435741382647458,0.74,1999.48000000002,3.04258617352544,1.55431223447522e-14
2703,3.03880142254712,0.436119857745288,0.74,2000.22000000002,3.03880142254711,-1.19904086659517e-14
2704,3.03498811907593,0.436501188092407,0.74,2000.96000000002,3.03498811907595,1.68753899743024e-14
2705,3.03114603560323,0.436885396439677,0.74,2001.70000000002,3.03114603560325,1.99840144432528e-14
2706,3.02727494280748,0.437272505719252,0.74,2002.44000000002,3.02727494280749,1.28785870856518e-14
2707,3.02337460953993,0.437662539046007,0.74,2003.18000000002,3.02337460953992,-1.02140518265514e-14
2708,3.01944480280994,0.438055519719006,0.74,2003.92000000002,3.01944480280994,4.44089209850063e-16
2709,3.0154852877705,0.43845147122295,0.74,2004.66000000002,3.0154852877705,-2.22044604925031e-15
2710,3.01149582770327,0.438850417229673,0.74,2005.40000000002,3.01149582770324,-3.10862446895044e-14
2711,3.00747618400362,0.439252381599638,0.74,2006.14000000002,3.00747618400362,-2.22044604925031e-15
2712,3.00342611616585,0.439657388383415,0.74,2006.88000000002,3.00342611616587,1.99840144432528e-14
2713,2.99934538176785,0.440065461823215,0.74,2007.62000000002,2.99934538176787,2.08721928629529e-14
2714,2.99523373645584,0.440476626354416,0.74,2008.36000000002,2.99523373645584,-4.44089209850063e-15
2715,2.99109093392897,0.440890906607103,0.74,2009.10000000002,2.99109093392897,-3.99680288865056e-15
2716,2.98691672592389,0.441308327407611,0.74,2009.84000000002,2.98691672592391,1.73194791841524e-14
2717,2.98271086219913,0.441728913780087,0.74,2010.58000000002,2.98271086219912,-4.88498130835069e-15
2718,2.97847309051912,0.442152690948088,0.74,2011.32000000002,2.97847309051913,1.33226762955019e-14
2719,2.97420315663865,0.442579684336135,0.74,2012.06000000002,2.97420315663862,-3.59712259978551e-14
2720,2.96990080428643,0.443009919571357,0.74,2012.80000000002,2.96990080428642,-9.32587340685131e-15
2721,2.96556577514937,0.443443422485063,0.74,2013.54000000002,2.96556577514938,3.99680288865056e-15
2722,2.96119780885607,0.443880219114393,0.74,2014.28000000002,2.96119780885608,1.06581410364015e-14
2723,2.95679664296046,0.444320335703954,0.74,2015.02000000002,2.95679664296045,-2.66453525910038e-15
2724,2.95236201292522,0.444763798707478,0.74,2015.76000000002,2.95236201292522,1.33226762955019e-15
2725,2.94789365210528,0.445210634789472,0.74,2016.50000000002,2.94789365210526,-1.55431223447522e-14
2726,2.94339129173082,0.445660870826918,0.74,2017.24000000002,2.9433912917308,-1.99840144432528e-14
2727,2.93885466089048,0.446114533910952,0.74,2017.98000000002,2.93885466089047,-1.24344978758018e-14
2728,2.93428348651426,0.446571651348574,0.74,2018.72000000002,2.93428348651428,2.04281036531029e-14
2729,2.92967749335639,0.447032250664361,0.74,2019.46000000002,2.92967749335638,-1.64313007644523e-14
2730,2.92503640397771,0.447496359602229,0.74,2020.20000000002,2.92503640397773,1.77635683940025e-14
2731,2.92035993872864,0.447964006127136,0.74,2020.94000000002,2.92035993872866,1.95399252334028e-14
2732,2.91564781573118,0.448435218426882,0.74,2021.68000000002,2.91564781573119,1.55431223447522e-14
2733,2.91089975086135,0.448910024913865,0.74,2022.42000000002,2.91089975086135,2.22044604925031e-15
2734,2.9061154577312,0.44938845422688,0.74,2023.16000000002,2.90611545773122,1.28785870856518e-14
2735,2.90129464767091,0.449870535232909,0.74,2023.90000000002,2.90129464767092,9.32587340685131e-15
2736,2.89643702971046,0.450356297028954,0.74,2024.64000000002,2.89643702971043,-2.26485497023532e-14
2737,2.89154231056125,0.450845768943875,0.74,2025.38000000002,2.89154231056126,1.46549439250521e-14
2738,2.88661019459798,0.451338980540202,0.74,2026.12000000002,2.88661019459797,-1.11022302462516e-14
2739,2.88164038383954,0.451835961616046,0.74,2026.86000000002,2.88164038383953,-7.54951656745106e-15
2740,2.87663257793062,0.452336742206938,0.74,2027.60000000002,2.87663257793061,-1.59872115546023e-14
2741,2.87158647412258,0.452841352587742,0.74,2028.34000000002,2.87158647412258,2.22044604925031e-15
2742,2.86650176725453,0.453349823274547,0.74,2029.08000000002,2.86650176725453,-7.54951656745106e-15
2743,2.86137814973395,0.453862185026605,0.74,2029.82000000002,2.86137814973395,2.66453525910038e-15
2744,2.85621531151745,0.454378468848255,0.74,2030.56000000002,2.85621531151746,1.55431223447522e-14
2745,2.85101294009118,0.454898705990882,0.74,2031.30000000002,2.85101294009119,6.66133814775094e-15
2746,2.84577072045116,0.455422927954884,0.74,2032.04000000002,2.84577072045114,-1.82076576038526e-14
2747,2.84048833508334,0.455951166491666,0.74,2032.78000000002,2.84048833508334,3.10862446895044e-15
2748,2.83516546394384,0.456483453605616,0.74,2033.52000000002,2.83516546394384,-1.77635683940025e-15
2749,2.82980178443853,0.457019821556147,0.74,2034.26000000002,2.82980178443854,9.76996261670138e-15
2750,2.8243969714029,0.45756030285971,0.74,2035.00000000002,2.8243969714029,-3.5527136788005e-15
2751,2.81895069708145,0.458104930291855,0.74,2035.74000000002,2.81895069708143,-1.28785870856518e-14
2752,2.81346263110709,0.458653736889291,0.74,2036.48000000002,2.81346263110707,-1.64313007644523e-14
