t_s,v_volt,is_amp,i_amp,q_coulomb,soc_percent,v_model_volt,residual_volt,power_watt
0,4.1741044085,0.32258955915,0.74,0,100,4.1741044085,-6.60804744257e-13,3.08883726229
1,4.17286424671,0.322713575329,0.74,0.74,99.9722222222,4.17286424671,-6.59028387417e-13,3.08791954256
2,4.17163192463,0.322836807537,0.74,1.48,99.9444444444,4.17163192463,-6.41264819023e-13,3.08700762423
3,4.17040738311,0.322959261689,0.74,2.22,99.9166666667,4.17040738311,-6.30606677987e-13,3.0861014635
4,4.16919056341,0.323080943659,0.74,2.96,99.8888888889,4.16919056341,-6.37712105345e-13,3.08520101693
5,4.16798140727,0.323201859273,0.74,3.7,99.8611111111,4.16798140727,-5.96855898038e-13,3.08430624138
6,4.16677985684,0.323322014316,0.74,4.44,99.8333333333,4.16677985684,-6.34159391666e-13,3.08341709406
7,4.16558585472,0.323441414528,0.74,5.18,99.8055555556,4.16558585472,-6.40376640604e-13,3.0825335325
8,4.16439934395,0.323560065605,0.74,5.92,99.7777777778,4.16439934395,-5.79092329644e-13,3.08165551452
9,4.16322026799,0.323677973201,0.74,6.66,99.75,4.16322026799,-6.02184968557e-13,3.08078299831
10,4.16204857071,0.323795142929,0.74,7.4,99.7222222222,4.16204857071,-6.02184968557e-13,3.07991594233
11,4.16088419645,0.323911580355,0.74,8.14,99.6944444444,4.16088419645,-6.10178574334e-13,3.07905430537
12,4.15972708993,0.324027291007,0.74,8.88,99.6666666667,4.15972708993,-5.95079541199e-13,3.07819804654
13,4.15857719629,0.324142280371,0.74,9.62,99.6388888889,4.15857719629,-5.79980508064e-13,3.07734712525
14,4.1574344611,0.32425655389,0.74,10.36,99.6111111111,4.1574344611,-5.9152682752e-13,3.07650150122
15,4.15629883035,0.324370116965,0.74,11.1,99.5833333333,4.15629883034,-5.6132876125e-13,3.07566113446
16,4.15517025039,0.324482974961,0.74,11.84,99.5555555556,4.15517025039,-5.90638649101e-13,3.07482598529
17,4.15404866804,0.324595133196,0.74,12.58,99.5277777778,4.15404866804,-5.6132876125e-13,3.07399601435
18,4.15293403047,0.324706596953,0.74,13.32,99.5,4.15293403047,-5.43565192856e-13,3.07317118254
19,4.15182628526,0.324817371474,0.74,14.06,99.4722222222,4.15182628526,-5.55999690732e-13,3.07235145109
20,4.15072538041,0.324927461959,0.74,14.8,99.4444444444,4.15072538041,-5.67546010188e-13,3.0715367815
21,4.14963126429,0.325036873571,0.74,15.54,99.4166666667,4.14963126429,-5.24913446043e-13,3.07072713557
22,4.14854388565,0.325145611435,0.74,16.28,99.3888888889,4.14854388565,-5.24025267623e-13,3.06992247538
23,4.14746319366,0.325253680634,0.74,17.02,99.3611111111,4.14746319366,-5.47117906535e-13,3.06912276331
24,4.14638913785,0.325361086215,0.74,17.76,99.3333333333,4.14638913785,-5.08926234488e-13,3.06832796201
25,4.14532166813,0.325467833187,0.74,18.5,99.3055555556,4.14532166813,-5.0448534239e-13,3.06753803442
26,4.1442607348,0.32557392652,0.74,19.24,99.2777777778,4.1442607348,-5.3290705182e-13,3.06675294375
27,4.14320628852,0.325679371148,0.74,19.98,99.25,4.14320628852,-4.79616346638e-13,3.06597265351
28,4.14215828035,0.325784171965,0.74,20.72,99.2222222222,4.14215828035,-5.0359716397e-13,3.06519712746
29,4.14111666168,0.325888333832,0.74,21.46,99.1944444444,4.14111666168,-4.92939022934e-13,3.06442632964
30,4.1400813843,0.32599186157,0.74,22.2,99.1666666667,4.1400813843,-4.62740956664e-13,3.06366022438
31,4.13905240034,0.326094759966,0.74,22.94,99.1388888889,4.13905240034,-4.54747350886e-13,3.06289877625
32,4.13802966232,0.326197033768,0.74,23.68,99.1111111111,4.13802966232,-5.0448534239e-13,3.06214195012
33,4.13701312309,0.326298687691,0.74,24.42,99.0833333333,4.13701312309,-4.87609952415e-13,3.06138971108
34,4.13600273586,0.326399726414,0.74,25.16,99.0555555556,4.13600273586,-4.65405491923e-13,3.06064202454
35,4.13499845422,0.326500154578,0.74,25.9,99.0277777778,4.13499845422,-4.55635529306e-13,3.05989885612
36,4.13400023207,0.326599976793,0.74,26.64,99,4.13400023207,-4.68070027182e-13,3.05916017173
37,4.13300802369,0.326699197631,0.74,27.38,98.9722222222,4.13300802369,-4.84945417156e-13,3.05842593753
38,4.13202178369,0.326797821631,0.74,28.12,98.9444444444,4.13202178369,-4.37871960912e-13,3.05769611993
39,4.13104146702,0.326895853298,0.74,28.86,98.9166666667,4.13104146702,-4.30766533555e-13,3.0569706856
40,4.13006702899,0.326993297101,0.74,29.6,98.8888888889,4.13006702899,-4.52082815627e-13,3.05624960145
41,4.12909842522,0.327090157478,0.74,30.34,98.8611111111,4.12909842522,-4.36983782492e-13,3.05553283466
42,4.12813561169,0.327186438831,0.74,31.08,98.8333333333,4.12813561169,-4.55635529306e-13,3.05482035265
43,4.12717854469,0.327282145531,0.74,31.82,98.8055555556,4.12717854469,-4.02344824124e-13,3.05411212307
44,4.12622718085,0.327377281915,0.74,32.56,98.7777777778,4.12622718085,-4.22772927777e-13,3.05340811383
45,4.12528147713,0.327471852287,0.74,33.3,98.75,4.12528147713,-4.22772927777e-13,3.05270829308
46,4.12434139082,0.327565860918,0.74,34.04,98.7222222222,4.12434139082,-4.05897537803e-13,3.0520126292
47,4.12340687951,0.327659312049,0.74,34.78,98.6944444444,4.12340687951,-4.22772927777e-13,3.05132109084
48,4.12247790114,0.327752209886,0.74,35.52,98.6666666667,4.12247790114,-4.20996570938e-13,3.05063364684
49,4.12155441394,0.327844558606,0.74,36.26,98.6388888889,4.12155441394,-4.09450251482e-13,3.04995026631
50,4.12063637647,0.327936362353,0.74,37,98.6111111111,4.12063637647,-3.88133969409e-13,3.04927091859
51,4.11972374761,0.328027625239,0.74,37.74,98.5833333333,4.11972374761,-3.91686683088e-13,3.04859557323
52,4.11881648653,0.328118351347,0.74,38.48,98.5555555556,4.11881648653,-4.10338429901e-13,3.04792420003
53,4.11791455272,0.328208544728,0.74,39.22,98.5277777778,4.11791455272,-3.93463039927e-13,3.04725676901
54,4.11701790597,0.328298209403,0.74,39.96,98.5,4.11701790597,-3.97015753606e-13,3.04659325042
55,4.11612650639,0.328387349361,0.74,40.7,98.4722222222,4.11612650639,-4.09450251482e-13,3.04593361473
56,4.11524031437,0.328475968563,0.74,41.44,98.4444444444,4.11524031437,-3.74811293113e-13,3.04527783264
57,4.11435929062,0.328564070938,0.74,42.18,98.4166666667,4.11435929062,-3.8369307731e-13,3.04462587506
58,4.11348339611,0.328651660389,0.74,42.92,98.3888888889,4.11348339611,-3.76587649953e-13,3.04397771312
59,4.11261259215,0.328738740785,0.74,43.66,98.3611111111,4.11261259215,-3.65929508916e-13,3.04333331819
60,4.11174684032,0.328825315968,0.74,44.4,98.3333333333,4.11174684032,-3.46389583683e-13,3.04269266184
61,4.11088610248,0.328911389752,0.74,45.14,98.3055555556,4.11088610248,-3.79252185212e-13,3.04205571584
62,4.1100303408,0.32899696592,0.74,45.88,98.2777777778,4.1100303408,-3.57047724719e-13,3.04142245219
63,4.10917951771,0.329082048229,0.74,46.62,98.25,4.10917951771,-3.63264973657e-13,3.04079284311
64,4.10833359595,0.329166640405,0.74,47.36,98.2222222222,4.10833359595,-3.72146757854e-13,3.04016686101
65,4.10749253853,0.329250746147,0.74,48.1,98.1944444444,4.10749253853,-3.5527136788e-13,3.03954447851
66,4.10665630873,0.329334369127,0.74,48.84,98.1666666667,4.10665630873,-3.22408766351e-13,3.03892566846
67,4.10582487012,0.329417512988,0.74,49.58,98.1388888889,4.10582487012,-3.52606832621e-13,3.03831040389
68,4.10499818654,0.329500181346,0.74,50.32,98.1111111111,4.10499818654,-3.01092484278e-13,3.03769865804
69,4.1041762221,0.32958237779,0.74,51.06,98.0833333333,4.1041762221,-3.09086090056e-13,3.03709040435
70,4.10335894118,0.329664105882,0.74,51.8,98.0555555556,4.10335894118,-3.36619621066e-13,3.03648561648
71,4.10254630845,0.329745369155,0.74,52.54,98.0277777778,4.10254630845,-3.28626015289e-13,3.03588426825
72,4.10173828881,0.329826171119,0.74,53.28,98,4.10173828881,-3.09086090056e-13,3.03528633372
73,4.10093484746,0.329906515254,0.74,54.02,97.9722222222,4.10093484746,-3.2596148003e-13,3.03469178712
74,4.10013594984,0.329986405016,0.74,54.76,97.9444444444,4.10013594984,-3.38395977906e-13,3.03410060288
75,4.09934156165,0.330065843835,0.74,55.5,97.9166666667,4.09934156165,-3.02868841118e-13,3.03351275562
76,4.09855164887,0.330144835113,0.74,56.24,97.8888888889,4.09855164887,-2.85993451143e-13,3.03292822017
77,4.09776617772,0.330223382228,0.74,56.98,97.8611111111,4.09776617772,-3.21520587931e-13,3.03234697151
78,4.09698511468,0.330301488532,0.74,57.72,97.8333333333,4.09698511468,-2.72670774848e-13,3.03176898486
79,4.09620842647,0.330379157353,0.74,58.46,97.8055555556,4.09620842647,-3.02868841118e-13,3.03119423559
80,4.09543608008,0.330456391992,0.74,59.2,97.7777777778,4.09543608008,-3.13526982154e-13,3.03062269926
81,4.09466804275,0.330533195725,0.74,59.94,97.75,4.09466804275,-2.80664380625e-13,3.03005435163
82,4.09390428195,0.330609571805,0.74,60.68,97.7222222222,4.09390428195,-3.11750625315e-13,3.02948916864
83,4.0931447654,0.33068552346,0.74,61.42,97.6944444444,4.0931447654,-2.93987056921e-13,3.02892712639
84,4.09238946107,0.330761053893,0.74,62.16,97.6666666667,4.09238946107,-2.73558953268e-13,3.0283682012
85,4.09163833718,0.330836166282,0.74,62.9,97.6388888889,4.09163833718,-2.75335310107e-13,3.02781236952
86,4.09089136218,0.330910863782,0.74,63.64,97.6111111111,4.09089136218,-2.76223488527e-13,3.02725960801
87,4.09014850474,0.330985149526,0.74,64.38,97.5833333333,4.09014850474,-2.80664380625e-13,3.02670989351
88,4.0894097338,0.33105902662,0.74,65.12,97.5555555556,4.0894097338,-2.54907206454e-13,3.02616320301
89,4.08867501851,0.331132498149,0.74,65.86,97.5277777778,4.08867501851,-2.70894418009e-13,3.0256195137
90,4.08794432827,0.331205567173,0.74,66.6,97.5,4.08794432827,-2.77999845366e-13,3.02507880292
91,4.0872176327,0.33127823673,0.74,67.34,97.4722222222,4.0872176327,-2.51354492775e-13,3.0245410482
92,4.08649490164,0.331350509836,0.74,68.08,97.4444444444,4.08649490164,-2.70006239589e-13,3.02400622721
93,4.08577610519,0.331422389481,0.74,68.82,97.4166666667,4.08577610519,-2.51354492775e-13,3.02347431784
94,4.08506121363,0.331493878637,0.74,69.56,97.3888888889,4.08506121363,-2.50466314355e-13,3.02294529809
95,4.08435019751,0.331564980249,0.74,70.3,97.3611111111,4.08435019751,-2.59348098552e-13,3.02241914616
96,4.08364302758,0.331635697242,0.74,71.04,97.3333333333,4.08364302758,-2.47801779096e-13,3.02189584041
97,4.0829396748,0.33170603252,0.74,71.78,97.3055555556,4.0829396748,-2.54907206454e-13,3.02137535935
98,4.08224011037,0.331775988963,0.74,72.52,97.2777777778,4.08224011037,-2.61124455392e-13,3.02085768167
99,4.0815443057,0.33184556943,0.74,73.26,97.25,4.0815443057,-2.47801779096e-13,3.02034278622
100,4.08085223241,0.331914776759,0.74,74,97.2222222222,4.08085223241,-2.22044604925e-13,3.01983065198
101,4.08016386234,0.331983613766,0.74,74.74,97.1944444444,4.08016386233,-2.29150032283e-13,3.01932125813
102,4.07947916754,0.332052083246,0.74,75.48,97.1666666667,4.07947916754,-2.49578135936e-13,3.01881458398
103,4.07879812027,0.332120187973,0.74,76.22,97.1388888889,4.07879812027,-2.28261853863e-13,3.018310609
104,4.07812069301,0.332187930699,0.74,76.96,97.1111111111,4.07812069301,-2.05169214951e-13,3.01780931283
105,4.07744685844,0.332255314156,0.74,77.7,97.0833333333,4.07744685844,-2.24709140184e-13,3.01731067524
106,4.07677658943,0.332322341057,0.74,78.44,97.0555555556,4.07677658943,-1.90070181816e-13,3.01681467618
107,4.07610985909,0.332389014091,0.74,79.18,97.0277777778,4.07610985909,-2.10498285469e-13,3.01632129572
108,4.0754466407,0.33245533593,0.74,79.92,97,4.0754466407,-2.30038210702e-13,3.01583051412
109,4.07478690776,0.332521309224,0.74,80.66,96.9722222222,4.07478690776,-2.01616501272e-13,3.01534231174
110,4.07413063396,0.332586936604,0.74,81.4,96.9444444444,4.07413063396,-2.12274642308e-13,3.01485666913
111,4.0734777932,0.33265222068,0.74,82.14,96.9166666667,4.0734777932,-2.33590924381e-13,3.01437356697
112,4.07282835956,0.332717164044,0.74,82.88,96.8888888889,4.07282835956,-1.99840144433e-13,3.01389298608
113,4.07218230734,0.332781769266,0.74,83.62,96.8611111111,4.07218230734,-1.82964754458e-13,3.01341490743
114,4.07153961101,0.332846038899,0.74,84.36,96.8333333333,4.07153961101,-2.22044604925e-13,3.01293931215
115,4.07090024525,0.332909975475,0.74,85.1,96.8055555556,4.07090024525,-1.99840144433e-13,3.01246618149
116,4.07026418492,0.332973581508,0.74,85.84,96.7777777778,4.07026418492,-1.82076576039e-13,3.01199549684
117,4.06963140507,0.333036859493,0.74,86.58,96.75,4.06963140507,-1.89182003396e-13,3.01152723975
118,4.06900188095,0.333099811905,0.74,87.32,96.7222222222,4.06900188095,-1.98951966013e-13,3.0110613919
119,4.06837558798,0.333162441202,0.74,88.06,96.6944444444,4.06837558798,-1.86517468137e-13,3.0105979351
120,4.06775250177,0.333224749823,0.74,88.8,96.6666666667,4.06775250177,-1.85629289717e-13,3.01013685131
121,4.06713259814,0.333286740186,0.74,89.54,96.6388888889,4.06713259814,-1.91846538655e-13,3.00967812262
122,4.06651585304,0.333348414696,0.74,90.28,96.6111111111,4.06651585304,-1.52766688188e-13,3.00922173125
123,4.06590224266,0.333409775734,0.74,91.02,96.5833333333,4.06590224266,-1.85629289717e-13,3.00876765957
124,4.06529174333,0.333470825667,0.74,91.76,96.5555555556,4.06529174333,-1.82964754458e-13,3.00831589006
125,4.06468433157,0.333531566843,0.74,92.5,96.5277777778,4.06468433157,-1.39444011893e-13,3.00786640536
126,4.06407998407,0.333592001593,0.74,93.24,96.5,4.06407998407,-1.7674750552e-13,3.00741918821
127,4.06347867772,0.333652132228,0.74,93.98,96.4722222222,4.06347867772,-1.62536650805e-13,3.00697422151
128,4.06288038956,0.333711961044,0.74,94.72,96.4444444444,4.06288038956,-1.42108547152e-13,3.00653148828
129,4.06228509681,0.333771490319,0.74,95.46,96.4166666667,4.06228509681,-1.60760293966e-13,3.00609097164
130,4.06169277687,0.333830722313,0.74,96.2,96.3888888889,4.06169277687,-1.65201186064e-13,3.00565265488
131,4.06110340729,0.333889659271,0.74,96.94,96.3611111111,4.06110340729,-1.57207580287e-13,3.0052165214
132,4.06051696582,0.333948303418,0.74,97.68,96.3333333333,4.06051696582,-1.46549439251e-13,3.0047825547
133,4.05993343035,0.334006656965,0.74,98.42,96.3055555556,4.05993343034,-1.4743761767e-13,3.00435073846
134,4.05935277894,0.334064722106,0.74,99.16,96.2777777778,4.05935277894,-1.72306613422e-13,3.00392105642
135,4.05877498985,0.334122501015,0.74,99.9,96.25,4.05877498985,-1.53654866608e-13,3.00349349249
136,4.05820004145,0.334179995855,0.74,100.64,96.2222222222,4.05820004145,-1.66977542904e-13,3.00306803068
137,4.05762791232,0.334237208768,0.74,101.38,96.1944444444,4.05762791232,-1.39444011893e-13,3.00264465512
138,4.05705858118,0.334294141882,0.74,102.12,96.1666666667,4.05705858118,-1.11022302463e-13,3.00222335007
139,4.0564920269,0.33435079731,0.74,102.86,96.1388888889,4.0564920269,-1.22568621919e-13,3.00180409991
140,4.05592822854,0.334407177146,0.74,103.6,96.1111111111,4.05592822854,-1.1990408666e-13,3.00138688912
141,4.05536716529,0.334463283471,0.74,104.34,96.0833333333,4.05536716529,-1.27897692437e-13,3.00097170231
142,4.0548088165,0.33451911835,0.74,105.08,96.0555555556,4.0548088165,-1.4832579609e-13,3.00055852421
143,4.05425316171,0.334574683829,0.74,105.82,96.0277777778,4.05425316171,-1.40332190313e-13,3.00014733966
144,4.05370018056,0.334629981944,0.74,106.56,96,4.05370018056,-1.46549439251e-13,2.99973813361
145,4.05314985289,0.334685014711,0.74,107.3,95.9722222222,4.05314985289,-1.58095758707e-13,2.99933089114
146,4.05260215866,0.334739784134,0.74,108.04,95.9444444444,4.05260215866,-1.29674049276e-13,2.99892559741
147,4.05205707801,0.334794292199,0.74,108.78,95.9166666667,4.05205707801,-8.17124146124e-14,2.99852223772
148,4.0515145912,0.33484854088,0.74,109.52,95.8888888889,4.0515145912,-1.27897692437e-13,2.99812079749
149,4.05097467866,0.334902532134,0.74,110.26,95.8611111111,4.05097467866,-1.32338584535e-13,2.99772126221
150,4.05043732097,0.334956267903,0.74,111,95.8333333333,4.05043732097,-9.59232693276e-14,2.99732361752
151,4.04990249884,0.335009750116,0.74,111.74,95.8055555556,4.04990249884,-1.04805053525e-13,2.99692784914
152,4.04937019313,0.335062980687,0.74,112.48,95.7777777778,4.04937019313,-9.50350909079e-14,2.99653394292
153,4.04884038486,0.335115961514,0.74,113.22,95.75,4.04884038486,-1.36779476634e-13,2.9961418848
154,4.04831305517,0.335168694483,0.74,113.96,95.7222222222,4.04831305517,-9.50350909079e-14,2.99575166083
155,4.04778818536,0.335221181464,0.74,114.7,95.6944444444,4.04778818536,-1.22568621919e-13,2.99536325717
156,4.04726575686,0.335273424314,0.74,115.44,95.6666666667,4.04726575686,-1.28785870857e-13,2.99497666008
157,4.04674575125,0.335325424875,0.74,116.18,95.6388888889,4.04674575125,-9.68114477473e-14,2.99459185593
158,4.04622815025,0.335377184975,0.74,116.92,95.6111111111,4.04622815025,-9.7699626167e-14,2.99420883118
159,4.04571293569,0.335428706431,0.74,117.66,95.5833333333,4.04571293569,-1.33226762955e-13,2.99382757241
160,4.04520008959,0.335479991041,0.74,118.4,95.5555555556,4.04520008959,-8.881784197e-14,2.99344806629
161,4.04468959405,0.335531040595,0.74,119.14,95.5277777778,4.04468959405,-8.70414851306e-14,2.9930702996
162,4.04418143134,0.335581856866,0.74,119.88,95.5,4.04418143134,-9.59232693276e-14,2.99269425919
163,4.04367558385,0.335632441615,0.74,120.62,95.4722222222,4.04367558385,-1.172395514e-13,2.99231993205
164,4.04317203411,0.335682796589,0.74,121.36,95.4444444444,4.04317203411,-9.32587340685e-14,2.99194730524
165,4.04267076478,0.335732923522,0.74,122.1,95.4166666667,4.04267076478,-1.10134124043e-13,2.99157636594
166,4.04217175865,0.335782824135,0.74,122.84,95.3888888889,4.04217175865,-8.881784197e-14,2.9912071014
167,4.04167499863,0.335832500137,0.74,123.58,95.3611111111,4.04167499863,-8.79296635503e-14,2.99083949899
168,4.04118046778,0.335881953222,0.74,124.32,95.3333333333,4.04118046778,-9.14823772291e-14,2.99047354616
169,4.04068814927,0.335931185073,0.74,125.06,95.3055555556,4.04068814927,-7.63833440942e-14,2.99010923046
170,4.0401980264,0.33598019736,0.74,125.8,95.2777777778,4.0401980264,-8.79296635503e-14,2.98974653954
171,4.03971008261,0.336028991739,0.74,126.54,95.25,4.03971008261,-6.83897383169e-14,2.98938546113
172,4.03922430145,0.336077569855,0.74,127.28,95.2222222222,4.03922430144,-9.7699626167e-14,2.98902598307
173,4.03874066659,0.336125933341,0.74,128.02,95.1944444444,4.03874066659,-7.9936057773e-14,2.98866809327
174,4.03825916183,0.336174083817,0.74,128.76,95.1666666667,4.03825916183,-9.32587340685e-14,2.98831177976
175,4.03777977112,0.336222022888,0.74,129.5,95.1388888889,4.03777977112,-8.61533067109e-14,2.98795703063
176,4.03730247847,0.336269752153,0.74,130.24,95.1111111111,4.03730247847,-7.01660951563e-14,2.98760383407
177,4.03682726807,0.336317273193,0.74,130.98,95.0833333333,4.03682726807,-6.75015598972e-14,2.98725217837
178,4.0363541242,0.33636458758,0.74,131.72,95.0555555556,4.0363541242,-1.06581410364e-13,2.98690205191
179,4.03588303125,0.336411696875,0.74,132.46,95.0277777778,4.03588303125,-7.37188088351e-14,2.98655344313
180,4.03541397376,0.336458602624,0.74,133.2,95,4.03541397376,-7.1054273576e-14,2.98620634058
181,4.03494693636,0.336505306364,0.74,133.94,94.9722222222,4.03494693636,-8.17124146124e-14,2.98586073291
182,4.0344819038,0.33655180962,0.74,134.68,94.9444444444,4.0344819038,-7.9936057773e-14,2.98551660881
183,4.03401886096,0.336598113904,0.74,135.42,94.9166666667,4.03401886096,-5.77315972805e-14,2.98517395711
184,4.03355779281,0.336644220719,0.74,136.16,94.8888888889,4.03355779281,-7.1054273576e-14,2.98483276668
185,4.03309868446,0.336690131554,0.74,136.9,94.8611111111,4.03309868446,-4.26325641456e-14,2.9844930265
186,4.03264152111,0.336735847889,0.74,137.64,94.8333333333,4.03264152111,-8.52651282912e-14,2.98415472562
187,4.03218628809,0.336781371191,0.74,138.38,94.8055555556,4.03218628809,-6.48370246381e-14,2.98381785318
188,4.03173297081,0.336826702919,0.74,139.12,94.7777777778,4.03173297081,-5.06261699229e-14,2.9834823984
189,4.03128155484,0.336871844516,0.74,139.86,94.75,4.03128155484,-3.90798504668e-14,2.98314835058
190,4.03083202581,0.336916797419,0.74,140.6,94.7222222222,4.03083202581,-7.63833440942e-14,2.9828156991
191,4.03038436949,0.336961563051,0.74,141.34,94.6944444444,4.03038436949,-8.26005930321e-14,2.98248443342
192,4.02993857175,0.337006142825,0.74,142.08,94.6666666667,4.02993857174,-7.63833440942e-14,2.98215454309
193,4.02949461854,0.337050538146,0.74,142.82,94.6388888889,4.02949461854,-4.79616346638e-14,2.98182601772
194,4.02905249597,0.337094750403,0.74,143.56,94.6111111111,4.02905249597,-7.81597009336e-14,2.98149884701
195,4.0286121902,0.33713878098,0.74,144.3,94.5833333333,4.0286121902,-6.12843109593e-14,2.98117302075
196,4.02817368753,0.337182631247,0.74,145.04,94.5555555556,4.02817368753,-7.19424519957e-14,2.98084852877
197,4.02773697434,0.337226302566,0.74,145.78,94.5277777778,4.02773697434,-3.90798504668e-14,2.98052536101
198,4.02730203714,0.337269796286,0.74,146.52,94.5,4.02730203714,-5.15143483426e-14,2.98020350749
199,4.02686886253,0.337313113747,0.74,147.26,94.4722222222,4.02686886253,-6.83897383169e-14,2.97988295827
200,4.02643743718,0.337356256282,0.74,148,94.4444444444,4.02643743718,-5.15143483426e-14,2.97956370352
201,4.02600774792,0.337399225208,0.74,148.74,94.4166666667,4.02600774792,-6.39488462184e-14,2.97924573346
202,4.02557978162,0.337442021838,0.74,149.48,94.3888888889,4.02557978162,-3.19744231092e-14,2.9789290384
203,4.0251535253,0.33748464747,0.74,150.22,94.3611111111,4.0251535253,-5.24025267623e-14,2.97861360872
204,4.02472896604,0.337527103396,0.74,150.96,94.3333333333,4.02472896604,-1.86517468137e-14,2.97829943487
205,4.02430609104,0.337569390896,0.74,151.7,94.3055555556,4.02430609104,-2.93098878501e-14,2.97798650737
206,4.02388488758,0.337611511242,0.74,152.44,94.2777777778,4.02388488758,-3.64153152077e-14,2.97767481681
207,4.02346534305,0.337653465695,0.74,153.18,94.25,4.02346534305,-1.42108547152e-14,2.97736435386
208,4.02304744493,0.337695255507,0.74,153.92,94.2222222222,4.02304744493,-1.95399252334e-14,2.97705510925
209,4.02263118079,0.337736881921,0.74,154.66,94.1944444444,4.02263118079,-3.90798504668e-14,2.97674707379
210,4.02221653831,0.337778346169,0.74,155.4,94.1666666667,4.02221653831,-4.35207425653e-14,2.97644023835
211,4.02180350524,0.337819649476,0.74,156.14,94.1388888889,4.02180350524,-1.24344978758e-14,2.97613459388
212,4.02139206943,0.337860793057,0.74,156.88,94.1111111111,4.02139206943,-1.50990331349e-14,2.97583013138
213,4.02098221884,0.337901778116,0.74,157.62,94.0833333333,4.02098221884,-2.39808173319e-14,2.97552684194
214,4.02057394149,0.337942605851,0.74,158.36,94.0555555556,4.02057394149,-3.99680288865e-14,2.9752247167
215,4.02016722552,0.337983277448,0.74,159.1,94.0277777778,4.02016722552,-3.64153152077e-14,2.97492374689
216,4.01976205914,0.338023794086,0.74,159.84,94,4.01976205914,-4.61852778244e-14,2.97462392376
217,4.01935843065,0.338064156935,0.74,160.58,93.9722222222,4.01935843065,-1.86517468137e-14,2.97432523868
218,4.01895632846,0.338104367154,0.74,161.32,93.9444444444,4.01895632846,-2.39808173319e-14,2.97402768306
219,4.01855574103,0.338144425897,0.74,162.06,93.9166666667,4.01855574103,-2.39808173319e-14,2.97373124836
220,4.01815665694,0.338184334306,0.74,162.8,93.8888888889,4.01815665694,-3.73034936274e-14,2.97343592614
221,4.01775906484,0.338224093516,0.74,163.54,93.8611111111,4.01775906484,-8.881784197e-15,2.97314170798
222,4.01736295348,0.338263704652,0.74,164.28,93.8333333333,4.01736295348,-3.01980662698e-14,2.97284858557
223,4.01696831166,0.338303168834,0.74,165.02,93.8055555556,4.01696831166,-2.13162820728e-14,2.97255655063
224,4.01657512832,0.338342487168,0.74,165.76,93.7777777778,4.01657512832,-8.881784197e-16,2.97226559496
225,4.01618339243,0.338381660757,0.74,166.5,93.75,4.01618339243,-1.33226762955e-14,2.9719757104
226,4.01579309308,0.338420690692,0.74,167.24,93.7222222222,4.01579309308,5.3290705182e-15,2.97168688888
227,4.01540421942,0.338459578058,0.74,167.98,93.6944444444,4.01540421942,-2.57571741713e-14,2.97139912237
228,4.01501676069,0.338498323931,0.74,168.72,93.6666666667,4.01501676069,-1.95399252334e-14,2.97111240291
229,4.01463070621,0.338536929379,0.74,169.46,93.6388888889,4.01463070621,8.881784197e-16,2.9708267226
230,4.01424604539,0.338575395461,0.74,170.2,93.6111111111,4.01424604539,2.6645352591e-15,2.97054207359
231,4.0138627677,0.33861372323,0.74,170.94,93.5833333333,4.0138627677,-9.7699626167e-15,2.9702584481
232,4.01348086272,0.338651913728,0.74,171.68,93.5555555556,4.01348086272,-3.64153152077e-14,2.96997583841
233,4.01310032007,0.338689967993,0.74,172.42,93.5277777778,4.01310032007,9.7699626167e-15,2.96969423685
234,4.01272112948,0.338727887052,0.74,173.16,93.5,4.01272112948,-1.59872115546e-14,2.96941363582
235,4.01234328075,0.338765671925,0.74,173.9,93.4722222222,4.01234328075,7.1054273576e-15,2.96913402775
236,4.01196676373,0.338803323627,0.74,174.64,93.4444444444,4.01196676373,1.59872115546e-14,2.96885540516
237,4.0115915684,0.33884084316,0.74,175.38,93.4166666667,4.0115915684,1.24344978758e-14,2.96857776061
238,4.01121768476,0.338878231524,0.74,176.12,93.3888888889,4.01121768476,-7.9936057773e-15,2.96830108672
239,4.01084510292,0.338915489708,0.74,176.86,93.3611111111,4.01084510292,2.6645352591e-15,2.96802537616
240,4.01047381306,0.338952618694,0.74,177.6,93.3333333333,4.01047381306,-6.2172489379e-15,2.96775062167
241,4.01010380543,0.338989619457,0.74,178.34,93.3055555556,4.01010380543,-2.39808173319e-14,2.96747681602
242,4.00973507034,0.339026492966,0.74,179.08,93.2777777778,4.00973507034,1.86517468137e-14,2.96720395205
243,4.00936759819,0.339063240181,0.74,179.82,93.25,4.00936759819,1.42108547152e-14,2.96693202266
244,4.00900137946,0.339099862054,0.74,180.56,93.2222222222,4.00900137946,0,2.9666610208
245,4.00863640468,0.339136359532,0.74,181.3,93.1944444444,4.00863640468,-7.9936057773e-15,2.96639093946
246,4.00827266446,0.339172733554,0.74,182.04,93.1666666667,4.00827266446,8.881784197e-16,2.9661217717
247,4.00791014949,0.339208985051,0.74,182.78,93.1388888889,4.00791014949,9.7699626167e-15,2.96585351063
248,4.00754885052,0.339245114948,0.74,183.52,93.1111111111,4.00754885052,3.19744231092e-14,2.96558614939
249,4.00718875837,0.339281124163,0.74,184.26,93.0833333333,4.00718875837,1.06581410364e-14,2.9653196812
250,4.00682986394,0.339317013606,0.74,185,93.0555555556,4.00682986394,5.3290705182e-15,2.96505409932
251,4.00647215818,0.339352784182,0.74,185.74,93.0277777778,4.00647215818,-8.881784197e-16,2.96478939705
252,4.00611563213,0.339388436787,0.74,186.48,93,4.00611563213,-1.06581410364e-14,2.96452556777
253,4.00576027687,0.339423972313,0.74,187.22,92.9722222222,4.00576027687,5.3290705182e-15,2.96426260488
254,4.00540608358,0.339459391642,0.74,187.96,92.9444444444,4.00540608358,2.48689957516e-14,2.96400050185
255,4.00505304348,0.339494695652,0.74,188.7,92.9166666667,4.00505304348,3.73034936274e-14,2.96373925218
256,4.00470114788,0.339529885212,0.74,189.44,92.8888888889,4.00470114788,2.39808173319e-14,2.96347884943
257,4.00435038813,0.339564961187,0.74,190.18,92.8611111111,4.00435038813,-7.1054273576e-15,2.96321928721
258,4.00400075566,0.339599924434,0.74,190.92,92.8333333333,4.00400075566,3.5527136788e-15,2.96296055919
259,4.00365224196,0.339634775804,0.74,191.66,92.8055555556,4.00365224196,-2.04281036531e-14,2.96270265905
260,4.0033048386,0.33966951614,0.74,192.4,92.7777777778,4.0033048386,-7.1054273576e-15,2.96244558056
261,4.00295853718,0.339704146282,0.74,193.14,92.75,4.00295853718,3.19744231092e-14,2.96218931751
262,4.0026133294,0.33973866706,0.74,193.88,92.7222222222,4.0026133294,6.2172489379e-15,2.96193386375
263,4.00226920699,0.339773079301,0.74,194.62,92.6944444444,4.00226920699,3.46389583683e-14,2.96167921318
264,4.00192616178,0.339807383822,0.74,195.36,92.6666666667,4.00192616178,3.01980662698e-14,2.96142535972
265,4.00158418562,0.339841581438,0.74,196.1,92.6388888889,4.00158418562,2.22044604925e-14,2.96117229736
266,4.00124327046,0.339875672954,0.74,196.84,92.6111111111,4.00124327046,8.881784197e-15,2.96092002014
267,4.00090340828,0.339909659172,0.74,197.58,92.5833333333,4.00090340828,2.6645352591e-14,2.96066852212
268,4.00056459113,0.339943540887,0.74,198.32,92.5555555556,4.00056459113,3.73034936274e-14,2.96041779744
269,4.00022681113,0.339977318887,0.74,199.06,92.5277777778,4.00022681113,9.7699626167e-15,2.96016784024
270,3.99989006046,0.340010993954,0.74,199.8,92.5,3.99989006046,3.5527136788e-14,2.95991864474
271,3.99955433133,0.340044566867,0.74,200.54,92.4722222222,3.99955433133,2.30926389122e-14,2.95967020519
272,3.99921961605,0.340078038395,0.74,201.28,92.4444444444,3.99921961605,1.55431223448e-14,2.95942251588
273,3.99888590696,0.340111409304,0.74,202.02,92.4166666667,3.99888590696,9.7699626167e-15,2.95917557115
274,3.99855319647,0.340144680353,0.74,202.76,92.3888888889,3.99855319647,2.53130849615e-14,2.95892936539
275,3.99822147704,0.340177852296,0.74,203.5,92.3611111111,3.99822147704,3.77475828373e-14,2.95868389301
276,3.99789074119,0.340210925881,0.74,204.24,92.3333333333,3.99789074119,1.7763568394e-15,2.95843914848
277,3.9975609815,0.34024390185,0.74,204.98,92.3055555556,3.9975609815,1.99840144433e-14,2.95819512631
278,3.9972321906,0.34027678094,0.74,205.72,92.2777777778,3.9972321906,-1.33226762955e-15,2.95795182105
279,3.99690436118,0.340309563882,0.74,206.46,92.25,3.99690436118,2.53130849615e-14,2.95770922728
280,3.99657748599,0.340342251401,0.74,207.2,92.2222222222,3.99657748599,3.10862446895e-14,2.95746733963
281,3.99625155781,0.340374844219,0.74,207.94,92.1944444444,3.99625155781,2.84217094304e-14,2.95722615278
282,3.99592656951,0.340407343049,0.74,208.68,92.1666666667,3.99592656951,3.95239396767e-14,2.95698566144
283,3.99560251399,0.340439748601,0.74,209.42,92.1388888889,3.99560251399,5.55111512313e-14,2.95674586035
284,3.99527938421,0.340472061579,0.74,210.16,92.1111111111,3.99527938421,2.70894418009e-14,2.95650674431
285,3.99495717318,0.340504282682,0.74,210.9,92.0833333333,3.99495717318,2.88657986403e-14,2.95626830815
286,3.99463587397,0.340536412603,0.74,211.64,92.0555555556,3.99463587397,2.93098878501e-14,2.95603054674
287,3.99431547971,0.340568452029,0.74,212.38,92.0277777778,3.99431547971,3.10862446895e-14,2.95579345498
288,3.99399598355,0.340600401645,0.74,213.12,92,3.99399598355,2.0872192863e-14,2.95555702783
289,3.99367737872,0.340632262128,0.74,213.86,91.9722222222,3.99367737872,5.59552404411e-14,2.95532126025
290,3.9933596585,0.34066403415,0.74,214.6,91.9444444444,3.9933596585,5.01820807131e-14,2.95508614729
291,3.9930428162,0.34069571838,0.74,215.34,91.9166666667,3.9930428162,3.64153152077e-14,2.95485168399
292,3.9927268452,0.34072731548,0.74,216.08,91.8888888889,3.9927268452,1.7763568394e-14,2.95461786545
293,3.99241173894,0.340758826106,0.74,216.82,91.8611111111,3.99241173894,3.50830475782e-14,2.95438468681
294,3.99209749087,0.340790250913,0.74,217.56,91.8333333333,3.99209749087,4.84057238737e-14,2.95415214324
295,3.99178409452,0.340821590548,0.74,218.3,91.8055555556,3.99178409452,1.82076576039e-14,2.95392022994
296,3.99147154347,0.340852845653,0.74,219.04,91.7777777778,3.99147154347,4.4408920985e-14,2.95368894217
297,3.99115983133,0.340884016867,0.74,219.78,91.75,3.99115983133,2.39808173319e-14,2.95345827518
298,3.99084895178,0.340915104822,0.74,220.52,91.7222222222,3.99084895178,2.6645352591e-14,2.95322822431
299,3.99053889852,0.340946110148,0.74,221.26,91.6944444444,3.99053889852,4.35207425653e-14,2.95299878491
300,3.99022966533,0.340977033467,0.74,222,91.6666666667,3.99022966533,5.3290705182e-14,2.95276995235
301,3.98992124602,0.341007875398,0.74,222.74,91.6388888889,3.98992124602,6.17284001692e-14,2.95254172205
302,3.98961363443,0.341038636557,0.74,223.48,91.6111111111,3.98961363443,6.03961325396e-14,2.95231408948
303,3.98930682449,0.341069317551,0.74,224.22,91.5833333333,3.98930682449,4.21884749358e-14,2.95208705012
304,3.98900081013,0.341099918987,0.74,224.96,91.5555555556,3.98900081013,4.92939022934e-14,2.95186059949
305,3.98869558535,0.341130441465,0.74,225.7,91.5277777778,3.98869558535,5.55111512313e-14,2.95163473316
306,3.98839114419,0.341160885581,0.74,226.44,91.5,3.98839114419,4.39648317752e-14,2.9514094467
307,3.98808748075,0.341191251925,0.74,227.18,91.4722222222,3.98808748075,4.04121180964e-14,2.95118473575
308,3.98778458914,0.341221541086,0.74,227.92,91.4444444444,3.98778458914,5.15143483426e-14,2.95096059596
309,3.98748246354,0.341251753646,0.74,228.66,91.4166666667,3.98748246354,4.52970994047e-14,2.95073702302
310,3.98718109818,0.341281890182,0.74,229.4,91.3888888889,3.98718109818,4.08562073062e-14,2.95051401265
311,3.98688048731,0.341311951269,0.74,230.14,91.3611111111,3.98688048731,6.30606677987e-14,2.95029156061
312,3.98658062525,0.341341937475,0.74,230.88,91.3333333333,3.98658062525,3.68594044176e-14,2.95006966268
313,3.98628150633,0.341371849367,0.74,231.62,91.3055555556,3.98628150633,6.12843109593e-14,2.94984831469
314,3.98598312496,0.341401687504,0.74,232.36,91.2777777778,3.98598312496,5.41788836017e-14,2.94962751247
315,3.98568547556,0.341431452444,0.74,233.1,91.25,3.98568547556,5.68434188608e-14,2.94940725191
316,3.98538855261,0.341461144739,0.74,233.84,91.2222222222,3.98538855261,5.50670620214e-14,2.94918752893
317,3.98509235062,0.341490764938,0.74,234.58,91.1944444444,3.98509235062,3.50830475782e-14,2.94896833946
318,3.98479686417,0.341520313583,0.74,235.32,91.1666666667,3.98479686417,6.12843109593e-14,2.94874967948
319,3.98450208784,0.341549791216,0.74,236.06,91.1388888889,3.98450208784,5.55111512313e-14,2.948531545
320,3.98420801627,0.341579198373,0.74,236.8,91.1111111111,3.98420801627,4.97379915032e-14,2.94831393204
321,3.98391464416,0.341608535584,0.74,237.54,91.0833333333,3.98391464416,5.3290705182e-14,2.94809683668
322,3.98362196621,0.341637803379,0.74,238.28,91.0555555556,3.98362196621,5.77315972805e-14,2.947880255
323,3.98332997719,0.341667002281,0.74,239.02,91.0277777778,3.98332997719,4.7517545454e-14,2.94766418312
324,3.98303867191,0.341696132809,0.74,239.76,91,3.98303867191,7.06101843662e-14,2.94744861721
325,3.98274804519,0.341725195481,0.74,240.5,90.9722222222,3.98274804519,7.59392548844e-14,2.94723355344
326,3.98245809192,0.341754190808,0.74,241.24,90.9444444444,3.98245809192,2.44249065418e-14,2.94701898802
327,3.98216880702,0.341783119298,0.74,241.98,90.9166666667,3.98216880702,6.97220059465e-14,2.9468049172
328,3.98188018545,0.341811981455,0.74,242.72,90.8888888889,3.98188018545,7.23865412056e-14,2.94659133723
329,3.98159222218,0.341840777782,0.74,243.46,90.8611111111,3.98159222218,4.7517545454e-14,2.94637824442
330,3.98130491227,0.341869508773,0.74,244.2,90.8333333333,3.98130491227,7.86037901435e-14,2.94616563508
331,3.98101825077,0.341898174923,0.74,244.94,90.8055555556,3.98101825077,5.59552404411e-14,2.94595350557
332,3.9807322328,0.34192677672,0.74,245.68,90.7777777778,3.9807322328,5.46229728116e-14,2.94574185227
333,3.98044685349,0.341955314651,0.74,246.42,90.75,3.98044685349,4.61852778244e-14,2.94553067158
334,3.98016210803,0.341983789197,0.74,247.16,90.7222222222,3.98016210803,7.90478793533e-14,2.94531995994
335,3.97987799163,0.342012200837,0.74,247.9,90.6944444444,3.97987799163,5.81756864904e-14,2.9451097138
336,3.97959449954,0.342040550046,0.74,248.64,90.6666666667,3.97959449954,6.66133814775e-14,2.94489992966
337,3.97931162706,0.342068837294,0.74,249.38,90.6388888889,3.97931162706,6.43929354283e-14,2.94469060402
338,3.9790293695,0.34209706305,0.74,250.12,90.6111111111,3.9790293695,7.4162898045e-14,2.94448173343
339,3.97874772224,0.342125227776,0.74,250.86,90.5833333333,3.97874772224,2.44249065418e-14,2.94427331445
340,3.97846668065,0.342153331935,0.74,251.6,90.5555555556,3.97846668065,8.26005930321e-14,2.94406534368
341,3.97818624017,0.342181375983,0.74,252.34,90.5277777778,3.97818624017,4.79616346638e-14,2.94385781772
342,3.97790639626,0.342209360374,0.74,253.08,90.5,3.97790639626,5.55111512313e-14,2.94365073323
343,3.97762714442,0.342237285558,0.74,253.82,90.4722222222,3.97762714442,6.03961325396e-14,2.94344408687
344,3.97734848018,0.342265151982,0.74,254.56,90.4444444444,3.97734848018,6.17284001692e-14,2.94323787533
345,3.97707039911,0.342292960089,0.74,255.3,90.4166666667,3.97707039911,4.84057238737e-14,2.94303209534
346,3.97679289681,0.342320710319,0.74,256.04,90.3888888889,3.97679289681,7.9936057773e-14,2.94282674364
347,3.9765159689,0.34234840311,0.74,256.78,90.3611111111,3.9765159689,3.95239396767e-14,2.94262181698
348,3.97623961105,0.342376038895,0.74,257.52,90.3333333333,3.97623961105,6.12843109593e-14,2.94241731218
349,3.97596381897,0.342403618103,0.74,258.26,90.3055555556,3.97596381897,5.77315972805e-14,2.94221322603
350,3.97568858837,0.342431141163,0.74,259,90.2777777778,3.97568858837,6.5281113848e-14,2.94200955539
351,3.97541391503,0.342458608497,0.74,259.74,90.25,3.97541391503,3.24185123191e-14,2.94180629712
352,3.97513979473,0.342486020527,0.74,260.48,90.2222222222,3.97513979473,5.55111512313e-14,2.9416034481
353,3.97486622331,0.342513377669,0.74,261.22,90.1944444444,3.97486622331,8.43769498715e-14,2.94140100525
354,3.97459319661,0.342540680339,0.74,261.96,90.1666666667,3.97459319661,4.84057238737e-14,2.94119896549
355,3.97432071054,0.342567928946,0.74,262.7,90.1388888889,3.97432071054,7.63833440942e-14,2.9409973258
356,3.974048761,0.3425951239,0.74,263.44,90.1111111111,3.974048761,8.881784197e-14,2.94079608314
357,3.97377734396,0.342622265604,0.74,264.18,90.0833333333,3.97377734396,7.63833440942e-14,2.94059523453
358,3.97350645538,0.342649354462,0.74,264.92,90.0555555556,3.97350645538,6.39488462184e-14,2.94039477698
359,3.97323609129,0.342676390871,0.74,265.66,90.0277777778,3.97323609129,5.41788836017e-14,2.94019470756
360,3.97296624773,0.342703375227,0.74,266.4,90,3.97296624773,7.94919685632e-14,2.93999502332
361,3.97269692075,0.342730307925,0.74,267.14,89.9722222222,3.97269692075,3.37507799486e-14,2.93979572136
362,3.97242810648,0.342757189352,0.74,267.88,89.9444444444,3.97242810648,7.06101843662e-14,2.93959679879
363,3.97215980103,0.342784019897,0.74,268.62,89.9166666667,3.97215980103,4.13002965161e-14,2.93939825276
364,3.97189200057,0.342810799943,0.74,269.36,89.8888888889,3.97189200057,6.43929354283e-14,2.93920008042
365,3.97162470129,0.342837529871,0.74,270.1,89.8611111111,3.97162470129,8.17124146124e-14,2.93900227895
366,3.9713578994,0.34286421006,0.74,270.84,89.8333333333,3.9713578994,9.23705556488e-14,2.93880484556
367,3.97109159115,0.342890840885,0.74,271.58,89.8055555556,3.97109159115,7.77156117238e-14,2.93860777745
368,3.97082577281,0.342917422719,0.74,272.32,89.7777777778,3.97082577281,7.23865412056e-14,2.93841107188
369,3.97056044069,0.342943955931,0.74,273.06,89.75,3.97056044069,5.99520433298e-14,2.93821472611
370,3.97029559112,0.342970440888,0.74,273.8,89.7222222222,3.97029559112,7.81597009336e-14,2.93801873743
371,3.97003122046,0.342996877954,0.74,274.54,89.6944444444,3.97003122046,3.24185123191e-14,2.93782310314
372,3.96976732508,0.343023267492,0.74,275.28,89.6666666667,3.96976732508,8.74855743405e-14,2.93762782056
373,3.96950390141,0.343049609859,0.74,276.02,89.6388888889,3.96950390141,5.90638649101e-14,2.93743288704
374,3.96924094588,0.343075905412,0.74,276.76,89.6111111111,3.96924094588,6.26165785889e-14,2.93723829995
375,3.96897845496,0.343102154504,0.74,277.5,89.5833333333,3.96897845496,7.9936057773e-14,2.93704405667
376,3.96871642515,0.343128357485,0.74,278.24,89.5555555556,3.96871642515,7.1054273576e-14,2.93685015461
377,3.96845485296,0.343154514704,0.74,278.98,89.5277777778,3.96845485296,8.3044682242e-14,2.93665659119
378,3.96819373495,0.343180626505,0.74,279.72,89.5,3.96819373495,8.26005930321e-14,2.93646336386
379,3.96793306767,0.343206693233,0.74,280.46,89.4722222222,3.96793306767,6.48370246381e-14,2.93627047008
380,3.96767284774,0.343232715226,0.74,281.2,89.4444444444,3.96767284774,6.17284001692e-14,2.93607790732
381,3.96741307177,0.343258692823,0.74,281.94,89.4166666667,3.96741307177,8.39328606617e-14,2.93588567311
382,3.96715373641,0.343284626359,0.74,282.68,89.3888888889,3.96715373641,7.23865412056e-14,2.93569376494
383,3.96689483835,0.343310516165,0.74,283.42,89.3611111111,3.96689483835,7.4162898045e-14,2.93550218038
384,3.96663637427,0.343336362573,0.74,284.16,89.3333333333,3.96663637427,1.07469588784e-13,2.93531091696
385,3.9663783409,0.34336216591,0.74,284.9,89.3055555556,3.9663783409,8.881784197e-14,2.93511997227
386,3.966120735,0.3433879265,0.74,285.64,89.2777777778,3.966120735,6.75015598972e-14,2.9349293439
387,3.96586355333,0.343413644667,0.74,286.38,89.25,3.96586355333,1.00364161426e-13,2.93473902947
388,3.9656067927,0.34343932073,0.74,287.12,89.2222222222,3.9656067927,6.17284001692e-14,2.9345490266
389,3.96535044993,0.343464955007,0.74,287.86,89.1944444444,3.96535044993,8.97060203897e-14,2.93435933295
390,3.96509452186,0.343490547814,0.74,288.6,89.1666666667,3.96509452186,8.70414851306e-14,2.93416994617
391,3.96483900536,0.343516099464,0.74,289.34,89.1388888889,3.96483900536,5.55111512313e-14,2.93398086397
392,3.96458389733,0.343541610267,0.74,290.08,89.1111111111,3.96458389733,5.41788836017e-14,2.93379208402
393,3.96432919468,0.343567080532,0.74,290.82,89.0833333333,3.96432919468,5.41788836017e-14,2.93360360407
394,3.96407489436,0.343592510564,0.74,291.56,89.0555555556,3.96407489436,9.81437153769e-14,2.93341542183
395,3.96382099333,0.343617900667,0.74,292.3,89.0277777778,3.96382099333,7.23865412056e-14,2.93322753507
396,3.96356748858,0.343643251142,0.74,293.04,89,3.96356748858,6.88338275268e-14,2.93303994155
397,3.9633143771,0.34366856229,0.74,293.78,88.9722222222,3.9633143771,7.28306304154e-14,2.93285263906
398,3.96306165595,0.343693834405,0.74,294.52,88.9444444444,3.96306165595,1.00808250636e-13,2.9326656254
399,3.96280932216,0.343719067784,0.74,295.26,88.9166666667,3.96280932216,6.35047570086e-14,2.9324788984
400,3.96255737282,0.343744262718,0.74,296,88.8888888889,3.96255737282,1.01696429056e-13,2.93229245589
401,3.96230580503,0.343769419497,0.74,296.74,88.8611111111,3.96230580503,5.55111512313e-14,2.93210629572
402,3.9620546159,0.34379453841,0.74,297.48,88.8333333333,3.9620546159,8.92619311799e-14,2.93192041577
403,3.96180380258,0.343819619742,0.74,298.22,88.8055555556,3.96180380258,7.37188088351e-14,2.93173481391
404,3.96155336224,0.343844663776,0.74,298.96,88.7777777778,3.96155336224,1.03028696685e-13,2.93154948805
405,3.96130329204,0.343869670796,0.74,299.7,88.75,3.96130329204,7.63833440942e-14,2.93136443611
406,3.96105358922,0.343894641078,0.74,300.44,88.7222222222,3.96105358922,1.06137321154e-13,2.93117965602
407,3.96080425098,0.343919574902,0.74,301.18,88.6944444444,3.96080425098,7.1054273576e-14,2.93099514573
408,3.96055527458,0.343944472542,0.74,301.92,88.6666666667,3.96055527458,8.43769498715e-14,2.93081090319
409,3.96030665729,0.343969334271,0.74,302.66,88.6388888889,3.96030665729,7.77156117238e-14,2.9306269264
410,3.9600583964,0.34399416036,0.74,303.4,88.6111111111,3.9600583964,7.59392548844e-14,2.93044321334
411,3.95981048922,0.344018951078,0.74,304.14,88.5833333333,3.95981048922,8.97060203897e-14,2.93025976202
412,3.95956293307,0.344043706693,0.74,304.88,88.5555555556,3.95956293307,8.52651282912e-14,2.93007657047
413,3.95931572532,0.344068427468,0.74,305.62,88.5277777778,3.95931572532,7.68274333041e-14,2.92989363674
414,3.95906886332,0.344093113668,0.74,306.36,88.5,3.95906886332,9.72555369572e-14,2.92971095886
415,3.95882234448,0.344117765552,0.74,307.1,88.4722222222,3.95882234448,6.75015598972e-14,2.92952853491
416,3.9585761662,0.34414238338,0.74,307.84,88.4444444444,3.9585761662,7.9936057773e-14,2.92934636298
417,3.9583303259,0.34416696741,0.74,308.58,88.4166666667,3.9583303259,7.50510764647e-14,2.92916444117
418,3.95808482105,0.344191517895,0.74,309.32,88.3888888889,3.95808482105,6.43929354283e-14,2.92898276758
419,3.9578396491,0.34421603509,0.74,310.06,88.3611111111,3.9578396491,9.90318937966e-14,2.92880134034
420,3.95759480755,0.344240519245,0.74,310.8,88.3333333333,3.95759480755,6.61692922677e-14,2.92862015759
421,3.9573502939,0.34426497061,0.74,311.54,88.3055555556,3.9573502939,8.39328606617e-14,2.92843921749
422,3.95710610568,0.344289389432,0.74,312.28,88.2777777778,3.95710610568,1.05693231944e-13,2.9282585182
423,3.95686224043,0.344313775957,0.74,313.02,88.25,3.95686224043,8.92619311799e-14,2.92807805792
424,3.95661869571,0.344338130429,0.74,313.76,88.2222222222,3.95661869571,7.90478793533e-14,2.92789783483
425,3.95637546911,0.344362453089,0.74,314.5,88.1944444444,3.95637546911,1.03472785895e-13,2.92771784714
426,3.95613255822,0.344386744178,0.74,315.24,88.1666666667,3.95613255822,8.34887714518e-14,2.92753809308
427,3.95588996067,0.344411003933,0.74,315.98,88.1388888889,3.95588996067,1.00364161426e-13,2.92735857089
428,3.95564767407,0.344435232593,0.74,316.72,88.1111111111,3.95564767407,1.11466391672e-13,2.92717927881
429,3.9554056961,0.34445943039,0.74,317.46,88.0833333333,3.9554056961,1.02140518266e-13,2.92700021512
430,3.95516402442,0.344483597558,0.74,318.2,88.0555555556,3.95516402442,6.12843109593e-14,2.92682137807
431,3.95492265672,0.344507734328,0.74,318.94,88.0277777778,3.95492265672,5.19584375525e-14,2.92664276597
432,3.9546815907,0.34453184093,0.74,319.68,88,3.9546815907,7.28306304154e-14,2.92646437711
433,3.95444082408,0.344555917592,0.74,320.42,87.9722222222,3.95444082408,7.23865412056e-14,2.92628620982
434,3.95420035462,0.344579964538,0.74,321.16,87.9444444444,3.95420035462,7.28306304154e-14,2.92610826242
435,3.95396018006,0.344603981994,0.74,321.9,87.9166666667,3.95396018006,6.88338275268e-14,2.92593053324
436,3.95372029818,0.344627970182,0.74,322.64,87.8888888889,3.95372029818,9.7699626167e-14,2.92575302065
437,3.95348070677,0.344651929323,0.74,323.38,87.8611111111,3.95348070677,8.48210390814e-14,2.92557572301
438,3.95324140364,0.344675859636,0.74,324.12,87.8333333333,3.95324140364,8.17124146124e-14,2.92539863869
439,3.95300238661,0.344699761339,0.74,324.86,87.8055555556,3.95300238661,9.01501095996e-14,2.92522176609
440,3.95276365353,0.344723634647,0.74,325.6,87.7777777778,3.95276365353,7.32747196253e-14,2.92504510361
441,3.95252520224,0.344747479776,0.74,326.34,87.75,3.95252520224,9.14823772291e-14,2.92486864966
442,3.95228703063,0.344771296937,0.74,327.08,87.7222222222,3.95228703063,9.23705556488e-14,2.92469240267
443,3.95204913658,0.344795086342,0.74,327.82,87.6944444444,3.95204913658,7.32747196253e-14,2.92451636107
444,3.951811518,0.3448188482,0.74,328.56,87.6666666667,3.951811518,1.02140518266e-13,2.92434052332
445,3.95157417281,0.344842582719,0.74,329.3,87.6388888889,3.95157417281,8.26005930321e-14,2.92416488788
446,3.95133709894,0.344866290106,0.74,330.04,87.6111111111,3.95133709894,6.43929354283e-14,2.92398945322
447,3.95110029436,0.344889970564,0.74,330.78,87.5833333333,3.95110029436,6.35047570086e-14,2.92381421782
448,3.95086375701,0.344913624299,0.74,331.52,87.5555555556,3.95086375701,6.26165785889e-14,2.92363918019
449,3.9506274849,0.34493725151,0.74,332.26,87.5277777778,3.9506274849,6.03961325396e-14,2.92346433883
450,3.95039147602,0.344960852398,0.74,333,87.5,3.95039147602,7.46069872548e-14,2.92328969225
451,3.95015572837,0.344984427163,0.74,333.74,87.4722222222,3.95015572837,7.9936057773e-14,2.92311523899
452,3.94992023999,0.345007976001,0.74,334.48,87.4444444444,3.94992023999,6.66133814775e-14,2.92294097759
453,3.94968500893,0.345031499107,0.74,335.22,87.4166666667,3.94968500893,6.83897383169e-14,2.92276690661
454,3.94945003323,0.345054996677,0.74,335.96,87.3888888889,3.94945003323,1.08357767203e-13,2.92259302459
455,3.94921531098,0.345078468902,0.74,336.7,87.3611111111,3.94921531098,8.43769498715e-14,2.92241933013
456,3.94898084026,0.345101915974,0.74,337.44,87.3333333333,3.94898084026,6.2172489379e-14,2.92224582179
457,3.94874661917,0.345125338083,0.74,338.18,87.3055555556,3.94874661917,1.01696429056e-13,2.92207249818
458,3.94851264583,0.345148735417,0.74,338.92,87.2777777778,3.94851264583,9.72555369572e-14,2.92189935791
459,3.94827891836,0.345172108164,0.74,339.66,87.25,3.94827891836,9.14823772291e-14,2.92172639959
460,3.94804543492,0.345195456508,0.74,340.4,87.2222222222,3.94804543492,8.57092175011e-14,2.92155362184
461,3.94781219365,0.345218780635,0.74,341.14,87.1944444444,3.94781219365,7.28306304154e-14,2.9213810233
462,3.94757919275,0.345242080725,0.74,341.88,87.1666666667,3.94757919275,7.81597009336e-14,2.92120860263
463,3.94734643037,0.345265356963,0.74,342.62,87.1388888889,3.94734643037,1.04805053525e-13,2.92103635848
464,3.94711390474,0.345288609526,0.74,343.36,87.1111111111,3.94711390474,9.28146448587e-14,2.92086428951
465,3.94688161406,0.345311838594,0.74,344.1,87.0833333333,3.94688161406,6.83897383169e-14,2.9206923944
466,3.94664955656,0.345335044344,0.74,344.84,87.0555555556,3.94664955656,9.7699626167e-14,2.92052067185
467,3.94641773047,0.345358226953,0.74,345.58,87.0277777778,3.94641773047,1.01252339846e-13,2.92034912055
468,3.94618613406,0.345381386594,0.74,346.32,87,3.94618613406,6.57252030578e-14,2.92017773921
469,3.94595476559,0.345404523441,0.74,347.06,86.9722222222,3.94595476559,1.13242748512e-13,2.92000652654
470,3.94572362334,0.345427637666,0.74,347.8,86.9444444444,3.94572362334,8.92619311799e-14,2.91983548127
471,3.94549270559,0.345450729441,0.74,348.54,86.9166666667,3.94549270559,9.05941988094e-14,2.91966460214
472,3.94526201067,0.345473798933,0.74,349.28,86.8888888889,3.94526201067,8.08242361927e-14,2.91949388789
473,3.94503153687,0.345496846313,0.74,350.02,86.8611111111,3.94503153687,7.94919685632e-14,2.91932333729
474,3.94480128255,0.345519871745,0.74,350.76,86.8333333333,3.94480128255,9.32587340685e-14,2.91915294909
475,3.94457124603,0.345542875397,0.74,351.5,86.8055555556,3.94457124603,4.70734562441e-14,2.91898272206
476,3.94434142568,0.345565857432,0.74,352.24,86.7777777778,3.94434142568,8.97060203897e-14,2.91881265501
477,3.94411181987,0.345588818013,0.74,352.98,86.75,3.94411181987,7.14983627859e-14,2.9186427467
478,3.94388242697,0.345611757303,0.74,353.72,86.7222222222,3.94388242697,7.50510764647e-14,2.91847299596
479,3.94365324538,0.345634675462,0.74,354.46,86.6944444444,3.94365324538,9.7699626167e-14,2.91830340158
480,3.9434242735,0.34565757265,0.74,355.2,86.6666666667,3.9434242735,9.90318937966e-14,2.91813396239
481,3.94319550975,0.345680449025,0.74,355.94,86.6388888889,3.94319550975,7.9936057773e-14,2.91796467722
482,3.94296695256,0.345703304744,0.74,356.68,86.6111111111,3.94296695256,1.07469588784e-13,2.9177955449
483,3.94273860038,0.345726139962,0.74,357.42,86.5833333333,3.94273860038,8.03801469829e-14,2.91762656428
484,3.94251045165,0.345748954835,0.74,358.16,86.5555555556,3.94251045165,6.75015598972e-14,2.91745773422
485,3.94228250483,0.345771749517,0.74,358.9,86.5277777778,3.94228250483,7.46069872548e-14,2.91728905358
486,3.94205475841,0.345794524159,0.74,359.64,86.5,3.94205475841,1.03028696685e-13,2.91712052123
487,3.94182721088,0.345817278912,0.74,360.38,86.4722222222,3.94182721088,8.39328606617e-14,2.91695213605
488,3.94159986072,0.345840013928,0.74,361.12,86.4444444444,3.94159986072,8.34887714518e-14,2.91678389693
489,3.94137270646,0.345862729354,0.74,361.86,86.4166666667,3.94137270646,1.22568621919e-13,2.91661580278
490,3.94114574661,0.345885425339,0.74,362.6,86.3888888889,3.94114574661,9.94759830064e-14,2.91644785249
491,3.9409189797,0.34590810203,0.74,363.34,86.3611111111,3.9409189797,4.21884749358e-14,2.91628004498
492,3.94069240429,0.345930759571,0.74,364.08,86.3333333333,3.94069240429,8.12683254026e-14,2.91611237917
493,3.94046601892,0.345953398108,0.74,364.82,86.3055555556,3.94046601892,1.09690034833e-13,2.915944854
494,3.94023982215,0.345976017785,0.74,365.56,86.2777777778,3.94023982215,1.00364161426e-13,2.91577746839
495,3.94001381258,0.345998618742,0.74,366.3,86.25,3.94001381258,1.06581410364e-13,2.91561022131
496,3.93978798878,0.346021201122,0.74,367.04,86.2222222222,3.93978798878,9.68114477473e-14,2.9154431117
497,3.93956234935,0.346043765065,0.74,367.78,86.1944444444,3.93956234935,9.90318937966e-14,2.91527613852
498,3.9393368929,0.34606631071,0.74,368.52,86.1666666667,3.9393368929,9.54791801178e-14,2.91510930075
499,3.93911161805,0.346088838195,0.74,369.26,86.1388888889,3.93911161805,1.07025499574e-13,2.91494259736
500,3.93888652343,0.346111347657,0.74,370,86.1111111111,3.93888652343,6.43929354283e-14,2.91477602734
501,3.93866160768,0.346133839232,0.74,370.74,86.0833333333,3.93866160768,9.45910016981e-14,2.91460958968
502,3.93843686945,0.346156313055,0.74,371.48,86.0555555556,3.93843686945,1.00808250636e-13,2.91444328339
503,3.93821230739,0.346178769261,0.74,372.22,86.0277777778,3.93821230739,5.90638649101e-14,2.91427710747
504,3.93798792019,0.346201207981,0.74,372.96,86,3.93798792019,1.07913677994e-13,2.91411106094
505,3.93776370651,0.346223629349,0.74,373.7,85.9722222222,3.93776370651,1.03472785895e-13,2.91394514282
506,3.93753966505,0.346246033495,0.74,374.44,85.9444444444,3.93753966505,8.39328606617e-14,2.91377935214
507,3.93731579452,0.346268420548,0.74,375.18,85.9166666667,3.93731579452,1.10134124043e-13,2.91361368794
508,3.93709209361,0.346290790639,0.74,375.92,85.8888888889,3.93709209361,1.04360964315e-13,2.91344814927
509,3.93686856106,0.346313143894,0.74,376.66,85.8611111111,3.93686856106,8.97060203897e-14,2.91328273518
510,3.93664519558,0.346335480442,0.74,377.4,85.8333333333,3.93664519558,1.15019105351e-13,2.91311744473
511,3.93642199592,0.346357800408,0.74,378.14,85.8055555556,3.93642199592,1.00364161426e-13,2.91295227698
512,3.93619896083,0.346380103917,0.74,378.88,85.7777777778,3.93619896083,7.23865412056e-14,2.91278723101
513,3.93597608906,0.346402391094,0.74,379.62,85.75,3.93597608906,6.88338275268e-14,2.91262230591
514,3.93575337939,0.346424662061,0.74,380.36,85.7222222222,3.93575337939,9.14823772291e-14,2.91245750075
515,3.93553083058,0.346446916942,0.74,381.1,85.6944444444,3.93553083058,9.59232693276e-14,2.91229281463
516,3.93530844143,0.346469155857,0.74,381.84,85.6666666667,3.93530844143,8.83737527602e-14,2.91212824666
517,3.93508621073,0.346491378927,0.74,382.58,85.6388888889,3.93508621073,8.83737527602e-14,2.91196379594
518,3.93486413728,0.346513586272,0.74,383.32,85.6111111111,3.93486413728,8.34887714518e-14,2.91179946159
519,3.9346422199,0.34653577801,0.74,384.06,85.5833333333,3.9346422199,7.94919685632e-14,2.91163524273
520,3.93442045741,0.346557954259,0.74,384.8,85.5555555556,3.93442045741,8.39328606617e-14,2.91147113848
521,3.93419884864,0.346580115136,0.74,385.54,85.5277777778,3.93419884864,9.90318937966e-14,2.91130714799
522,3.93397739243,0.346602260757,0.74,386.28,85.5,3.93397739243,8.21565038223e-14,2.9111432704
523,3.93375608763,0.346624391237,0.74,387.02,85.4722222222,3.93375608763,1.04805053525e-13,2.91097950484
524,3.93353493309,0.346646506691,0.74,387.76,85.4444444444,3.93353493309,9.05941988094e-14,2.91081585049
525,3.93331392769,0.346668607231,0.74,388.5,85.4166666667,3.93331392769,5.99520433298e-14,2.91065230649
526,3.93309307029,0.346690692971,0.74,389.24,85.3888888889,3.93309307029,9.45910016981e-14,2.91048887201
527,3.93287235978,0.346712764022,0.74,389.98,85.3611111111,3.93287235978,1.00364161426e-13,2.91032554624
528,3.93265179505,0.346734820495,0.74,390.72,85.3333333333,3.93265179505,8.92619311799e-14,2.91016232834
529,3.93243137501,0.346756862499,0.74,391.46,85.3055555556,3.93243137501,1.09245945623e-13,2.9099992175
530,3.93221109855,0.346778890145,0.74,392.2,85.2777777778,3.93221109855,7.23865412056e-14,2.90983621292
531,3.93199096459,0.346800903541,0.74,392.94,85.25,3.93199096459,8.70414851306e-14,2.9096733138
532,3.93177097207,0.346822902793,0.74,393.68,85.2222222222,3.93177097207,8.57092175011e-14,2.90951051933
533,3.93155111991,0.346844888009,0.74,394.42,85.1944444444,3.93155111991,1.01252339846e-13,2.90934782873
534,3.93133140705,0.346866859295,0.74,395.16,85.1666666667,3.93133140705,9.59232693276e-14,2.90918524121
535,3.93111183244,0.346888816756,0.74,395.9,85.1388888889,3.93111183244,9.45910016981e-14,2.909022756
536,3.93089239504,0.346910760496,0.74,396.64,85.1111111111,3.93089239504,7.19424519957e-14,2.90886037233
537,3.93067309381,0.346932690619,0.74,397.38,85.0833333333,3.93067309381,1.1768364061e-13,2.90869808942
538,3.93045392772,0.346954607228,0.74,398.12,85.0555555556,3.93045392772,6.43929354283e-14,2.90853590651
539,3.93023489576,0.346976510424,0.74,398.86,85.0277777778,3.93023489576,1.12354570092e-13,2.90837382286
540,3.93001599691,0.346998400309,0.74,399.6,85,3.93001599691,8.79296635503e-14,2.90821183772
541,3.92979723018,0.347020276982,0.74,400.34,84.9722222222,3.92979723018,6.5281113848e-14,2.90804995033
542,3.92957859455,0.347042140545,0.74,401.08,84.9444444444,3.92957859455,8.65973959208e-14,2.90788815996
543,3.92936008904,0.347063991096,0.74,401.82,84.9166666667,3.92936008904,9.94759830064e-14,2.90772646589
544,3.92914171267,0.347085828733,0.74,402.56,84.8888888889,3.92914171267,1.02584607475e-13,2.90756486737
545,3.92892346446,0.347107653554,0.74,403.3,84.8611111111,3.92892346446,8.79296635503e-14,2.9074033637
546,3.92870534346,0.347129465654,0.74,404.04,84.8333333333,3.92870534346,9.7699626167e-14,2.90724195416
547,3.92848734869,0.347151265131,0.74,404.78,84.8055555556,3.92848734869,8.70414851306e-14,2.90708063803
548,3.9282694792,0.34717305208,0.74,405.52,84.7777777778,3.9282694792,1.1857181903e-13,2.90691941461
549,3.92805173405,0.347194826595,0.74,406.26,84.75,3.92805173405,8.881784197e-14,2.9067582832
550,3.9278341123,0.34721658877,0.74,407,84.7222222222,3.92783411231,9.05941988094e-14,2.90659724311
551,3.92761661303,0.347238338697,0.74,407.74,84.6944444444,3.92761661303,8.34887714518e-14,2.90643629364
552,3.92739923529,0.347260076471,0.74,408.48,84.6666666667,3.92739923529,1.1812772982e-13,2.90627543412
553,3.92718197819,0.347281802181,0.74,409.22,84.6388888889,3.92718197819,9.10382880193e-14,2.90611466386
554,3.9269648408,0.34730351592,0.74,409.96,84.6111111111,3.9269648408,8.12683254026e-14,2.90595398219
555,3.92674782222,0.347325217778,0.74,410.7,84.5833333333,3.92674782222,1.07025499574e-13,2.90579338845
556,3.92653092157,0.347346907843,0.74,411.44,84.5555555556,3.92653092157,9.63673585375e-14,2.90563288196
557,3.92631413793,0.347368586207,0.74,412.18,84.5277777778,3.92631413793,6.97220059465e-14,2.90547246207
558,3.92609747045,0.347390252955,0.74,412.92,84.5,3.92609747045,7.9936057773e-14,2.90531212813
559,3.92588091822,0.347411908178,0.74,413.66,84.4722222222,3.92588091822,8.57092175011e-14,2.90515187949
560,3.9256644804,0.34743355196,0.74,414.4,84.4444444444,3.9256644804,9.28146448587e-14,2.9049917155
561,3.92544815611,0.347455184389,0.74,415.14,84.4166666667,3.92544815611,7.9936057773e-14,2.90483163552
562,3.9252319445,0.34747680555,0.74,415.88,84.3888888889,3.9252319445,8.97060203897e-14,2.90467163893
563,3.92501584471,0.347498415529,0.74,416.62,84.3611111111,3.92501584471,9.37028232784e-14,2.90451172508
564,3.9247998559,0.34752001441,0.74,417.36,84.3333333333,3.9247998559,8.97060203897e-14,2.90435189337
565,3.92458397724,0.347541602276,0.74,418.1,84.3055555556,3.92458397724,7.4162898045e-14,2.90419214316
566,3.9243682079,0.34756317921,0.74,418.84,84.2777777778,3.9243682079,8.74855743405e-14,2.90403247384
567,3.92415254704,0.347584745296,0.74,419.58,84.25,3.92415254704,1.02584607475e-13,2.90387288481
568,3.92393699385,0.347606300615,0.74,420.32,84.2222222222,3.92393699385,9.81437153769e-14,2.90371337545
569,3.92372154752,0.347627845248,0.74,421.06,84.1944444444,3.92372154752,8.92619311799e-14,2.90355394516
570,3.92350620724,0.347649379276,0.74,421.8,84.1666666667,3.92350620724,8.83737527602e-14,2.90339459336
571,3.92329097221,0.347670902779,0.74,422.54,84.1388888889,3.92329097221,7.94919685632e-14,2.90323531943
572,3.92307584163,0.347692415837,0.74,423.28,84.1111111111,3.92307584163,9.54791801178e-14,2.90307612281
573,3.92286081472,0.347713918528,0.74,424.02,84.0833333333,3.92286081472,7.68274333041e-14,2.9029170029
574,3.9226458907,0.34773541093,0.74,424.76,84.0555555556,3.9226458907,1.1945999745e-13,2.90275795912
575,3.92243106879,0.347756893121,0.74,425.5,84.0277777778,3.92243106879,1.11022302463e-13,2.9025989909
576,3.92221634821,0.347778365179,0.74,426.24,84,3.92221634821,8.83737527602e-14,2.90244009768
577,3.92200172821,0.347799827179,0.74,426.98,83.9722222222,3.92200172821,7.68274333041e-14,2.90228127887
578,3.92178720802,0.347821279198,0.74,427.72,83.9444444444,3.92178720802,7.59392548844e-14,2.90212253393
579,3.92157278689,0.347842721311,0.74,428.46,83.9166666667,3.92157278689,7.19424519957e-14,2.9019638623
580,3.92135846407,0.347864153593,0.74,429.2,83.8888888889,3.92135846407,1.11466391672e-13,2.90180526341
581,3.92114423883,0.347885576117,0.74,429.94,83.8611111111,3.92114423883,5.41788836017e-14,2.90164673673
582,3.92093011042,0.347906988958,0.74,430.68,83.8333333333,3.92093011042,7.46069872548e-14,2.90148828171
583,3.92071607811,0.347928392189,0.74,431.42,83.8055555556,3.92071607811,1.07025499574e-13,2.9013298978
584,3.92050214119,0.347949785881,0.74,432.16,83.7777777778,3.92050214119,8.61533067109e-14,2.90117158448
585,3.92028829892,0.347971170108,0.74,432.9,83.75,3.92028829892,7.94919685632e-14,2.9010133412
586,3.92007455059,0.347992544941,0.74,433.64,83.7222222222,3.92007455059,1.27453603227e-13,2.90085516744
587,3.9198608955,0.34801391045,0.74,434.38,83.6944444444,3.9198608955,9.45910016981e-14,2.90069706267
588,3.91964733294,0.348035266706,0.74,435.12,83.6666666667,3.91964733294,7.77156117238e-14,2.90053902638
589,3.91943386222,0.348056613778,0.74,435.86,83.6388888889,3.91943386222,1.14575016141e-13,2.90038105804
590,3.91922048263,0.348077951737,0.74,436.6,83.6111111111,3.91922048263,8.34887714518e-14,2.90022315715
591,3.9190071935,0.34809928065,0.74,437.34,83.5833333333,3.9190071935,9.28146448587e-14,2.90006532319
592,3.91879399414,0.348120600586,0.74,438.08,83.5555555556,3.91879399414,6.88338275268e-14,2.89990755566
593,3.91858088386,0.348141911614,0.74,438.82,83.5277777778,3.91858088386,8.83737527602e-14,2.89974985406
594,3.91836786201,0.348163213799,0.74,439.56,83.5,3.91836786201,8.39328606617e-14,2.89959221789
595,3.91815492791,0.348184507209,0.74,440.3,83.4722222222,3.91815492791,8.74855743405e-14,2.89943464665
596,3.9179420809,0.34820579191,0.74,441.04,83.4444444444,3.9179420809,1.10134124043e-13,2.89927713987
597,3.91772932032,0.348227067968,0.74,441.78,83.4166666667,3.91772932032,7.19424519957e-14,2.89911969704
598,3.91751664553,0.348248335447,0.74,442.52,83.3888888889,3.91751664553,7.94919685632e-14,2.89896231769
599,3.91730405586,0.348269594414,0.74,443.26,83.3611111111,3.91730405586,7.59392548844e-14,2.89880500134
600,3.91709155069,0.348290844931,0.74,444,83.3333333333,3.91709155069,8.48210390814e-14,2.89864774751
601,3.91687912936,0.348312087064,0.74,444.74,83.3055555556,3.91687912936,6.35047570086e-14,2.89849055573
602,3.91666679126,0.348333320874,0.74,445.48,83.2777777778,3.91666679126,9.32587340685e-14,2.89833342553
603,3.91645453575,0.348354546425,0.74,446.22,83.25,3.91645453575,8.3044682242e-14,2.89817635646
604,3.91624236221,0.348375763779,0.74,446.96,83.2222222222,3.91624236221,7.9936057773e-14,2.89801934803
605,3.91603027001,0.348396972999,0.74,447.7,83.1944444444,3.91603027001,8.79296635503e-14,2.89786239981
606,3.91581825856,0.348418174144,0.74,448.44,83.1666666667,3.91581825856,9.23705556488e-14,2.89770551133
607,3.91560632723,0.348439367277,0.74,449.18,83.1388888889,3.91560632723,7.59392548844e-14,2.89754868215
608,3.91539447542,0.348460552458,0.74,449.92,83.1111111111,3.91539447542,1.03916875105e-13,2.89739191181
609,3.91518270253,0.348481729747,0.74,450.66,83.0833333333,3.91518270253,8.57092175011e-14,2.89723519987
610,3.91497100797,0.348502899203,0.74,451.4,83.0555555556,3.91497100797,8.39328606617e-14,2.89707854589
611,3.91475939114,0.348524060886,0.74,452.14,83.0277777778,3.91475939114,5.24025267623e-14,2.89692194944
612,3.91454785146,0.348545214854,0.74,452.88,83,3.91454785146,1.14130926931e-13,2.89676541008
613,3.91433638834,0.348566361166,0.74,453.62,82.9722222222,3.91433638834,7.37188088351e-14,2.89660892737
614,3.91412500122,0.348587499878,0.74,454.36,82.9444444444,3.91412500122,6.66133814775e-14,2.8964525009
615,3.9139136895,0.34860863105,0.74,455.1,82.9166666667,3.9139136895,6.66133814775e-14,2.89629613023
616,3.91370245263,0.348629754737,0.74,455.84,82.8888888889,3.91370245263,8.97060203897e-14,2.89613981495
617,3.91349129005,0.348650870995,0.74,456.58,82.8611111111,3.91349129005,6.5281113848e-14,2.89598355463
618,3.91328020118,0.348671979882,0.74,457.32,82.8333333333,3.91328020118,1.25233157178e-13,2.89582734887
619,3.91306918547,0.348693081453,0.74,458.06,82.8055555556,3.91306918547,5.37347943919e-14,2.89567119725
620,3.91285824238,0.348714175762,0.74,458.8,82.7777777778,3.91285824238,8.48210390814e-14,2.89551509936
621,3.91264737135,0.348735262865,0.74,459.54,82.75,3.91264737135,7.01660951563e-14,2.8953590548
622,3.91243657183,0.348756342817,0.74,460.28,82.7222222222,3.91243657183,7.63833440942e-14,2.89520306316
623,3.9122258433,0.34877741567,0.74,461.02,82.6944444444,3.9122258433,6.66133814775e-14,2.89504712404
624,3.91201518521,0.348798481479,0.74,461.76,82.6666666667,3.91201518521,1.01252339846e-13,2.89489123705
625,3.91180459703,0.348819540297,0.74,462.5,82.6388888889,3.91180459703,1.04805053525e-13,2.8947354018
626,3.91159407824,0.348840592176,0.74,463.24,82.6111111111,3.91159407824,6.12843109593e-14,2.89457961789
627,3.9113836283,0.34886163717,0.74,463.98,82.5833333333,3.9113836283,1.02584607475e-13,2.89442388494
628,3.91117324671,0.348882675329,0.74,464.72,82.5555555556,3.91117324671,1.04805053525e-13,2.89426820256
629,3.91096293294,0.348903706706,0.74,465.46,82.5277777778,3.91096293294,8.70414851306e-14,2.89411257038
630,3.91075268648,0.348924731352,0.74,466.2,82.5,3.91075268648,9.45910016981e-14,2.893956988
631,3.91054250683,0.348945749317,0.74,466.94,82.4722222222,3.91054250683,5.86197757002e-14,2.89380145506
632,3.91033239348,0.348966760652,0.74,467.68,82.4444444444,3.91033239348,7.54951656745e-14,2.89364597118
633,3.91012234593,0.348987765407,0.74,468.42,82.4166666667,3.91012234593,7.06101843662e-14,2.89349053599
634,3.90991236369,0.349008763631,0.74,469.16,82.3888888889,3.90991236369,7.68274333041e-14,2.89333514913
635,3.90970244625,0.349029755375,0.74,469.9,82.3611111111,3.90970244625,6.79456491071e-14,2.89317981023
636,3.90949259314,0.349050740686,0.74,470.64,82.3333333333,3.90949259314,4.13002965161e-14,2.89302451892
637,3.90928280386,0.349071719614,0.74,471.38,82.3055555556,3.90928280386,7.86037901435e-14,2.89286927485
638,3.90907307793,0.349092692207,0.74,472.12,82.2777777778,3.90907307793,5.68434188608e-14,2.89271407767
639,3.90886341489,0.349113658511,0.74,472.86,82.25,3.90886341489,8.08242361927e-14,2.89255892702
640,3.90865381424,0.349134618576,0.74,473.6,82.2222222222,3.90865381424,1.10578213253e-13,2.89240382254
641,3.90844427552,0.349155572448,0.74,474.34,82.1944444444,3.90844427552,7.94919685632e-14,2.89224876389
642,3.90823479827,0.349176520173,0.74,475.08,82.1666666667,3.90823479827,6.30606677987e-14,2.89209375072
643,3.90802538202,0.349197461798,0.74,475.82,82.1388888889,3.90802538202,1.13686837722e-13,2.89193878269
644,3.9078160263,0.34921839737,0.74,476.56,82.1111111111,3.9078160263,1.15907283771e-13,2.89178385946
645,3.90760673067,0.349239326933,0.74,477.3,82.0833333333,3.90760673067,7.68274333041e-14,2.8916289807
646,3.90739749467,0.349260250533,0.74,478.04,82.0555555556,3.90739749467,9.63673585375e-14,2.89147414605
647,3.90718831784,0.349281168216,0.74,478.78,82.0277777778,3.90718831784,8.881784197e-14,2.8913193552
648,3.90697919975,0.349302080025,0.74,479.52,82,3.90697919975,6.61692922677e-14,2.89116460781
649,3.90677013994,0.349322986006,0.74,480.26,81.9722222222,3.90677013994,8.74855743405e-14,2.89100990356
650,3.90656113798,0.349343886202,0.74,481,81.9444444444,3.90656113798,8.881784197e-14,2.89085524211
651,3.90635219344,0.349364780656,0.74,481.74,81.9166666667,3.90635219344,8.52651282912e-14,2.89070062314
652,3.90614330587,0.349385669413,0.74,482.48,81.8888888889,3.90614330587,6.43929354283e-14,2.89054604634
653,3.90593447485,0.349406552515,0.74,483.22,81.8611111111,3.90593447485,6.83897383169e-14,2.89039151139
654,3.90572569995,0.349427430005,0.74,483.96,81.8333333333,3.90572569995,6.30606677987e-14,2.89023701796
655,3.90551698075,0.349448301925,0.74,484.7,81.8055555556,3.90551698075,4.92939022934e-14,2.89008256576
656,3.90530831683,0.349469168317,0.74,485.44,81.7777777778,3.90530831683,7.14983627859e-14,2.88992815446
657,3.90509970777,0.349490029223,0.74,486.18,81.75,3.90509970777,7.77156117238e-14,2.88977378375
658,3.90489115315,0.349510884685,0.74,486.92,81.7222222222,3.90489115315,9.45910016981e-14,2.88961945333
659,3.90468265257,0.349531734743,0.74,487.66,81.6944444444,3.90468265257,1.1857181903e-13,2.88946516291
660,3.90447420562,0.349552579438,0.74,488.4,81.6666666667,3.90447420562,6.48370246381e-14,2.88931091216
661,3.90426581189,0.349573418811,0.74,489.14,81.6388888889,3.90426581189,5.46229728116e-14,2.8891567008
662,3.90405747098,0.349594252902,0.74,489.88,81.6111111111,3.90405747098,8.21565038223e-14,2.88900252853
663,3.9038491825,0.34961508175,0.74,490.62,81.5833333333,3.9038491825,7.4162898045e-14,2.88884839505
664,3.90364094604,0.349635905396,0.74,491.36,81.5555555556,3.90364094604,6.61692922677e-14,2.88869430007
665,3.90343276121,0.349656723879,0.74,492.1,81.5277777778,3.90343276121,6.92779167366e-14,2.8885402433
666,3.90322462763,0.349677537237,0.74,492.84,81.5,3.90322462763,7.1054273576e-14,2.88838622445
667,3.90301654491,0.349698345509,0.74,493.58,81.4722222222,3.90301654491,7.46069872548e-14,2.88823224323
668,3.90280851266,0.349719148734,0.74,494.32,81.4444444444,3.90280851266,7.32747196253e-14,2.88807829937
669,3.9026005305,0.34973994695,0.74,495.06,81.4166666667,3.9026005305,8.70414851306e-14,2.88792439257
670,3.90239259805,0.349760740195,0.74,495.8,81.3888888889,3.90239259805,8.3044682242e-14,2.88777052256
671,3.90218471495,0.349781528505,0.74,496.54,81.3611111111,3.90218471495,9.72555369572e-14,2.88761668906
672,3.90197688081,0.349802311919,0.74,497.28,81.3333333333,3.90197688081,6.88338275268e-14,2.8874628918
673,3.90176909527,0.349823090473,0.74,498.02,81.3055555556,3.90176909527,1.04360964315e-13,2.8873091305
674,3.90156135796,0.349843864204,0.74,498.76,81.2777777778,3.90156135796,8.65973959208e-14,2.88715540489
675,3.90135366852,0.349864633148,0.74,499.5,81.25,3.90135366852,8.08242361927e-14,2.8870017147
676,3.90114602658,0.349885397342,0.74,500.24,81.2222222222,3.90114602658,8.39328606617e-14,2.88684805967
677,3.90093843179,0.349906156821,0.74,500.98,81.1944444444,3.90093843179,6.48370246381e-14,2.88669443952
678,3.90073088379,0.349926911621,0.74,501.72,81.1666666667,3.90073088379,8.12683254026e-14,2.886540854
679,3.90052338222,0.349947661778,0.74,502.46,81.1388888889,3.90052338222,9.28146448587e-14,2.88638730284
680,3.90031592674,0.349968407326,0.74,503.2,81.1111111111,3.90031592674,7.90478793533e-14,2.88623378579
681,3.90010851701,0.349989148299,0.74,503.94,81.0833333333,3.90010851701,1.07913677994e-13,2.88608030258
682,3.89990115266,0.350009884734,0.74,504.68,81.0555555556,3.89990115266,8.70414851306e-14,2.88592685297
683,3.89969383337,0.350030616663,0.74,505.42,81.0277777778,3.89969383337,8.52651282912e-14,2.88577343669
684,3.89948655879,0.350051344121,0.74,506.16,81,3.89948655879,8.39328606617e-14,2.8856200535
685,3.89927932858,0.350072067142,0.74,506.9,80.9722222222,3.89927932858,1.02584607475e-13,2.88546670315
686,3.89907214241,0.350092785759,0.74,507.64,80.9444444444,3.89907214241,6.35047570086e-14,2.88531338538
687,3.89886499994,0.350113500006,0.74,508.38,80.9166666667,3.89886499994,8.48210390814e-14,2.88516009996
688,3.89865790086,0.350134209914,0.74,509.12,80.8888888889,3.89865790086,6.75015598972e-14,2.88500684663
689,3.89845084482,0.350154915518,0.74,509.86,80.8611111111,3.89845084482,9.63673585375e-14,2.88485362517
690,3.89824383151,0.350175616849,0.74,510.6,80.8333333333,3.89824383151,8.61533067109e-14,2.88470043531
691,3.89803686059,0.350196313941,0.74,511.34,80.8055555556,3.89803686059,9.94759830064e-14,2.88454727684
692,3.89782993176,0.350217006824,0.74,512.08,80.7777777778,3.89782993176,7.72715225139e-14,2.8843941495
693,3.89762304469,0.350237695531,0.74,512.82,80.75,3.89762304469,4.17443857259e-14,2.88424105307
694,3.89741619907,0.350258380093,0.74,513.56,80.7222222222,3.89741619907,8.39328606617e-14,2.88408798732
695,3.89720939459,0.350279060541,0.74,514.3,80.6944444444,3.89720939459,5.72875080707e-14,2.883934952
696,3.89700263093,0.350299736907,0.74,515.04,80.6666666667,3.89700263093,7.4162898045e-14,2.88378194689
697,3.89679590779,0.350320409221,0.74,515.78,80.6388888889,3.89679590779,8.74855743405e-14,2.88362897177
698,3.89658922486,0.350341077514,0.74,516.52,80.6111111111,3.89658922486,7.59392548844e-14,2.8834760264
699,3.89638258184,0.350361741816,0.74,517.26,80.5833333333,3.89638258184,7.63833440942e-14,2.88332311056
700,3.89617597842,0.350382402158,0.74,518,80.5555555556,3.89617597842,9.05941988094e-14,2.88317022403
701,3.89596941431,0.350403058569,0.74,518.74,80.5277777778,3.89596941431,8.65973959208e-14,2.88301736659
702,3.89576288922,0.350423711078,0.74,519.48,80.5,3.89576288922,7.4162898045e-14,2.88286453802
703,3.89555640283,0.350444359717,0.74,520.22,80.4722222222,3.89555640283,8.48210390814e-14,2.8827117381
704,3.89534995488,0.350465004512,0.74,520.96,80.4444444444,3.89534995488,9.72555369572e-14,2.88255896661
705,3.89514354505,0.350485645495,0.74,521.7,80.4166666667,3.89514354505,8.03801469829e-14,2.88240622334
706,3.89493717308,0.350506282692,0.74,522.44,80.3888888889,3.89493717308,8.57092175011e-14,2.88225350808
707,3.89473083866,0.350526916134,0.74,523.18,80.3611111111,3.89473083866,9.45910016981e-14,2.88210082061
708,3.89452454152,0.350547545848,0.74,523.92,80.3333333333,3.89452454152,8.12683254026e-14,2.88194816072
709,3.89431828137,0.350568171863,0.74,524.66,80.3055555556,3.89431828137,8.61533067109e-14,2.88179552822
710,3.89411205794,0.350588794206,0.74,525.4,80.2777777778,3.89411205794,8.39328606617e-14,2.88164292288
711,3.89390587095,0.350609412905,0.74,526.14,80.25,3.89390587095,8.26005930321e-14,2.88149034451
712,3.89369972013,0.350630027987,0.74,526.88,80.2222222222,3.89369972013,7.63833440942e-14,2.88133779289
713,3.89349360519,0.350650639481,0.74,527.62,80.1944444444,3.89349360519,9.05941988094e-14,2.88118526784
714,3.89328752588,0.350671247412,0.74,528.36,80.1666666667,3.89328752588,7.72715225139e-14,2.88103276915
715,3.89308148191,0.350691851809,0.74,529.1,80.1388888889,3.89308148191,4.4408920985e-14,2.88088029662
716,3.89287547303,0.350712452697,0.74,529.84,80.1111111111,3.89287547303,9.50350909079e-14,2.88072785004
717,3.89266949897,0.350733050103,0.74,530.58,80.0833333333,3.89266949897,1.01696429056e-13,2.88057542924
718,3.89246355947,0.350753644053,0.74,531.32,80.0555555556,3.89246355947,8.65973959208e-14,2.88042303401
719,3.89225765426,0.350774234574,0.74,532.06,80.0277777778,3.89225765426,9.50350909079e-14,2.88027066415
720,3.89205178309,0.350794821691,0.74,532.8,80,3.89205178309,6.5281113848e-14,2.88011831949
721,3.8918459457,0.35081540543,0.74,533.54,79.9722222222,3.8918459457,4.26325641456e-14,2.87996599982
722,3.89164014183,0.350835985817,0.74,534.28,79.9444444444,3.89164014183,1.04360964315e-13,2.87981370496
723,3.89143437124,0.350856562876,0.74,535.02,79.9166666667,3.89143437124,6.66133814775e-14,2.87966143472
724,3.89122863366,0.350877136634,0.74,535.76,79.8888888889,3.89122863366,6.12843109593e-14,2.87950918891
725,3.89102292886,0.350897707114,0.74,536.5,79.8611111111,3.89102292886,6.92779167366e-14,2.87935696736
726,3.89081725658,0.350918274342,0.74,537.24,79.8333333333,3.89081725658,7.68274333041e-14,2.87920476987
727,3.89061161658,0.350938838342,0.74,537.98,79.8055555556,3.89061161658,6.08402217495e-14,2.87905259627
728,3.89040600862,0.350959399138,0.74,538.72,79.7777777778,3.89040600862,8.881784197e-14,2.87890044638
729,3.89020043244,0.350979956756,0.74,539.46,79.75,3.89020043244,7.63833440942e-14,2.87874832001
730,3.88999488782,0.351000511218,0.74,540.2,79.7222222222,3.88999488782,5.95079541199e-14,2.87859621699
731,3.88978937452,0.351021062548,0.74,540.94,79.6944444444,3.88978937452,3.73034936274e-14,2.87844413714
732,3.88958389229,0.351041610771,0.74,541.68,79.6666666667,3.88958389229,7.19424519957e-14,2.8782920803
733,3.88937844091,0.351062155909,0.74,542.42,79.6388888889,3.88937844091,7.77156117238e-14,2.87814004627
734,3.88917302014,0.351082697986,0.74,543.16,79.6111111111,3.88917302014,8.92619311799e-14,2.8779880349
735,3.88896762974,0.351103237026,0.74,543.9,79.5833333333,3.88896762974,1.07469588784e-13,2.87783604601
736,3.8887622695,0.35112377305,0.74,544.64,79.5555555556,3.8887622695,5.95079541199e-14,2.87768407943
737,3.88855693918,0.351144306082,0.74,545.38,79.5277777778,3.88855693918,3.73034936274e-14,2.87753213499
738,3.88835163856,0.351164836144,0.74,546.12,79.5,3.88835163856,9.05941988094e-14,2.87738021253
739,3.88814636741,0.351185363259,0.74,546.86,79.4722222222,3.88814636741,9.41469124882e-14,2.87722831188
740,3.88794112551,0.351205887449,0.74,547.6,79.4444444444,3.88794112551,5.50670620214e-14,2.87707643288
741,3.88773591264,0.351226408736,0.74,548.34,79.4166666667,3.88773591264,9.32587340685e-14,2.87692457535
742,3.88753072858,0.351246927142,0.74,549.08,79.3888888889,3.88753072858,6.17284001692e-14,2.87677273915
743,3.88732557311,0.351267442689,0.74,549.82,79.3611111111,3.88732557311,7.72715225139e-14,2.8766209241
744,3.88712044602,0.351287955398,0.74,550.56,79.3333333333,3.88712044602,7.46069872548e-14,2.87646913005
745,3.88691534709,0.351308465291,0.74,551.3,79.3055555556,3.88691534709,8.57092175011e-14,2.87631735684
746,3.88671027611,0.351328972389,0.74,552.04,79.2777777778,3.88671027611,5.06261699229e-14,2.87616560432
747,3.88650523287,0.351349476713,0.74,552.78,79.25,3.88650523287,9.54791801178e-14,2.87601387232
748,3.88630021716,0.351369978284,0.74,553.52,79.2222222222,3.88630021716,5.95079541199e-14,2.8758621607
749,3.88609522877,0.351390477123,0.74,554.26,79.1944444444,3.88609522877,8.61533067109e-14,2.87571046929
750,3.88589026749,0.351410973251,0.74,555,79.1666666667,3.88589026749,9.23705556488e-14,2.87555879794
751,3.88568533313,0.351431466687,0.74,555.74,79.1388888889,3.88568533313,7.72715225139e-14,2.87540714652
752,3.88548042547,0.351451957453,0.74,556.48,79.1111111111,3.88548042547,7.50510764647e-14,2.87525551485
753,3.88527554432,0.351472445568,0.74,557.22,79.0833333333,3.88527554432,6.30606677987e-14,2.8751039028
754,3.88507068948,0.351492931052,0.74,557.96,79.0555555556,3.88507068948,8.881784197e-14,2.87495231021
755,3.88486586074,0.351513413926,0.74,558.7,79.0277777778,3.88486586074,6.26165785889e-14,2.87480073695
756,3.88466105791,0.351533894209,0.74,559.44,79,3.88466105791,5.59552404411e-14,2.87464918285
757,3.8844562808,0.35155437192,0.74,560.18,78.9722222222,3.8844562808,9.37028232784e-14,2.87449764779
758,3.8842515292,0.35157484708,0.74,560.92,78.9444444444,3.8842515292,8.3044682242e-14,2.87434613161
759,3.88404680294,0.351595319706,0.74,561.66,78.9166666667,3.88404680294,3.37507799486e-14,2.87419463417
760,3.88384210181,0.351615789819,0.74,562.4,78.8888888889,3.88384210181,7.19424519957e-14,2.87404315534
761,3.88363742562,0.351636257438,0.74,563.14,78.8611111111,3.88363742562,9.01501095996e-14,2.87389169496
762,3.8834327742,0.35165672258,0.74,563.88,78.8333333333,3.8834327742,7.59392548844e-14,2.87374025291
763,3.88322814734,0.351677185266,0.74,564.62,78.8055555556,3.88322814734,7.50510764647e-14,2.87358882903
764,3.88302354487,0.351697645513,0.74,565.36,78.7777777778,3.88302354487,9.14823772291e-14,2.87343742321
765,3.88281896661,0.351718103339,0.74,566.1,78.75,3.88281896661,5.3290705182e-14,2.87328603529
766,3.88261441236,0.351738558764,0.74,566.84,78.7222222222,3.88261441236,8.21565038223e-14,2.87313466514
767,3.88240988195,0.351759011805,0.74,567.58,78.6944444444,3.88240988195,8.74855743405e-14,2.87298331264
768,3.88220537519,0.351779462481,0.74,568.32,78.6666666667,3.88220537519,6.79456491071e-14,2.87283197764
769,3.88200089192,0.351799910808,0.74,569.06,78.6388888889,3.88200089192,7.06101843662e-14,2.87268066002
770,3.88179643194,0.351820356806,0.74,569.8,78.6111111111,3.88179643194,7.14983627859e-14,2.87252935964
771,3.88159199509,0.351840800491,0.74,570.54,78.5833333333,3.88159199509,7.46069872548e-14,2.87237807637
772,3.88138758119,0.351861241881,0.74,571.28,78.5555555556,3.88138758119,4.79616346638e-14,2.87222681008
773,3.88118319007,0.351881680993,0.74,572.02,78.5277777778,3.88118319007,5.37347943919e-14,2.87207556065
774,3.88097882156,0.351902117844,0.74,572.76,78.5,3.88097882156,6.97220059465e-14,2.87192432795
775,3.88077447548,0.351922552452,0.74,573.5,78.4722222222,3.88077447548,3.46389583683e-14,2.87177311185
776,3.88057015166,0.351942984834,0.74,574.24,78.4444444444,3.88057015166,9.45910016981e-14,2.87162191223
777,3.88036584994,0.351963415006,0.74,574.98,78.4166666667,3.88036584994,8.21565038223e-14,2.87147072896
778,3.88016157016,0.351983842984,0.74,575.72,78.3888888889,3.88016157016,4.66293670343e-14,2.87131956192
779,3.87995731213,0.352004268787,0.74,576.46,78.3611111111,3.87995731213,7.23865412056e-14,2.87116841098
780,3.87975307571,0.352024692429,0.74,577.2,78.3333333333,3.87975307571,7.4162898045e-14,2.87101727603
781,3.87954886073,0.352045113927,0.74,577.94,78.3055555556,3.87954886073,6.83897383169e-14,2.87086615694
782,3.87934466702,0.352065533298,0.74,578.68,78.2777777778,3.87934466702,7.90478793533e-14,2.87071505359
783,3.87914049442,0.352085950558,0.74,579.42,78.25,3.87914049442,4.4408920985e-14,2.87056396587
784,3.87893634278,0.352106365722,0.74,580.16,78.2222222222,3.87893634278,9.05941988094e-14,2.87041289366
785,3.87873221194,0.352126778806,0.74,580.9,78.1944444444,3.87873221194,9.81437153769e-14,2.87026183683
786,3.87852810173,0.352147189827,0.74,581.64,78.1666666667,3.87852810173,6.03961325396e-14,2.87011079528
787,3.87832401201,0.352167598799,0.74,582.38,78.1388888889,3.87832401201,4.66293670343e-14,2.86995976889
788,3.87811994262,0.352188005738,0.74,583.12,78.1111111111,3.87811994262,7.94919685632e-14,2.86980875754
789,3.87791589341,0.352208410659,0.74,583.86,78.0833333333,3.87791589341,7.01660951563e-14,2.86965776112
790,3.87771186422,0.352228813578,0.74,584.6,78.0555555556,3.87771186422,6.35047570086e-14,2.86950677952
791,3.8775078549,0.35224921451,0.74,585.34,78.0277777778,3.8775078549,5.99520433298e-14,2.86935581263
792,3.8773038653,0.35226961347,0.74,586.08,78,3.8773038653,6.43929354283e-14,2.86920486033
793,3.87709989528,0.352290010472,0.74,586.82,77.9722222222,3.87709989528,7.63833440942e-14,2.86905392251
794,3.87689594468,0.352310405532,0.74,587.56,77.9444444444,3.87689594468,8.08242361927e-14,2.86890299907
795,3.87669201336,0.352330798664,0.74,588.3,77.9166666667,3.87669201336,7.14983627859e-14,2.86875208989
796,3.87648810118,0.352351189882,0.74,589.04,77.8888888889,3.87648810118,6.5281113848e-14,2.86860119487
797,3.87628420798,0.352371579202,0.74,589.78,77.8611111111,3.87628420798,4.26325641456e-14,2.8684503139
798,3.87608033362,0.352391966638,0.74,590.52,77.8333333333,3.87608033362,4.92939022934e-14,2.86829944688
799,3.87587647797,0.352412352203,0.74,591.26,77.8055555556,3.87587647797,7.68274333041e-14,2.8681485937
800,3.87567264088,0.352432735912,0.74,592,77.7777777778,3.87567264088,8.08242361927e-14,2.86799775425
801,3.87546882222,0.352453117778,0.74,592.74,77.75,3.87546882222,8.79296635503e-14,2.86784692844
802,3.87526502183,0.352473497817,0.74,593.48,77.7222222222,3.87526502183,4.4408920985e-14,2.86769611615
803,3.87506123959,0.352493876041,0.74,594.22,77.6944444444,3.87506123959,6.43929354283e-14,2.8675453173
804,3.87485747535,0.352514252465,0.74,594.96,77.6666666667,3.87485747535,8.34887714518e-14,2.86739453176
805,3.87465372899,0.352534627101,0.74,595.7,77.6388888889,3.87465372899,7.23865412056e-14,2.86724375945
806,3.87445000036,0.352554999964,0.74,596.44,77.6111111111,3.87445000036,9.23705556488e-14,2.86709300027
807,3.87424628933,0.352575371067,0.74,597.18,77.5833333333,3.87424628933,8.43769498715e-14,2.86694225411
808,3.87404259577,0.352595740423,0.74,597.92,77.5555555556,3.87404259577,9.05941988094e-14,2.86679152087
809,3.87383891955,0.352616108045,0.74,598.66,77.5277777778,3.87383891955,7.50510764647e-14,2.86664080047
810,3.87363526054,0.352636473946,0.74,599.4,77.5,3.87363526054,5.95079541199e-14,2.8664900928
811,3.8734316186,0.35265683814,0.74,600.14,77.4722222222,3.8734316186,8.57092175011e-14,2.86633939776
812,3.87322799361,0.352677200639,0.74,600.88,77.4444444444,3.87322799361,6.92779167366e-14,2.86618871527
813,3.87302438543,0.352697561457,0.74,601.62,77.4166666667,3.87302438543,7.06101843662e-14,2.86603804522
814,3.87282079395,0.352717920605,0.74,602.36,77.3888888889,3.87282079395,9.63673585375e-14,2.86588738752
815,3.87261721904,0.352738278096,0.74,603.1,77.3611111111,3.87261721904,8.43769498715e-14,2.86573674209
816,3.87241366056,0.352758633944,0.74,603.84,77.3333333333,3.87241366056,4.39648317752e-14,2.86558610882
817,3.8722101184,0.35277898816,0.74,604.58,77.3055555556,3.8722101184,7.46069872548e-14,2.86543548762
818,3.87200659244,0.352799340756,0.74,605.32,77.2777777778,3.87200659244,7.54951656745e-14,2.8652848784
819,3.87180308254,0.352819691746,0.74,606.06,77.25,3.87180308254,5.10702591328e-14,2.86513428108
820,3.8715995886,0.35284004114,0.74,606.8,77.2222222222,3.8715995886,4.7517545454e-14,2.86498369556
821,3.87139611048,0.352860388952,0.74,607.54,77.1944444444,3.87139611048,5.81756864904e-14,2.86483312175
822,3.87119264807,0.352880735193,0.74,608.28,77.1666666667,3.87119264807,4.88498130835e-14,2.86468255957
823,3.87098920125,0.352901079875,0.74,609.02,77.1388888889,3.87098920125,9.01501095996e-14,2.86453200893
824,3.87078576991,0.352921423009,0.74,609.76,77.1111111111,3.87078576991,9.54791801178e-14,2.86438146973
825,3.87058235392,0.352941764608,0.74,610.5,77.0833333333,3.87058235392,7.1054273576e-14,2.8642309419
826,3.87037895317,0.352962104683,0.74,611.24,77.0555555556,3.87037895317,8.03801469829e-14,2.86408042535
827,3.87017556755,0.352982443245,0.74,611.98,77.0277777778,3.87017556755,6.57252030578e-14,2.86392991998
828,3.86997219693,0.353002780307,0.74,612.72,77,3.86997219693,7.01660951563e-14,2.86377942573
829,3.86976884121,0.353023115879,0.74,613.46,76.9722222222,3.86976884121,9.01501095996e-14,2.8636289425
830,3.86956550028,0.353043449972,0.74,614.2,76.9444444444,3.86956550028,6.5281113848e-14,2.86347847021
831,3.86936217402,0.353063782598,0.74,614.94,76.9166666667,3.86936217402,7.50510764647e-14,2.86332800877
832,3.86915886232,0.353084113768,0.74,615.68,76.8888888889,3.86915886232,7.37188088351e-14,2.86317755812
833,3.86895556507,0.353104443493,0.74,616.42,76.8611111111,3.86895556507,8.34887714518e-14,2.86302711815
834,3.86875228217,0.353124771783,0.74,617.16,76.8333333333,3.86875228217,7.54951656745e-14,2.8628766888
835,3.86854901349,0.353145098651,0.74,617.9,76.8055555556,3.86854901349,4.84057238737e-14,2.86272626999
836,3.86834575895,0.353165424105,0.74,618.64,76.7777777778,3.86834575895,1.05693231944e-13,2.86257586162
837,3.86814251842,0.353185748158,0.74,619.38,76.75,3.86814251842,8.39328606617e-14,2.86242546363
838,3.86793929181,0.353206070819,0.74,620.12,76.7222222222,3.86793929181,8.17124146124e-14,2.86227507594
839,3.86773607901,0.353226392099,0.74,620.86,76.6944444444,3.86773607901,8.79296635503e-14,2.86212469846
840,3.86753287991,0.353246712009,0.74,621.6,76.6666666667,3.86753287991,5.99520433298e-14,2.86197433113
841,3.86732969441,0.353267030559,0.74,622.34,76.6388888889,3.86732969441,5.77315972805e-14,2.86182397386
842,3.86712652241,0.353287347759,0.74,623.08,76.6111111111,3.86712652241,7.23865412056e-14,2.86167362658
843,3.8669233638,0.35330766362,0.74,623.82,76.5833333333,3.8669233638,7.06101843662e-14,2.86152328921
844,3.86672021849,0.353327978151,0.74,624.56,76.5555555556,3.86672021849,7.86037901435e-14,2.86137296168
845,3.86651708637,0.353348291363,0.74,625.3,76.5277777778,3.86651708637,8.881784197e-14,2.86122264391
846,3.86631396735,0.353368603265,0.74,626.04,76.5,3.86631396735,5.77315972805e-14,2.86107233584
847,3.86611086132,0.353388913868,0.74,626.78,76.4722222222,3.86611086132,6.39488462184e-14,2.86092203737
848,3.86590776819,0.353409223181,0.74,627.52,76.4444444444,3.86590776819,8.26005930321e-14,2.86077174846
849,3.86570468785,0.353429531215,0.74,628.26,76.4166666667,3.86570468785,8.79296635503e-14,2.86062146901
850,3.86550162022,0.353449837978,0.74,629,76.3888888889,3.86550162022,5.15143483426e-14,2.86047119896
851,3.8652985652,0.35347014348,0.74,629.74,76.3611111111,3.8652985652,4.61852778244e-14,2.86032093825
852,3.86509552269,0.353490447731,0.74,630.48,76.3333333333,3.86509552269,7.4162898045e-14,2.86017068679
853,3.86489249259,0.353510750741,0.74,631.22,76.3055555556,3.86489249259,5.99520433298e-14,2.86002044452
854,3.86468947482,0.353531052518,0.74,631.96,76.2777777778,3.86468947482,4.39648317752e-14,2.85987021136
855,3.86448646927,0.353551353073,0.74,632.7,76.25,3.86448646927,8.881784197e-14,2.85971998726
856,3.86428347587,0.353571652413,0.74,633.44,76.2222222222,3.86428347587,5.37347943919e-14,2.85956977214
857,3.8640804945,0.35359195055,0.74,634.18,76.1944444444,3.8640804945,3.59712259979e-14,2.85941956593
858,3.8638775251,0.35361224749,0.74,634.92,76.1666666667,3.8638775251,8.74855743405e-14,2.85926936857
859,3.86367456755,0.353632543245,0.74,635.66,76.1388888889,3.86367456755,3.5527136788e-14,2.85911917999
860,3.86347162178,0.353652837822,0.74,636.4,76.1111111111,3.86347162178,7.63833440942e-14,2.85896900012
861,3.8632686877,0.35367313123,0.74,637.14,76.0833333333,3.8632686877,8.57092175011e-14,2.8588188289
862,3.86306576521,0.353693423479,0.74,637.88,76.0555555556,3.86306576521,7.19424519957e-14,2.85866866626
863,3.86286285423,0.353713714577,0.74,638.62,76.0277777778,3.86286285423,5.28466159722e-14,2.85851851213
864,3.86265995467,0.353734004533,0.74,639.36,76,3.86265995467,5.50670620214e-14,2.85836836646
865,3.86245706645,0.353754293355,0.74,640.1,75.9722222222,3.86245706645,4.92939022934e-14,2.85821822917
866,3.86225418948,0.353774581052,0.74,640.84,75.9444444444,3.86225418948,5.90638649101e-14,2.85806810021
867,3.86205132367,0.353794867633,0.74,641.58,75.9166666667,3.86205132367,7.28306304154e-14,2.85791797951
868,3.86184846894,0.353815153106,0.74,642.32,75.8888888889,3.86184846894,6.48370246381e-14,2.85776786701
869,3.86164562521,0.353835437479,0.74,643.06,75.8611111111,3.86164562521,4.97379915032e-14,2.85761776265
870,3.86144279239,0.353855720761,0.74,643.8,75.8333333333,3.86144279239,4.52970994047e-14,2.85746766637
871,3.8612399704,0.35387600296,0.74,644.54,75.8055555556,3.8612399704,7.32747196253e-14,2.85731757809
872,3.86103715916,0.353896284084,0.74,645.28,75.7777777778,3.86103715916,6.43929354283e-14,2.85716749778
873,3.86083435858,0.353916564142,0.74,646.02,75.75,3.86083435858,2.75335310107e-14,2.85701742535
874,3.8606315686,0.35393684314,0.74,646.76,75.7222222222,3.8606315686,7.01660951563e-14,2.85686736076
875,3.86042878912,0.353957121088,0.74,647.5,75.6944444444,3.86042878912,5.68434188608e-14,2.85671730395
876,3.86022602006,0.353977397994,0.74,648.24,75.6666666667,3.86022602006,5.55111512313e-14,2.85656725485
877,3.86002326136,0.353997673864,0.74,648.98,75.6388888889,3.86002326136,8.03801469829e-14,2.8564172134
878,3.85982051292,0.354017948708,0.74,649.72,75.6111111111,3.85982051292,5.46229728116e-14,2.85626717956
879,3.85961777467,0.354038222533,0.74,650.46,75.5833333333,3.85961777467,6.83897383169e-14,2.85611715326
880,3.85941504654,0.354058495346,0.74,651.2,75.5555555556,3.85941504654,5.28466159722e-14,2.85596713444
881,3.85921232845,0.354078767155,0.74,651.94,75.5277777778,3.85921232845,6.92779167366e-14,2.85581712306
882,3.85900962032,0.354099037968,0.74,652.68,75.5,3.85900962032,7.01660951563e-14,2.85566711904
883,3.85880692208,0.354119307792,0.74,653.42,75.4722222222,3.85880692208,4.04121180964e-14,2.85551712234
884,3.85860423365,0.354139576635,0.74,654.16,75.4444444444,3.85860423365,5.01820807131e-14,2.8553671329
885,3.85840155495,0.354159844505,0.74,654.9,75.4166666667,3.85840155495,4.79616346638e-14,2.85521715067
886,3.85819888592,0.354180111408,0.74,655.64,75.3888888889,3.85819888592,8.92619311799e-14,2.85506717558
887,3.85799622649,0.354200377351,0.74,656.38,75.3611111111,3.85799622649,7.14983627859e-14,2.8549172076
888,3.85779357656,0.354220642344,0.74,657.12,75.3333333333,3.85779357656,7.37188088351e-14,2.85476724666
889,3.85759093609,0.354240906391,0.74,657.86,75.3055555556,3.85759093609,9.59232693276e-14,2.85461729271
890,3.85738830499,0.354261169501,0.74,658.6,75.2777777778,3.85738830499,5.46229728116e-14,2.85446734569
891,3.85718568319,0.354281431681,0.74,659.34,75.25,3.85718568319,6.2172489379e-14,2.85431740556
892,3.85698307063,0.354301692937,0.74,660.08,75.2222222222,3.85698307063,5.77315972805e-14,2.85416747226
893,3.85678046722,0.354321953278,0.74,660.82,75.1944444444,3.85678046722,7.9936057773e-14,2.85401754575
894,3.85657787292,0.354342212708,0.74,661.56,75.1666666667,3.85657787292,4.13002965161e-14,2.85386762596
895,3.85637528763,0.354362471237,0.74,662.3,75.1388888889,3.85637528763,3.46389583683e-14,2.85371771285
896,3.85617271131,0.354382728869,0.74,663.04,75.1111111111,3.85617271131,7.50510764647e-14,2.85356780637
897,3.85597014387,0.354402985613,0.74,663.78,75.0833333333,3.85597014387,3.64153152077e-14,2.85341790646
898,3.85576758525,0.354423241475,0.74,664.52,75.0555555556,3.85576758525,4.7517545454e-14,2.85326801308
899,3.85556503539,0.354443496461,0.74,665.26,75.0277777778,3.85556503539,8.881784197e-14,2.85311812619
900,3.85536249421,0.354463750579,0.74,666,75,3.85536249421,7.59392548844e-14,2.85296824572
901,3.85515996166,0.354484003834,0.74,666.74,74.9722222222,3.85515996166,8.03801469829e-14,2.85281837163
902,3.85495743766,0.354504256234,0.74,667.48,74.9444444444,3.85495743766,7.37188088351e-14,2.85266850387
903,3.85475492216,0.354524507784,0.74,668.22,74.9166666667,3.85475492216,6.17284001692e-14,2.8525186424
904,3.85455241508,0.354544758492,0.74,668.96,74.8888888889,3.85455241508,5.55111512313e-14,2.85236878716
905,3.85434991637,0.354565008363,0.74,669.7,74.8611111111,3.85434991637,6.61692922677e-14,2.85221893811
906,3.85414742596,0.354585257404,0.74,670.44,74.8333333333,3.85414742596,7.23865412056e-14,2.85206909521
907,3.85394494378,0.354605505622,0.74,671.18,74.8055555556,3.85394494378,4.79616346638e-14,2.8519192584
908,3.85374246978,0.354625753022,0.74,671.92,74.7777777778,3.85374246978,6.70574706874e-14,2.85176942764
909,3.85354000389,0.354645999611,0.74,672.66,74.75,3.85354000389,7.86037901435e-14,2.85161960288
910,3.85333754606,0.354666245394,0.74,673.4,74.7222222222,3.85333754606,4.08562073062e-14,2.85146978408
911,3.85313509621,0.354686490379,0.74,674.14,74.6944444444,3.85313509621,6.26165785889e-14,2.8513199712
912,3.8529326543,0.35470673457,0.74,674.88,74.6666666667,3.8529326543,5.55111512313e-14,2.85117016418
913,3.85273022025,0.354726977975,0.74,675.62,74.6388888889,3.85273022025,7.59392548844e-14,2.85102036299
914,3.85252779402,0.354747220598,0.74,676.36,74.6111111111,3.85252779402,6.12843109593e-14,2.85087056757
915,3.85232537553,0.354767462447,0.74,677.1,74.5833333333,3.85232537553,5.68434188608e-14,2.85072077789
916,3.85212296474,0.354787703526,0.74,677.84,74.5555555556,3.85212296474,7.01660951563e-14,2.8505709939
917,3.85192056158,0.354807943842,0.74,678.58,74.5277777778,3.85192056158,3.77475828373e-14,2.85042121557
918,3.85171816599,0.354828183401,0.74,679.32,74.5,3.85171816599,7.77156117238e-14,2.85027144283
919,3.85151577793,0.354848422207,0.74,680.06,74.4722222222,3.85151577793,9.10382880193e-14,2.85012167567
920,3.85131339732,0.354868660268,0.74,680.8,74.4444444444,3.85131339732,6.70574706874e-14,2.84997191402
921,3.85111102412,0.354888897588,0.74,681.54,74.4166666667,3.85111102412,8.39328606617e-14,2.84982215785
922,3.85090865827,0.354909134173,0.74,682.28,74.3888888889,3.85090865827,4.48530101949e-14,2.84967240712
923,3.85070629971,0.354929370029,0.74,683.02,74.3611111111,3.85070629971,5.10702591328e-14,2.84952266178
924,3.85050394838,0.354949605162,0.74,683.76,74.3333333333,3.85050394838,5.19584375525e-14,2.8493729218
925,3.85030160424,0.354969839576,0.74,684.5,74.3055555556,3.85030160424,4.13002965161e-14,2.84922318714
926,3.85009926723,0.354990073277,0.74,685.24,74.2777777778,3.85009926723,5.81756864904e-14,2.84907345775
927,3.84989693729,0.355010306271,0.74,685.98,74.25,3.84989693729,6.5281113848e-14,2.8489237336
928,3.84969461437,0.355030538563,0.74,686.72,74.2222222222,3.84969461437,3.46389583683e-14,2.84877401464
929,3.84949229842,0.355050770158,0.74,687.46,74.1944444444,3.84949229842,5.6399329651e-14,2.84862430083
930,3.84928998938,0.355071001062,0.74,688.2,74.1666666667,3.84928998938,7.94919685632e-14,2.84847459214
931,3.8490876872,0.35509123128,0.74,688.94,74.1388888889,3.8490876872,8.12683254026e-14,2.84832488853
932,3.84888539183,0.355111460817,0.74,689.68,74.1111111111,3.84888539183,6.35047570086e-14,2.84817518996
933,3.84868310322,0.355131689678,0.74,690.42,74.0833333333,3.84868310322,4.70734562441e-14,2.84802549638
934,3.84848082131,0.355151917869,0.74,691.16,74.0555555556,3.84848082131,7.37188088351e-14,2.84787580777
935,3.84827854606,0.355172145394,0.74,691.9,74.0277777778,3.84827854606,8.43769498715e-14,2.84772612409
936,3.84807627741,0.355192372259,0.74,692.64,74,3.84807627741,6.26165785889e-14,2.84757644529
937,3.84787401532,0.355212598468,0.74,693.38,73.9722222222,3.84787401532,5.68434188608e-14,2.84742677134
938,3.84767175973,0.355232824027,0.74,694.12,73.9444444444,3.84767175973,3.8635761257e-14,2.8472771022
939,3.8474695106,0.35525304894,0.74,694.86,73.9166666667,3.8474695106,6.5281113848e-14,2.84712743784
940,3.84726726787,0.355273273213,0.74,695.6,73.8888888889,3.84726726787,8.48210390814e-14,2.84697777822
941,3.8470650315,0.35529349685,0.74,696.34,73.8611111111,3.8470650315,6.92779167366e-14,2.84682812331
942,3.84686280144,0.355313719856,0.74,697.08,73.8333333333,3.84686280144,4.39648317752e-14,2.84667847306
943,3.84666057763,0.355333942237,0.74,697.82,73.8055555556,3.84666057763,8.3044682242e-14,2.84652882745
944,3.84645836005,0.355354163995,0.74,698.56,73.7777777778,3.84645836005,5.10702591328e-14,2.84637918643
945,3.84625614862,0.355374385138,0.74,699.3,73.75,3.84625614862,5.72875080707e-14,2.84622954998
946,3.84605394332,0.355394605668,0.74,700.04,73.7222222222,3.84605394332,4.97379915032e-14,2.84607991806
947,3.84585174409,0.355414825591,0.74,700.78,73.6944444444,3.84585174409,4.66293670343e-14,2.84593029062
948,3.84564955088,0.355435044912,0.74,701.52,73.6666666667,3.84564955088,4.21884749358e-14,2.84578066765
949,3.84544736366,0.355455263634,0.74,702.26,73.6388888889,3.84544736366,6.61692922677e-14,2.84563104911
950,3.84524518237,0.355475481763,0.74,703,73.6111111111,3.84524518237,6.30606677987e-14,2.84548143495
951,3.84504300696,0.355495699304,0.74,703.74,73.5833333333,3.84504300696,3.59712259979e-14,2.84533182515
952,3.84484083741,0.355515916259,0.74,704.48,73.5555555556,3.84484083741,6.70574706874e-14,2.84518221968
953,3.84463867365,0.355536132635,0.74,705.22,73.5277777778,3.84463867365,6.48370246381e-14,2.8450326185
954,3.84443651565,0.355556348435,0.74,705.96,73.5,3.84443651565,4.17443857259e-14,2.84488302158
955,3.84423436336,0.355576563664,0.74,706.7,73.4722222222,3.84423436336,5.6399329651e-14,2.84473342889
956,3.84403221674,0.355596778326,0.74,707.44,73.4444444444,3.84403221674,6.92779167366e-14,2.84458384039
957,3.84383007575,0.355616992425,0.74,708.18,73.4166666667,3.84383007575,5.28466159722e-14,2.84443425605
958,3.84362794034,0.355637205966,0.74,708.92,73.3888888889,3.84362794034,4.70734562441e-14,2.84428467585
959,3.84342581047,0.355657418953,0.74,709.66,73.3611111111,3.84342581047,7.01660951563e-14,2.84413509975
960,3.84322368609,0.355677631391,0.74,710.4,73.3333333333,3.84322368609,6.08402217495e-14,2.84398552771
961,3.84302156717,0.355697843283,0.74,711.14,73.3055555556,3.84302156717,4.61852778244e-14,2.84383595971
962,3.84281945367,0.355718054633,0.74,711.88,73.2777777778,3.84281945367,8.17124146124e-14,2.84368639572
963,3.84261734554,0.355738265446,0.74,712.62,73.25,3.84261734554,4.97379915032e-14,2.8435368357
964,3.84241524274,0.355758475726,0.74,713.36,73.2222222222,3.84241524274,2.79776202206e-14,2.84338727963
965,3.84221314523,0.355778685477,0.74,714.1,73.1944444444,3.84221314523,5.77315972805e-14,2.84323772747
966,3.84201105298,0.355798894702,0.74,714.84,73.1666666667,3.84201105298,5.99520433298e-14,2.8430881792
967,3.84180896593,0.355819103407,0.74,715.58,73.1388888889,3.84180896593,2.62012633812e-14,2.84293863479
968,3.84160688405,0.355839311595,0.74,716.32,73.1111111111,3.84160688405,7.94919685632e-14,2.8427890942
969,3.84140480731,0.355859519269,0.74,717.06,73.0833333333,3.84140480731,6.79456491071e-14,2.84263955741
970,3.84120273566,0.355879726434,0.74,717.8,73.0555555556,3.84120273566,5.15143483426e-14,2.84249002439
971,3.84100066906,0.355899933094,0.74,718.54,73.0277777778,3.84100066906,3.90798504668e-14,2.8423404951
972,3.84079860748,0.355920139252,0.74,719.28,73,3.84079860748,7.50510764647e-14,2.84219096953
973,3.84059655087,0.355940344913,0.74,720.02,72.9722222222,3.84059655087,6.35047570086e-14,2.84204144764
974,3.8403944992,0.35596055008,0.74,720.76,72.9444444444,3.8403944992,2.62012633812e-14,2.84189192941
975,3.84019245243,0.355980754757,0.74,721.5,72.9166666667,3.84019245243,6.70574706874e-14,2.8417424148
976,3.83999041053,0.356000958947,0.74,722.24,72.8888888889,3.83999041053,3.06421554797e-14,2.84159290379
977,3.83978837345,0.356021162655,0.74,722.98,72.8611111111,3.83978837345,4.17443857259e-14,2.84144339635
978,3.83958634116,0.356041365884,0.74,723.72,72.8333333333,3.83958634116,4.70734562441e-14,2.84129389246
979,3.83938431362,0.356061568638,0.74,724.46,72.8055555556,3.83938431362,6.83897383169e-14,2.84114439208
980,3.8391822908,0.35608177092,0.74,725.2,72.7777777778,3.8391822908,5.99520433298e-14,2.84099489519
981,3.83898027266,0.356101972734,0.74,725.94,72.75,3.83898027266,4.57411886146e-14,2.84084540177
982,3.83877825916,0.356122174084,0.74,726.68,72.7222222222,3.83877825916,3.64153152077e-14,2.84069591178
983,3.83857625027,0.356142374973,0.74,727.42,72.6944444444,3.83857625027,2.26485497024e-14,2.8405464252
984,3.83837424596,0.356162575404,0.74,728.16,72.6666666667,3.83837424596,6.2172489379e-14,2.84039694201
985,3.83817224618,0.356182775382,0.74,728.9,72.6388888889,3.83817224618,4.70734562441e-14,2.84024746217
986,3.83797025091,0.356202974909,0.74,729.64,72.6111111111,3.83797025091,4.48530101949e-14,2.84009798567
987,3.8377682601,0.35622317399,0.74,730.38,72.5833333333,3.8377682601,7.01660951563e-14,2.83994851248
988,3.83756627373,0.356243372627,0.74,731.12,72.5555555556,3.83756627373,7.90478793533e-14,2.83979904256
989,3.83736429176,0.356263570824,0.74,731.86,72.5277777778,3.83736429176,5.6399329651e-14,2.83964957591
990,3.83716231416,0.356283768584,0.74,732.6,72.5,3.83716231416,3.90798504668e-14,2.83950011248
991,3.83696034089,0.356303965911,0.74,733.34,72.4722222222,3.83696034089,3.15303338994e-14,2.83935065226
992,3.83675837192,0.356324162808,0.74,734.08,72.4444444444,3.83675837192,2.88657986403e-14,2.83920119522
993,3.83655640722,0.356344359278,0.74,734.82,72.4166666667,3.83655640722,4.84057238737e-14,2.83905174134
994,3.83635444675,0.356364555325,0.74,735.56,72.3888888889,3.83635444675,3.64153152077e-14,2.8389022906
995,3.83615249049,0.356384750951,0.74,736.3,72.3611111111,3.83615249049,4.21884749358e-14,2.83875284296
996,3.83595053839,0.356404946161,0.74,737.04,72.3333333333,3.83595053839,4.17443857259e-14,2.83860339841
997,3.83574859044,0.356425140956,0.74,737.78,72.3055555556,3.83574859044,8.08242361927e-14,2.83845395692
998,3.83554664658,0.356445335342,0.74,738.52,72.2777777778,3.83554664658,4.39648317752e-14,2.83830451847
999,3.8353447068,0.35646552932,0.74,739.26,72.25,3.8353447068,2.30926389122e-14,2.83815508304
1000,3.83514277107,0.356485722893,0.74,740,72.2222222222,3.83514277107,5.81756864904e-14,2.83800565059
1001,3.83494083934,0.356505916066,0.74,740.74,72.1944444444,3.83494083934,5.37347943919e-14,2.83785622112
1002,3.8347389116,0.35652610884,0.74,741.48,72.1666666667,3.8347389116,5.77315972805e-14,2.83770679459
1003,3.83453698781,0.356546301219,0.74,742.22,72.1388888889,3.83453698781,6.17284001692e-14,2.83755737098
1004,3.83433506794,0.356566493206,0.74,742.96,72.1111111111,3.83433506794,2.88657986403e-14,2.83740795027
1005,3.83413315195,0.356586684805,0.74,743.7,72.0833333333,3.83413315195,3.24185123191e-14,2.83725853244
1006,3.83393123983,0.356606876017,0.74,744.44,72.0555555556,3.83393123983,2.975397706e-14,2.83710911747
1007,3.83372933153,0.356627066847,0.74,745.18,72.0277777778,3.83372933153,5.46229728116e-14,2.83695970534
1008,3.83352742704,0.356647257296,0.74,745.92,72,3.83352742704,5.01820807131e-14,2.83681029601
1009,3.83332552632,0.356667447368,0.74,746.66,71.9722222222,3.83332552632,6.12843109593e-14,2.83666088948
1010,3.83312362934,0.356687637066,0.74,747.4,71.9444444444,3.83312362934,6.70574706874e-14,2.83651148571
1011,3.83292173607,0.356707826393,0.74,748.14,71.9166666667,3.83292173607,6.03961325396e-14,2.83636208469
1012,3.83271984649,0.356728015351,0.74,748.88,71.8888888889,3.83271984649,2.0872192863e-14,2.8362126864
1013,3.83251796056,0.356748203944,0.74,749.62,71.8611111111,3.83251796056,2.57571741713e-14,2.83606329081
1014,3.83231607826,0.356768392174,0.74,750.36,71.8333333333,3.83231607826,1.95399252334e-14,2.83591389791
1015,3.83211419956,0.356788580044,0.74,751.1,71.8055555556,3.83211419956,4.21884749358e-14,2.83576450767
1016,3.83191232443,0.356808767557,0.74,751.84,71.7777777778,3.83191232443,5.50670620214e-14,2.83561512008
1017,3.83171045285,0.356828954715,0.74,752.58,71.75,3.83171045285,5.46229728116e-14,2.83546573511
1018,3.83150858478,0.356849141522,0.74,753.32,71.7222222222,3.83150858478,4.08562073062e-14,2.83531635274
1019,3.8313067202,0.35686932798,0.74,754.06,71.6944444444,3.8313067202,4.39648317752e-14,2.83516697295
1020,3.83110485908,0.356889514092,0.74,754.8,71.6666666667,3.83110485908,4.04121180964e-14,2.83501759572
1021,3.8309030014,0.35690969986,0.74,755.54,71.6388888889,3.8309030014,6.17284001692e-14,2.83486822104
1022,3.83070114713,0.356929885287,0.74,756.28,71.6111111111,3.83070114713,5.19584375525e-14,2.83471884888
1023,3.83049929624,0.356950070376,0.74,757.02,71.5833333333,3.83049929624,6.61692922677e-14,2.83456947922
1024,3.83029744871,0.356970255129,0.74,757.76,71.5555555556,3.83029744871,3.95239396767e-14,2.83442011205
1025,3.83009560451,0.356990439549,0.74,758.5,71.5277777778,3.83009560451,7.32747196253e-14,2.83427074734
1026,3.82989376361,0.357010623639,0.74,759.24,71.5,3.82989376361,5.81756864904e-14,2.83412138507
1027,3.82969192599,0.357030807401,0.74,759.98,71.4722222222,3.82969192599,4.97379915032e-14,2.83397202524
1028,3.82949009163,0.357050990837,0.74,760.72,71.4444444444,3.82949009163,3.24185123191e-14,2.83382266781
1029,3.82928826049,0.357071173951,0.74,761.46,71.4166666667,3.82928826049,6.57252030578e-14,2.83367331276
1030,3.82908643256,0.357091356744,0.74,762.2,71.3888888889,3.82908643256,2.35367281221e-14,2.83352396009
1031,3.8288846078,0.35711153922,0.74,762.94,71.3611111111,3.8288846078,4.79616346638e-14,2.83337460977
1032,3.8286827862,0.35713172138,0.74,763.68,71.3333333333,3.8286827862,6.75015598972e-14,2.83322526179
1033,3.82848096772,0.357151903228,0.74,764.42,71.3055555556,3.82848096772,4.66293670343e-14,2.83307591611
1034,3.82827915235,0.357172084765,0.74,765.16,71.2777777778,3.82827915235,4.57411886146e-14,2.83292657274
1035,3.82807734006,0.357192265994,0.74,765.9,71.25,3.82807734006,7.50510764647e-14,2.83277723165
1036,3.82787553083,0.357212446917,0.74,766.64,71.2222222222,3.82787553083,3.64153152077e-14,2.83262789281
1037,3.82767372463,0.357232627537,0.74,767.38,71.1944444444,3.82767372463,8.881784197e-15,2.83247855622
1038,3.82747192143,0.357252807857,0.74,768.12,71.1666666667,3.82747192143,4.30766533555e-14,2.83232922186
1039,3.82727012122,0.357272987878,0.74,768.86,71.1388888889,3.82727012122,2.39808173319e-14,2.83217988971
1040,3.82706832398,0.357293167602,0.74,769.6,71.1111111111,3.82706832398,3.37507799486e-14,2.83203055974
1041,3.82686652967,0.357313347033,0.74,770.34,71.0833333333,3.82686652967,7.1054273576e-14,2.83188123195
1042,3.82666473827,0.357333526173,0.74,771.08,71.0555555556,3.82666473827,4.35207425653e-14,2.83173190632
1043,3.82646294977,0.357353705023,0.74,771.82,71.0277777778,3.82646294977,2.93098878501e-14,2.83158258283
1044,3.82626116414,0.357373883586,0.74,772.56,71,3.82626116414,7.1054273576e-14,2.83143326147
1045,3.82605938136,0.357394061864,0.74,773.3,70.9722222222,3.82605938136,3.59712259979e-14,2.83128394221
1046,3.8258576014,0.35741423986,0.74,774.04,70.9444444444,3.8258576014,3.81916720471e-14,2.83113462504
1047,3.82565582425,0.357434417575,0.74,774.78,70.9166666667,3.82565582425,4.26325641456e-14,2.83098530994
1048,3.82545404988,0.357454595012,0.74,775.52,70.8888888889,3.82545404988,6.17284001692e-14,2.83083599691
1049,3.82525227826,0.357474772174,0.74,776.26,70.8611111111,3.82525227826,3.68594044176e-14,2.83068668591
1050,3.82505050938,0.357494949062,0.74,777,70.8333333333,3.82505050938,6.97220059465e-14,2.83053737694
1051,3.82484874322,0.357515125678,0.74,777.74,70.8055555556,3.82484874322,4.84057238737e-14,2.83038806998
1052,3.82464697976,0.357535302024,0.74,778.48,70.7777777778,3.82464697976,4.70734562441e-14,2.83023876502
1053,3.82444521896,0.357555478104,0.74,779.22,70.75,3.82444521896,3.46389583683e-14,2.83008946203
1054,3.82424346082,0.357575653918,0.74,779.96,70.7222222222,3.82424346082,5.06261699229e-14,2.82994016101
1055,3.82404170531,0.357595829469,0.74,780.7,70.6944444444,3.82404170531,3.01980662698e-14,2.82979086193
1056,3.82383995241,0.357616004759,0.74,781.44,70.6666666667,3.82383995241,5.86197757002e-14,2.82964156478
1057,3.8236382021,0.35763617979,0.74,782.18,70.6388888889,3.8236382021,5.77315972805e-14,2.82949226955
1058,3.82343645436,0.357656354564,0.74,782.92,70.6111111111,3.82343645436,4.26325641456e-14,2.82934297623
1059,3.82323470917,0.357676529083,0.74,783.66,70.5833333333,3.82323470917,3.10862446895e-14,2.82919368478
1060,3.82303296651,0.357696703349,0.74,784.4,70.5555555556,3.82303296651,4.7517545454e-14,2.82904439521
1061,3.82283122635,0.357716877365,0.74,785.14,70.5277777778,3.82283122635,2.93098878501e-14,2.8288951075
1062,3.82262948869,0.357737051131,0.74,785.88,70.5,3.82262948869,3.41948691585e-14,2.82874582163
1063,3.82242775349,0.357757224651,0.74,786.62,70.4722222222,3.82242775349,6.08402217495e-14,2.82859653758
1064,3.82222602074,0.357777397926,0.74,787.36,70.4444444444,3.82222602074,2.04281036531e-14,2.82844725535
1065,3.82202429043,0.357797570957,0.74,788.1,70.4166666667,3.82202429043,2.53130849615e-14,2.82829797492
1066,3.82182256252,0.357817743748,0.74,788.84,70.3888888889,3.82182256252,6.61692922677e-14,2.82814869627
1067,3.82162083701,0.357837916299,0.74,789.58,70.3611111111,3.82162083701,4.92939022934e-14,2.82799941939
1068,3.82141911387,0.357858088613,0.74,790.32,70.3333333333,3.82141911387,4.26325641456e-14,2.82785014426
1069,3.82121739308,0.357878260692,0.74,791.06,70.3055555556,3.82121739308,5.28466159722e-14,2.82770087088
1070,3.82101567463,0.357898432537,0.74,791.8,70.2777777778,3.82101567463,2.04281036531e-14,2.82755159922
1071,3.82081395849,0.357918604151,0.74,792.54,70.25,3.82081395849,5.15143483426e-14,2.82740232928
1072,3.82061224465,0.357938775535,0.74,793.28,70.2222222222,3.82061224465,3.90798504668e-14,2.82725306104
1073,3.82041053309,0.357958946691,0.74,794.02,70.1944444444,3.82041053309,3.99680288865e-14,2.82710379449
1074,3.82020882379,0.357979117621,0.74,794.76,70.1666666667,3.82020882379,4.04121180964e-14,2.82695452961
1075,3.82000711674,0.357999288326,0.74,795.5,70.1388888889,3.82000711674,4.26325641456e-14,2.82680526638
1076,3.8198054119,0.35801945881,0.74,796.24,70.1111111111,3.8198054119,6.35047570086e-14,2.82665600481
1077,3.81960370928,0.358039629072,0.74,796.98,70.0833333333,3.81960370928,4.97379915032e-14,2.82650674487
1078,3.81940200884,0.358059799116,0.74,797.72,70.0555555556,3.81940200884,4.30766533555e-14,2.82635748654
1079,3.81920031058,0.358079968942,0.74,798.46,70.0277777778,3.81920031058,4.26325641456e-14,2.82620822983
1080,3.81899861447,0.358100138553,0.74,799.2,70,3.81899861447,2.70894418009e-14,2.82605897471
1081,3.8187969205,0.35812030795,0.74,799.94,69.9722222222,3.8187969205,4.4408920985e-14,2.82590972117
1082,3.81859522864,0.358140477136,0.74,800.68,69.9444444444,3.81859522864,3.5527136788e-14,2.8257604692
1083,3.81839353889,0.358160646111,0.74,801.42,69.9166666667,3.81839353889,3.41948691585e-14,2.82561121878
1084,3.81819185123,0.358180814877,0.74,802.16,69.8888888889,3.81819185123,2.44249065418e-14,2.82546196991
1085,3.81799016563,0.358200983437,0.74,802.9,69.8611111111,3.81799016563,5.19584375525e-14,2.82531272256
1086,3.81778848208,0.358221151792,0.74,803.64,69.8333333333,3.81778848208,5.55111512313e-14,2.82516347674
1087,3.81758680057,0.358241319943,0.74,804.38,69.8055555556,3.81758680057,3.06421554797e-14,2.82501423242
1088,3.81738512108,0.358261487892,0.74,805.12,69.7777777778,3.81738512108,6.5281113848e-14,2.8248649896
1089,3.81718344359,0.358281655641,0.74,805.86,69.75,3.81718344359,4.57411886146e-14,2.82471574826
1090,3.81698176808,0.358301823192,0.74,806.6,69.7222222222,3.81698176808,3.33066907388e-14,2.82456650838
1091,3.81678009455,0.358321990545,0.74,807.34,69.6944444444,3.81678009455,2.93098878501e-14,2.82441726997
1092,3.81657842297,0.358342157703,0.74,808.08,69.6666666667,3.81657842297,3.64153152077e-14,2.82426803299
1093,3.81637675332,0.358362324668,0.74,808.82,69.6388888889,3.81637675332,2.53130849615e-14,2.82411879746
1094,3.8161750856,0.35838249144,0.74,809.56,69.6111111111,3.8161750856,2.0872192863e-14,2.82396956334
1095,3.81597341978,0.358402658022,0.74,810.3,69.5833333333,3.81597341978,4.4408920985e-14,2.82382033064
1096,3.81577175585,0.358422824415,0.74,811.04,69.5555555556,3.81577175585,2.75335310107e-14,2.82367109933
1097,3.8155700938,0.35844299062,0.74,811.78,69.5277777778,3.8155700938,3.68594044176e-14,2.82352186941
1098,3.81536843361,0.358463156639,0.74,812.52,69.5,3.81536843361,4.97379915032e-14,2.82337264087
1099,3.81516677526,0.358483322474,0.74,813.26,69.4722222222,3.81516677526,6.12843109593e-14,2.82322341369
1100,3.81496511874,0.358503488126,0.74,814,69.4444444444,3.81496511874,3.33066907388e-14,2.82307418787
1101,3.81476346403,0.358523653597,0.74,814.74,69.4166666667,3.81476346403,5.68434188608e-14,2.82292496338
1102,3.81456181112,0.358543818888,0.74,815.48,69.3888888889,3.81456181112,1.68753899743e-14,2.82277574023
1103,3.81436016,0.358563984,0.74,816.22,69.3611111111,3.81436016,4.17443857259e-14,2.8226265184
1104,3.81415851064,0.358584148936,0.74,816.96,69.3333333333,3.81415851064,4.97379915032e-14,2.82247729787
1105,3.81395686304,0.358604313696,0.74,817.7,69.3055555556,3.81395686304,3.15303338994e-14,2.82232807865
1106,3.81375521718,0.358624478282,0.74,818.44,69.2777777778,3.81375521718,1.99840144433e-14,2.82217886071
1107,3.81355357304,0.358644642696,0.74,819.18,69.25,3.81355357304,6.48370246381e-14,2.82202964405
1108,3.81335193061,0.358664806939,0.74,819.92,69.2222222222,3.81335193061,2.6645352591e-14,2.82188042865
1109,3.81315028988,0.358684971012,0.74,820.66,69.1944444444,3.81315028988,3.73034936274e-14,2.82173121451
1110,3.81294865083,0.358705134917,0.74,821.4,69.1666666667,3.81294865083,3.90798504668e-14,2.82158200162
1111,3.81274701345,0.358725298655,0.74,822.14,69.1388888889,3.81274701345,4.39648317752e-14,2.82143278996
1112,3.81254537773,0.358745462227,0.74,822.88,69.1111111111,3.81254537773,1.33226762955e-14,2.82128357952
1113,3.81234374364,0.358765625636,0.74,823.62,69.0833333333,3.81234374364,3.59712259979e-14,2.82113437029
1114,3.81214211118,0.358785788882,0.74,824.36,69.0555555556,3.81214211118,3.5527136788e-14,2.82098516227
1115,3.81194048033,0.358805951967,0.74,825.1,69.0277777778,3.81194048033,5.81756864904e-14,2.82083595545
1116,3.81173885108,0.358826114892,0.74,825.84,69,3.81173885108,1.33226762955e-14,2.8206867498
1117,3.81153722342,0.358846277658,0.74,826.58,68.9722222222,3.81153722342,4.57411886146e-14,2.82053754533
1118,3.81133559733,0.358866440267,0.74,827.32,68.9444444444,3.81133559733,4.7517545454e-14,2.82038834202
1119,3.8111339728,0.35888660272,0.74,828.06,68.9166666667,3.8111339728,3.06421554797e-14,2.82023913987
1120,3.81093234981,0.358906765019,0.74,828.8,68.8888888889,3.81093234981,6.57252030578e-14,2.82008993886
1121,3.81073072835,0.358926927165,0.74,829.54,68.8611111111,3.81073072835,2.93098878501e-14,2.81994073898
1122,3.81052910841,0.358947089159,0.74,830.28,68.8333333333,3.81052910841,2.53130849615e-14,2.81979154023
1123,3.81032748998,0.358967251002,0.74,831.02,68.8055555556,3.81032748998,4.70734562441e-14,2.81964234259
1124,3.81012587304,0.358987412696,0.74,831.76,68.7777777778,3.81012587304,3.10862446895e-14,2.81949314605
1125,3.80992425758,0.359007574242,0.74,832.5,68.75,3.80992425758,2.62012633812e-14,2.81934395061
1126,3.80972264359,0.359027735641,0.74,833.24,68.7222222222,3.80972264359,5.46229728116e-14,2.81919475626
1127,3.80952103106,0.359047896894,0.74,833.98,68.6944444444,3.80952103106,4.88498130835e-14,2.81904556298
1128,3.80931941996,0.359068058004,0.74,834.72,68.6666666667,3.80931941996,-2.22044604925e-15,2.81889637077
1129,3.8091178103,0.35908821897,0.74,835.46,68.6388888889,3.8091178103,5.55111512313e-14,2.81874717962
1130,3.80891620205,0.359108379795,0.74,836.2,68.6111111111,3.80891620205,3.46389583683e-14,2.81859798951
1131,3.8087145952,0.35912854048,0.74,836.94,68.5833333333,3.8087145952,-3.99680288865e-15,2.81844880045
1132,3.80851298975,0.359148701025,0.74,837.68,68.5555555556,3.80851298975,2.53130849615e-14,2.81829961242
1133,3.80831138568,0.359168861432,0.74,838.42,68.5277777778,3.80831138568,3.06421554797e-14,2.8181504254
1134,3.80810978298,0.359189021702,0.74,839.16,68.5,3.80810978298,2.79776202206e-14,2.8180012394
1135,3.80790818163,0.359209181837,0.74,839.9,68.4722222222,3.80790818163,2.48689957516e-14,2.81785205441
1136,3.80770658163,0.359229341837,0.74,840.64,68.4444444444,3.80770658163,5.15143483426e-14,2.8177028704
1137,3.80750498295,0.359249501705,0.74,841.38,68.4166666667,3.80750498295,4.04121180964e-14,2.81755368739
1138,3.8073033856,0.35926966144,0.74,842.12,68.3888888889,3.8073033856,3.28626015289e-14,2.81740450535
1139,3.80710178956,0.359289821044,0.74,842.86,68.3611111111,3.80710178956,2.6645352591e-14,2.81725532428
1140,3.80690019482,0.359309980518,0.74,843.6,68.3333333333,3.80690019482,4.17443857259e-14,2.81710614416
1141,3.80669860136,0.359330139864,0.74,844.34,68.3055555556,3.80669860136,2.70894418009e-14,2.816956965
1142,3.80649700917,0.359350299083,0.74,845.08,68.2777777778,3.80649700917,6.12843109593e-14,2.81680778679
1143,3.80629541825,0.359370458175,0.74,845.82,68.25,3.80629541825,1.33226762955e-14,2.8166586095
1144,3.80609382857,0.359390617143,0.74,846.56,68.2222222222,3.80609382857,2.17603712827e-14,2.81650943314
1145,3.80589224014,0.359410775986,0.74,847.3,68.1944444444,3.80589224014,6.79456491071e-14,2.8163602577
1146,3.80569065294,0.359430934706,0.74,848.04,68.1666666667,3.80569065294,3.37507799486e-14,2.81621108317
1147,3.80548906695,0.359451093305,0.74,848.78,68.1388888889,3.80548906695,1.55431223448e-14,2.81606190954
1148,3.80528748217,0.359471251783,0.74,849.52,68.1111111111,3.80528748217,6.03961325396e-14,2.8159127368
1149,3.80508589858,0.359491410142,0.74,850.26,68.0833333333,3.80508589858,6.12843109593e-14,2.81576356495
1150,3.80488431618,0.359511568382,0.74,851,68.0555555556,3.80488431618,3.19744231092e-14,2.81561439397
1151,3.80468273495,0.359531726505,0.74,851.74,68.0277777778,3.80468273495,2.75335310107e-14,2.81546522387
1152,3.80448115489,0.359551884511,0.74,852.48,68,3.80448115489,2.75335310107e-14,2.81531605462
1153,3.80427957597,0.359572042403,0.74,853.22,67.9722222222,3.80427957597,1.86517468137e-14,2.81516688622
1154,3.8040779982,0.35959220018,0.74,853.96,67.9444444444,3.8040779982,2.70894418009e-14,2.81501771867
1155,3.80387642156,0.359612357844,0.74,854.7,67.9166666667,3.80387642156,2.88657986403e-14,2.81486855195
1156,3.80367484604,0.359632515396,0.74,855.44,67.8888888889,3.80367484604,3.50830475782e-14,2.81471938607
1157,3.80347327162,0.359652672838,0.74,856.18,67.8611111111,3.80347327162,3.73034936274e-14,2.814570221
1158,3.80327169831,0.359672830169,0.74,856.92,67.8333333333,3.80327169831,2.93098878501e-14,2.81442105675
1159,3.80307012608,0.359692987392,0.74,857.66,67.8055555556,3.80307012608,4.35207425653e-14,2.8142718933
1160,3.80286855494,0.359713144506,0.74,858.4,67.7777777778,3.80286855494,2.84217094304e-14,2.81412273065
1161,3.80266698486,0.359733301514,0.74,859.14,67.75,3.80266698486,5.19584375525e-14,2.81397356879
1162,3.80246541584,0.359753458416,0.74,859.88,67.7222222222,3.80246541584,4.30766533555e-14,2.81382440772
1163,3.80226384786,0.359773615214,0.74,860.62,67.6944444444,3.80226384786,4.88498130835e-14,2.81367524742
1164,3.80206228093,0.359793771907,0.74,861.36,67.6666666667,3.80206228093,3.10862446895e-14,2.81352608789
1165,3.80186071502,0.359813928498,0.74,862.1,67.6388888889,3.80186071502,4.17443857259e-14,2.81337692911
1166,3.80165915013,0.359834084987,0.74,862.84,67.6111111111,3.80165915013,4.61852778244e-14,2.81322777109
1167,3.80145758624,0.359854241376,0.74,863.58,67.5833333333,3.80145758624,4.04121180964e-14,2.81307861382
1168,3.80125602336,0.359874397664,0.74,864.32,67.5555555556,3.80125602336,2.13162820728e-14,2.81292945729
1169,3.80105446146,0.359894553854,0.74,865.06,67.5277777778,3.80105446146,3.95239396767e-14,2.81278030148
1170,3.80085290055,0.359914709945,0.74,865.8,67.5,3.80085290055,3.41948691585e-14,2.8126311464
1171,3.8006513406,0.35993486594,0.74,866.54,67.4722222222,3.8006513406,2.6645352591e-14,2.81248199204
1172,3.80044978161,0.359955021839,0.74,867.28,67.4444444444,3.80044978161,3.59712259979e-14,2.81233283839
1173,3.80024822356,0.359975177644,0.74,868.02,67.4166666667,3.80024822356,2.17603712827e-14,2.81218368544
1174,3.80004666646,0.359995333354,0.74,868.76,67.3888888889,3.80004666646,5.50670620214e-14,2.81203453318
1175,3.79984511029,0.360015488971,0.74,869.5,67.3611111111,3.79984511029,3.19744231092e-14,2.81188538162
1176,3.79964355505,0.360035644495,0.74,870.24,67.3333333333,3.79964355505,-1.33226762955e-14,2.81173623073
1177,3.79944200071,0.360055799929,0.74,870.98,67.3055555556,3.79944200071,6.17284001692e-14,2.81158708052
1178,3.79924044727,0.360075955273,0.74,871.72,67.2777777778,3.79924044728,2.48689957516e-14,2.81143793098
1179,3.79903889473,0.360096110527,0.74,872.46,67.25,3.79903889473,3.64153152077e-14,2.8112887821
1180,3.79883734308,0.360116265692,0.74,873.2,67.2222222222,3.79883734308,5.10702591328e-14,2.81113963388
1181,3.7986357923,0.36013642077,0.74,873.94,67.1944444444,3.7986357923,1.64313007645e-14,2.8109904863
1182,3.79843424238,0.360156575762,0.74,874.68,67.1666666667,3.79843424238,-1.42108547152e-14,2.81084133936
1183,3.79823269332,0.360176730668,0.74,875.42,67.1388888889,3.79823269332,3.33066907388e-14,2.81069219306
1184,3.79803114511,0.360196885489,0.74,876.16,67.1111111111,3.79803114511,2.57571741713e-14,2.81054304738
1185,3.79782959774,0.360217040226,0.74,876.9,67.0833333333,3.79782959774,1.99840144433e-14,2.81039390233
1186,3.7976280512,0.36023719488,0.74,877.64,67.0555555556,3.7976280512,3.33066907388e-14,2.81024475788
1187,3.79742650547,0.360257349453,0.74,878.38,67.0277777778,3.79742650547,4.70734562441e-14,2.81009561405
1188,3.79722496057,0.360277503943,0.74,879.12,67,3.79722496057,2.79776202206e-14,2.80994647082
1189,3.79702341646,0.360297658354,0.74,879.86,66.9722222222,3.79702341646,5.06261699229e-14,2.80979732818
1190,3.79682187315,0.360317812685,0.74,880.6,66.9444444444,3.79682187315,3.06421554797e-14,2.80964818613
1191,3.79662033063,0.360337966937,0.74,881.34,66.9166666667,3.79662033063,1.73194791842e-14,2.80949904466
1192,3.79641878888,0.360358121112,0.74,882.08,66.8888888889,3.79641878888,1.55431223448e-14,2.80934990377
1193,3.7962172479,0.36037827521,0.74,882.82,66.8611111111,3.7962172479,2.0872192863e-14,2.80920076345
1194,3.79601570768,0.360398429232,0.74,883.56,66.8333333333,3.79601570768,3.95239396767e-14,2.80905162369
1195,3.79581416822,0.360418583178,0.74,884.3,66.8055555556,3.79581416822,1.02140518266e-14,2.80890248448
1196,3.7956126295,0.36043873705,0.74,885.04,66.7777777778,3.7956126295,2.48689957516e-14,2.80875334583
1197,3.79541109151,0.360458890849,0.74,885.78,66.75,3.79541109151,2.04281036531e-14,2.80860420772
1198,3.79520955425,0.360479044575,0.74,886.52,66.7222222222,3.79520955425,2.84217094304e-14,2.80845507014
1199,3.79500801771,0.360499198229,0.74,887.26,66.6944444444,3.79500801771,3.99680288865e-14,2.8083059331
1200,3.79480648187,0.360519351813,0.74,888,66.6666666667,3.79480648187,2.57571741713e-14,2.80815679659
1201,3.79460494674,0.360539505326,0.74,888.74,66.6388888889,3.79460494674,2.84217094304e-14,2.80800766059
1202,3.79440341231,0.360559658769,0.74,889.48,66.6111111111,3.79440341231,4.04121180964e-14,2.80785852511
1203,3.79420187856,0.360579812144,0.74,890.22,66.5833333333,3.79420187856,3.90798504668e-14,2.80770939013
1204,3.79400034548,0.360599965452,0.74,890.96,66.5555555556,3.79400034548,1.11022302463e-14,2.80756025566
1205,3.79379881308,0.360620118692,0.74,891.7,66.5277777778,3.79379881308,3.64153152077e-14,2.80741112168
1206,3.79359728133,0.360640271867,0.74,892.44,66.5,3.79359728133,3.50830475782e-14,2.80726198818
1207,3.79339575024,0.360660424976,0.74,893.18,66.4722222222,3.79339575024,1.90958360236e-14,2.80711285518
1208,3.79319421979,0.360680578021,0.74,893.92,66.4444444444,3.79319421979,3.81916720471e-14,2.80696372265
1209,3.79299268998,0.360700731002,0.74,894.66,66.4166666667,3.79299268998,7.54951656745e-15,2.80681459059
1210,3.7927911608,0.36072088392,0.74,895.4,66.3888888889,3.7927911608,1.90958360236e-14,2.80666545899
1211,3.79258963224,0.360741036776,0.74,896.14,66.3611111111,3.79258963224,2.84217094304e-14,2.80651632786
1212,3.7923881043,0.36076118957,0.74,896.88,66.3333333333,3.7923881043,5.59552404411e-14,2.80636719718
1213,3.79218657696,0.360781342304,0.74,897.62,66.3055555556,3.79218657696,4.17443857259e-14,2.80621806695
1214,3.79198505022,0.360801494978,0.74,898.36,66.2777777778,3.79198505022,1.59872115546e-14,2.80606893716
1215,3.79178352406,0.360821647594,0.74,899.1,66.25,3.79178352406,4.17443857259e-14,2.80591980781
1216,3.79158199849,0.360841800151,0.74,899.84,66.2222222222,3.79158199849,1.7763568394e-14,2.80577067888
1217,3.7913804735,0.36086195265,0.74,900.58,66.1944444444,3.7913804735,1.33226762955e-14,2.80562155039
1218,3.79117894907,0.360882105093,0.74,901.32,66.1666666667,3.79117894907,1.99840144433e-14,2.80547242231
1219,3.7909774252,0.36090225748,0.74,902.06,66.1388888889,3.7909774252,2.93098878501e-14,2.80532329465
1220,3.79077590188,0.360922409812,0.74,902.8,66.1111111111,3.79077590188,8.43769498715e-15,2.80517416739
1221,3.79057437911,0.360942562089,0.74,903.54,66.0833333333,3.79057437911,3.90798504668e-14,2.80502504054
1222,3.79037285687,0.360962714313,0.74,904.28,66.0555555556,3.79037285687,3.59712259979e-14,2.80487591408
1223,3.79017133516,0.360982866484,0.74,905.02,66.0277777778,3.79017133516,2.53130849615e-14,2.80472678802
1224,3.78996981398,0.361003018602,0.74,905.76,66,3.78996981398,9.32587340685e-15,2.80457766234
1225,3.78976829331,0.361023170669,0.74,906.5,65.9722222222,3.78976829331,1.59872115546e-14,2.80442853705
1226,3.78956677314,0.361043322686,0.74,907.24,65.9444444444,3.78956677314,1.73194791842e-14,2.80427941212
1227,3.78936525347,0.361063474653,0.74,907.98,65.9166666667,3.78936525347,7.19424519957e-14,2.80413028757
1228,3.7891637343,0.36108362657,0.74,908.72,65.8888888889,3.7891637343,3.37507799486e-14,2.80398116338
1229,3.78896221561,0.361103778439,0.74,909.46,65.8611111111,3.78896221561,1.59872115546e-14,2.80383203955
1230,3.7887606974,0.36112393026,0.74,910.2,65.8333333333,3.7887606974,4.13002965161e-14,2.80368291608
1231,3.78855917966,0.361144082034,0.74,910.94,65.8055555556,3.78855917966,4.7517545454e-14,2.80353379295
1232,3.78835766238,0.361164233762,0.74,911.68,65.7777777778,3.78835766238,2.26485497024e-14,2.80338467016
1233,3.78815614556,0.361184385444,0.74,912.42,65.75,3.78815614556,-1.64313007645e-14,2.80323554771
1234,3.78795462918,0.361204537082,0.74,913.16,65.7222222222,3.78795462918,2.75335310107e-14,2.80308642559
1235,3.78775311325,0.361224688675,0.74,913.9,65.6944444444,3.78775311325,1.95399252334e-14,2.8029373038
1236,3.78755159775,0.361244840225,0.74,914.64,65.6666666667,3.78755159775,1.99840144433e-14,2.80278818233
1237,3.78735008268,0.361264991732,0.74,915.38,65.6388888889,3.78735008268,2.79776202206e-14,2.80263906118
1238,3.78714856802,0.361285143198,0.74,916.12,65.6111111111,3.78714856802,3.59712259979e-14,2.80248994034
1239,3.78694705378,0.361305294622,0.74,916.86,65.5833333333,3.78694705378,2.6645352591e-15,2.8023408198
1240,3.78674553995,0.361325446005,0.74,917.6,65.5555555556,3.78674553995,2.39808173319e-14,2.80219169956
1241,3.78654402651,0.361345597349,0.74,918.34,65.5277777778,3.78654402651,1.68753899743e-14,2.80204257962
1242,3.78634251347,0.361365748653,0.74,919.08,65.5,3.78634251347,3.41948691585e-14,2.80189345997
1243,3.78614100081,0.361385899919,0.74,919.82,65.4722222222,3.78614100081,8.43769498715e-15,2.8017443406
1244,3.78593948853,0.361406051147,0.74,920.56,65.4444444444,3.78593948853,5.3290705182e-15,2.80159522151
1245,3.78573797662,0.361426202338,0.74,921.3,65.4166666667,3.78573797662,2.53130849615e-14,2.8014461027
1246,3.78553646507,0.361446353493,0.74,922.04,65.3888888889,3.78553646507,6.26165785889e-14,2.80129698415
1247,3.78533495388,0.361466504612,0.74,922.78,65.3611111111,3.78533495388,1.28785870857e-14,2.80114786587
1248,3.78513344304,0.361486655696,0.74,923.52,65.3333333333,3.78513344304,2.26485497024e-14,2.80099874785
1249,3.78493193254,0.361506806746,0.74,924.26,65.3055555556,3.78493193254,2.57571741713e-14,2.80084963008
1250,3.78473042238,0.361526957762,0.74,925,65.2777777778,3.78473042238,3.41948691585e-14,2.80070051256
1251,3.78452891255,0.361547108745,0.74,925.74,65.25,3.78452891255,1.86517468137e-14,2.80055139529
1252,3.78432740304,0.361567259696,0.74,926.48,65.2222222222,3.78432740304,-3.99680288865e-15,2.80040227825
1253,3.78412589384,0.361587410616,0.74,927.22,65.1944444444,3.78412589384,2.93098878501e-14,2.80025316144
1254,3.78392438496,0.361607561504,0.74,927.96,65.1666666667,3.78392438496,2.75335310107e-14,2.80010404487
1255,3.78372287637,0.361627712363,0.74,928.7,65.1388888889,3.78372287637,-4.4408920985e-16,2.79995492852
1256,3.78352136809,0.361647863191,0.74,929.44,65.1111111111,3.78352136809,4.4408920985e-16,2.79980581238
1257,3.78331986009,0.361668013991,0.74,930.18,65.0833333333,3.78331986009,1.33226762955e-14,2.79965669646
1258,3.78311835237,0.361688164763,0.74,930.92,65.0555555556,3.78311835237,9.7699626167e-15,2.79950758075
1259,3.78291684493,0.361708315507,0.74,931.66,65.0277777778,3.78291684493,3.10862446895e-14,2.79935846524
1260,3.78271533775,0.361728466225,0.74,932.4,65,3.78271533775,1.95399252334e-14,2.79920934994
1261,3.78251383084,0.361748616916,0.74,933.14,64.9722222222,3.78251383084,1.73194791842e-14,2.79906023482
1262,3.78231232418,0.361768767582,0.74,933.88,64.9444444444,3.78231232418,2.17603712827e-14,2.79891111989
1263,3.78211081777,0.361788918223,0.74,934.62,64.9166666667,3.78211081777,1.46549439251e-14,2.79876200515
1264,3.7819093116,0.36180906884,0.74,935.36,64.8888888889,3.7819093116,1.95399252334e-14,2.79861289059
1265,3.78170780567,0.361829219433,0.74,936.1,64.8611111111,3.78170780567,1.68753899743e-14,2.7984637762
1266,3.78150629996,0.361849370004,0.74,936.84,64.8333333333,3.78150629996,2.22044604925e-14,2.79831466197
1267,3.78130479448,0.361869520552,0.74,937.58,64.8055555556,3.78130479448,1.15463194561e-14,2.79816554792
1268,3.78110328921,0.361889671079,0.74,938.32,64.7777777778,3.78110328921,2.44249065418e-14,2.79801643402
1269,3.78090178416,0.361909821584,0.74,939.06,64.75,3.78090178416,2.75335310107e-14,2.79786732027
1270,3.7807002793,0.36192997207,0.74,939.8,64.7222222222,3.7807002793,2.57571741713e-14,2.79771820668
1271,3.78049877464,0.361950122536,0.74,940.54,64.6944444444,3.78049877464,4.88498130835e-15,2.79756909323
1272,3.78029727016,0.361970272984,0.74,941.28,64.6666666667,3.78029727016,1.82076576039e-14,2.79741997992
1273,3.78009576587,0.361990423413,0.74,942.02,64.6388888889,3.78009576587,4.21884749358e-14,2.79727086675
1274,3.77989426176,0.362010573824,0.74,942.76,64.6111111111,3.77989426176,3.10862446895e-15,2.7971217537
1275,3.77969275781,0.362030724219,0.74,943.5,64.5833333333,3.77969275781,3.77475828373e-14,2.79697264078
1276,3.77949125403,0.362050874597,0.74,944.24,64.5555555556,3.77949125403,3.19744231092e-14,2.79682352798
1277,3.7792897504,0.36207102496,0.74,944.98,64.5277777778,3.7792897504,2.30926389122e-14,2.7966744153
1278,3.77908824692,0.362091175308,0.74,945.72,64.5,3.77908824692,2.62012633812e-14,2.79652530272
1279,3.77888674359,0.362111325641,0.74,946.46,64.4722222222,3.77888674359,3.50830475782e-14,2.79637619026
1280,3.77868524039,0.362131475961,0.74,947.2,64.4444444444,3.77868524039,1.99840144433e-14,2.79622707789
1281,3.77848373732,0.362151626268,0.74,947.94,64.4166666667,3.77848373732,4.48530101949e-14,2.79607796562
1282,3.77828223438,0.362171776562,0.74,948.68,64.3888888889,3.77828223438,5.77315972805e-15,2.79592885344
1283,3.77808073155,0.362191926845,0.74,949.42,64.3611111111,3.77808073155,3.28626015289e-14,2.79577974135
1284,3.77787922884,0.362212077116,0.74,950.16,64.3333333333,3.77787922884,6.2172489379e-14,2.79563062934
1285,3.77767772622,0.362232227378,0.74,950.9,64.3055555556,3.77767772622,3.33066907388e-14,2.7954815174
1286,3.77747622371,0.362252377629,0.74,951.64,64.2777777778,3.77747622371,3.5527136788e-15,2.79533240554
1287,3.77727472128,0.362272527872,0.74,952.38,64.25,3.77727472128,3.37507799486e-14,2.79518329375
1288,3.77707321894,0.362292678106,0.74,953.12,64.2222222222,3.77707321894,1.82076576039e-14,2.79503418202
1289,3.77687171668,0.362312828332,0.74,953.86,64.1944444444,3.77687171668,-5.3290705182e-15,2.79488507035
1290,3.77667021449,0.362332978551,0.74,954.6,64.1666666667,3.77667021449,3.37507799486e-14,2.79473595873
1291,3.77646871237,0.362353128763,0.74,955.34,64.1388888889,3.77646871237,3.41948691585e-14,2.79458684715
1292,3.7762672103,0.36237327897,0.74,956.08,64.1111111111,3.7762672103,1.33226762955e-14,2.79443773562
1293,3.77606570829,0.362393429171,0.74,956.82,64.0833333333,3.77606570829,-1.1990408666e-14,2.79428862414
1294,3.77586420632,0.362413579368,0.74,957.56,64.0555555556,3.77586420632,3.33066907388e-14,2.79413951268
1295,3.7756627044,0.36243372956,0.74,958.3,64.0277777778,3.7756627044,2.48689957516e-14,2.79399040125
1296,3.7754612025,0.36245387975,0.74,959.04,64,3.7754612025,1.02140518266e-14,2.79384128985
1297,3.77525970063,0.362474029937,0.74,959.78,63.9722222222,3.77525970063,3.59712259979e-14,2.79369217847
1298,3.77505819878,0.362494180122,0.74,960.52,63.9444444444,3.77505819878,5.77315972805e-15,2.7935430671
1299,3.77485669695,0.362514330305,0.74,961.26,63.9166666667,3.77485669695,-7.54951656745e-15,2.79339395574
1300,3.77465519512,0.362534480488,0.74,962,63.8888888889,3.77465519512,1.06581410364e-14,2.79324484439
1301,3.77445369329,0.362554630671,0.74,962.74,63.8611111111,3.77445369329,1.64313007645e-14,2.79309573304
1302,3.77425219146,0.362574780854,0.74,963.48,63.8333333333,3.77425219146,-7.1054273576e-15,2.79294662168
1303,3.77405068962,0.362594931038,0.74,964.22,63.8055555556,3.77405068962,3.19744231092e-14,2.79279751032
1304,3.77384918775,0.362615081225,0.74,964.96,63.7777777778,3.77384918775,2.53130849615e-14,2.79264839894
1305,3.77364768586,0.362635231414,0.74,965.7,63.75,3.77364768586,1.7763568394e-15,2.79249928754
1306,3.77344618394,0.362655381606,0.74,966.44,63.7222222222,3.77344618394,1.64313007645e-14,2.79235017612
1307,3.77324468198,0.362675531802,0.74,967.18,63.6944444444,3.77324468198,3.41948691585e-14,2.79220106467
1308,3.77304317998,0.362695682002,0.74,967.92,63.6666666667,3.77304317998,-1.33226762955e-14,2.79205195318
1309,3.77284167792,0.362715832208,0.74,968.66,63.6388888889,3.77284167792,2.79776202206e-14,2.79190284166
1310,3.77264017581,0.362735982419,0.74,969.4,63.6111111111,3.77264017581,2.22044604925e-14,2.7917537301
1311,3.77243867363,0.362756132637,0.74,970.14,63.5833333333,3.77243867363,2.75335310107e-14,2.79160461849
1312,3.77223717138,0.362776282862,0.74,970.88,63.5555555556,3.77223717138,8.881784197e-15,2.79145550682
1313,3.77203566906,0.362796433094,0.74,971.62,63.5277777778,3.77203566906,4.04121180964e-14,2.7913063951
1314,3.77183416665,0.362816583335,0.74,972.36,63.5,3.77183416665,1.73194791842e-14,2.79115728332
1315,3.77163266415,0.362836733585,0.74,973.1,63.4722222222,3.77163266415,-1.33226762955e-15,2.79100817147
1316,3.77143116155,0.362856883845,0.74,973.84,63.4444444444,3.77143116155,3.46389583683e-14,2.79085905955
1317,3.77122965885,0.362877034115,0.74,974.58,63.4166666667,3.77122965885,-8.881784197e-16,2.79070994755
1318,3.77102815604,0.362897184396,0.74,975.32,63.3888888889,3.77102815604,9.7699626167e-15,2.79056083547
1319,3.77082665312,0.362917334688,0.74,976.06,63.3611111111,3.77082665312,7.54951656745e-15,2.79041172331
1320,3.77062515007,0.362937484993,0.74,976.8,63.3333333333,3.77062515007,-2.0872192863e-14,2.79026261105
1321,3.77042364689,0.362957635311,0.74,977.54,63.3055555556,3.77042364689,1.68753899743e-14,2.7901134987
1322,3.77022214357,0.362977785643,0.74,978.28,63.2777777778,3.77022214357,3.01980662698e-14,2.78996438624
1323,3.77002064011,0.362997935989,0.74,979.02,63.25,3.77002064011,3.41948691585e-14,2.78981527368
1324,3.7698191365,0.36301808635,0.74,979.76,63.2222222222,3.7698191365,1.7763568394e-15,2.78966616101
1325,3.76961763274,0.363038236726,0.74,980.5,63.1944444444,3.76961763274,3.90798504668e-14,2.78951704823
1326,3.76941612881,0.363058387119,0.74,981.24,63.1666666667,3.76941612881,1.11022302463e-14,2.78936793532
1327,3.76921462471,0.363078537529,0.74,981.98,63.1388888889,3.76921462471,-4.4408920985e-16,2.78921882229
1328,3.76901312044,0.363098687956,0.74,982.72,63.1111111111,3.76901312044,4.4408920985e-14,2.78906970913
1329,3.76881161599,0.363118838401,0.74,983.46,63.0833333333,3.76881161599,1.7763568394e-15,2.78892059583
1330,3.76861011134,0.363138988866,0.74,984.2,63.0555555556,3.76861011134,0,2.78877148239
1331,3.7684086065,0.36315913935,0.74,984.94,63.0277777778,3.7684086065,8.881784197e-15,2.78862236881
1332,3.76820710145,0.363179289855,0.74,985.68,63,3.76820710145,1.55431223448e-14,2.78847325508
1333,3.7680055962,0.36319944038,0.74,986.42,62.9722222222,3.7680055962,1.82076576039e-14,2.78832414119
1334,3.76780409073,0.363219590927,0.74,987.16,62.9444444444,3.76780409073,2.22044604925e-15,2.78817502714
1335,3.76760258504,0.363239741496,0.74,987.9,62.9166666667,3.76760258504,2.13162820728e-14,2.78802591293
1336,3.76740107911,0.363259892089,0.74,988.64,62.8888888889,3.76740107911,2.84217094304e-14,2.78787679854
1337,3.76719957295,0.363280042705,0.74,989.38,62.8611111111,3.76719957295,1.73194791842e-14,2.78772768398
1338,3.76699806655,0.363300193345,0.74,990.12,62.8333333333,3.76699806655,-7.1054273576e-15,2.78757856924
1339,3.76679655989,0.363320344011,0.74,990.86,62.8055555556,3.76679655989,1.33226762955e-15,2.78742945432
1340,3.76659505298,0.363340494702,0.74,991.6,62.7777777778,3.76659505298,1.24344978758e-14,2.78728033921
1341,3.7663935458,0.36336064542,0.74,992.34,62.75,3.7663935458,6.66133814775e-15,2.78713122389
1342,3.76619203836,0.363380796164,0.74,993.08,62.7222222222,3.76619203836,3.41948691585e-14,2.78698210838
1343,3.76599053063,0.363400946937,0.74,993.82,62.6944444444,3.76599053063,8.881784197e-15,2.78683299267
1344,3.76578902262,0.363421097738,0.74,994.56,62.6666666667,3.76578902262,-2.22044604925e-15,2.78668387674
1345,3.76558751432,0.363441248568,0.74,995.3,62.6388888889,3.76558751432,2.13162820728e-14,2.7865347606
1346,3.76538600572,0.363461399428,0.74,996.04,62.6111111111,3.76538600572,1.99840144433e-14,2.78638564423
1347,3.76518449681,0.363481550319,0.74,996.78,62.5833333333,3.76518449681,2.88657986403e-14,2.78623652764
1348,3.76498298759,0.363501701241,0.74,997.52,62.5555555556,3.76498298759,5.77315972805e-15,2.78608741082
1349,3.76478147805,0.363521852195,0.74,998.26,62.5277777778,3.76478147805,1.33226762955e-15,2.78593829376
1350,3.76457996819,0.363542003181,0.74,999,62.5,3.76457996819,1.33226762955e-14,2.78578917646
1351,3.76437845799,0.363562154201,0.74,999.74,62.4722222222,3.76437845799,2.0872192863e-14,2.78564005891
1352,3.76417694745,0.363582305255,0.74,1000.48,62.4444444444,3.76417694745,6.66133814775e-15,2.78549094111
1353,3.76397543656,0.363602456344,0.74,1001.22,62.4166666667,3.76397543656,-1.28785870857e-14,2.78534182305
1354,3.76377392531,0.363622607469,0.74,1001.96,62.3888888889,3.76377392531,1.33226762955e-14,2.78519270473
1355,3.76357241371,0.363642758629,0.74,1002.7,62.3611111111,3.76357241371,-2.6645352591e-15,2.78504358614
1356,3.76337090173,0.363662909827,0.74,1003.44,62.3333333333,3.76337090173,-3.06421554797e-14,2.78489446728
1357,3.76316938938,0.363683061062,0.74,1004.18,62.3055555556,3.76316938938,2.13162820728e-14,2.78474534814
1358,3.76296787664,0.363703212336,0.74,1004.92,62.2777777778,3.76296787664,-9.7699626167e-15,2.78459622871
1359,3.76276636351,0.363723363649,0.74,1005.66,62.25,3.76276636351,1.7763568394e-15,2.784447109
1360,3.76256484998,0.363743515002,0.74,1006.4,62.2222222222,3.76256484998,1.24344978758e-14,2.78429798899
1361,3.76236333605,0.363763666395,0.74,1007.14,62.1944444444,3.76236333605,-1.82076576039e-14,2.78414886868
1362,3.7621618217,0.36378381783,0.74,1007.88,62.1666666667,3.7621618217,1.11022302463e-14,2.78399974806
1363,3.76196030694,0.363803969306,0.74,1008.62,62.1388888889,3.76196030694,3.28626015289e-14,2.78385062713
1364,3.76175879174,0.363824120826,0.74,1009.36,62.1111111111,3.76175879174,3.77475828373e-14,2.78370150589
1365,3.76155727611,0.363844272389,0.74,1010.1,62.0833333333,3.76155727611,1.55431223448e-14,2.78355238432
1366,3.76135576004,0.363864423996,0.74,1010.84,62.0555555556,3.76135576004,3.99680288865e-14,2.78340326243
1367,3.76115424351,0.363884575649,0.74,1011.58,62.0277777778,3.76115424351,4.30766533555e-14,2.7832541402
1368,3.76095272653,0.363904727347,0.74,1012.32,62,3.76095272653,1.28785870857e-14,2.78310501763
1369,3.76075120908,0.363924879092,0.74,1013.06,61.9722222222,3.76075120908,1.82076576039e-14,2.78295589472
1370,3.76054969116,0.363945030884,0.74,1013.8,61.9444444444,3.76054969116,1.55431223448e-14,2.78280677146
1371,3.76034817276,0.363965182724,0.74,1014.54,61.9166666667,3.76034817276,-1.59872115546e-14,2.78265764784
1372,3.76014665387,0.363985334613,0.74,1015.28,61.8888888889,3.76014665387,1.55431223448e-14,2.78250852386
1373,3.75994513448,0.364005486552,0.74,1016.02,61.8611111111,3.75994513448,-3.5527136788e-15,2.78235939952
1374,3.75974361459,0.364025638541,0.74,1016.76,61.8333333333,3.75974361459,1.06581410364e-14,2.7822102748
1375,3.75954209419,0.364045790581,0.74,1017.5,61.8055555556,3.75954209419,-3.50830475782e-14,2.7820611497
1376,3.75934057327,0.364065942673,0.74,1018.24,61.7777777778,3.75934057327,1.90958360236e-14,2.78191202422
1377,3.75913905182,0.364086094818,0.74,1018.98,61.75,3.75913905182,1.15463194561e-14,2.78176289835
1378,3.75893752984,0.364106247016,0.74,1019.72,61.7222222222,3.75893752984,5.3290705182e-15,2.78161377208
1379,3.75873600732,0.364126399268,0.74,1020.46,61.6944444444,3.75873600732,2.53130849615e-14,2.78146464541
1380,3.75853448424,0.364146551576,0.74,1021.2,61.6666666667,3.75853448424,6.2172489379e-15,2.78131551834
1381,3.75833296061,0.364166703939,0.74,1021.94,61.6388888889,3.75833296061,-1.15463194561e-14,2.78116639085
1382,3.75813143641,0.364186856359,0.74,1022.68,61.6111111111,3.75813143641,3.99680288865e-15,2.78101726294
1383,3.75792991163,0.364207008837,0.74,1023.42,61.5833333333,3.75792991163,1.86517468137e-14,2.78086813461
1384,3.75772838627,0.364227161373,0.74,1024.16,61.5555555556,3.75772838627,-7.9936057773e-15,2.78071900584
1385,3.75752686032,0.364247313968,0.74,1024.9,61.5277777778,3.75752686032,4.17443857259e-14,2.78056987664
1386,3.75732533378,0.364267466622,0.74,1025.64,61.5,3.75732533378,2.04281036531e-14,2.78042074699
1387,3.75712380662,0.364287619338,0.74,1026.38,61.4722222222,3.75712380662,-1.7763568394e-15,2.7802716169
1388,3.75692227885,0.364307772115,0.74,1027.12,61.4444444444,3.75692227885,6.2172489379e-15,2.78012248635
1389,3.75672075046,0.364327924954,0.74,1027.86,61.4166666667,3.75672075046,3.37507799486e-14,2.77997335534
1390,3.75651922143,0.364348077857,0.74,1028.6,61.3888888889,3.75651922143,2.22044604925e-15,2.77982422386
1391,3.75631769177,0.364368230823,0.74,1029.34,61.3611111111,3.75631769177,-7.9936057773e-15,2.77967509191
1392,3.75611616145,0.364388383855,0.74,1030.08,61.3333333333,3.75611616145,1.15463194561e-14,2.77952595948
1393,3.75591463048,0.364408536952,0.74,1030.82,61.3055555556,3.75591463048,8.881784197e-16,2.77937682656
1394,3.75571309885,0.364428690115,0.74,1031.56,61.2777777778,3.75571309885,-3.06421554797e-14,2.77922769315
1395,3.75551156654,0.364448843346,0.74,1032.3,61.25,3.75551156654,-1.33226762955e-15,2.77907855924
1396,3.75531003354,0.364468996646,0.74,1033.04,61.2222222222,3.75531003354,1.15463194561e-14,2.77892942482
1397,3.75510849986,0.364489150014,0.74,1033.78,61.1944444444,3.75510849986,1.7763568394e-15,2.7787802899
1398,3.75490696548,0.364509303452,0.74,1034.52,61.1666666667,3.75490696548,2.22044604925e-15,2.77863115445
1399,3.75470543038,0.364529456962,0.74,1035.26,61.1388888889,3.75470543038,2.6645352591e-15,2.77848201848
1400,3.75450389458,0.364549610542,0.74,1036,61.1111111111,3.75450389458,1.7763568394e-15,2.77833288199
1401,3.75430235804,0.364569764196,0.74,1036.74,61.0833333333,3.75430235804,9.7699626167e-15,2.77818374495
1402,3.75410082077,0.364589917923,0.74,1037.48,61.0555555556,3.75410082077,1.86517468137e-14,2.77803460737
1403,3.75389928276,0.364610071724,0.74,1038.22,61.0277777778,3.75389928276,1.7763568394e-15,2.77788546924
1404,3.75369774399,0.364630225601,0.74,1038.96,61,3.75369774399,2.48689957516e-14,2.77773633055
1405,3.75349620447,0.364650379553,0.74,1039.7,60.9722222222,3.75349620447,2.30926389122e-14,2.7775871913
1406,3.75329466417,0.364670533583,0.74,1040.44,60.9444444444,3.75329466417,-6.66133814775e-15,2.77743805148
1407,3.75309312309,0.364690687691,0.74,1041.18,60.9166666667,3.75309312309,2.62012633812e-14,2.77728891109
1408,3.75289158123,0.364710841877,0.74,1041.92,60.8888888889,3.75289158123,2.04281036531e-14,2.77713977011
1409,3.75269003856,0.364730996144,0.74,1042.66,60.8611111111,3.75269003856,-6.2172489379e-15,2.77699062854
1410,3.75248849509,0.364751150491,0.74,1043.4,60.8333333333,3.75248849509,2.6645352591e-14,2.77684148637
1411,3.75228695081,0.364771304919,0.74,1044.14,60.8055555556,3.75228695081,5.77315972805e-15,2.7766923436
1412,3.7520854057,0.36479145943,0.74,1044.88,60.7777777778,3.7520854057,2.0872192863e-14,2.77654320021
1413,3.75188385975,0.364811614025,0.74,1045.62,60.75,3.75188385975,-4.88498130835e-15,2.77639405621
1414,3.75168231296,0.364831768704,0.74,1046.36,60.7222222222,3.75168231296,-2.22044604925e-15,2.77624491159
1415,3.75148076531,0.364851923469,0.74,1047.1,60.6944444444,3.75148076531,-1.42108547152e-14,2.77609576633
1416,3.7512792168,0.36487207832,0.74,1047.84,60.6666666667,3.7512792168,-2.44249065418e-14,2.77594662043
1417,3.75107766742,0.364892233258,0.74,1048.58,60.6388888889,3.75107766742,1.37667655054e-14,2.77579747389
1418,3.75087611716,0.364912388284,0.74,1049.32,60.6111111111,3.75087611716,5.3290705182e-15,2.7756483267
1419,3.750674566,0.3649325434,0.74,1050.06,60.5833333333,3.750674566,-3.01980662698e-14,2.77549917884
1420,3.75047301394,0.364952698606,0.74,1050.8,60.5555555556,3.75047301394,1.11022302463e-14,2.77535003032
1421,3.75027146097,0.364972853903,0.74,1051.54,60.5277777778,3.75027146097,4.4408920985e-15,2.77520088112
1422,3.75006990708,0.364993009292,0.74,1052.28,60.5,3.75006990708,-3.99680288865e-15,2.77505173124
1423,3.74986835226,0.365013164774,0.74,1053.02,60.4722222222,3.74986835226,-2.22044604925e-15,2.77490258067
1424,3.74966679649,0.365033320351,0.74,1053.76,60.4444444444,3.74966679649,-4.88498130835e-15,2.77475342941
1425,3.74946523978,0.365053476022,0.74,1054.5,60.4166666667,3.74946523978,-5.3290705182e-15,2.77460427743
1426,3.7492636821,0.36507363179,0.74,1055.24,60.3888888889,3.7492636821,2.975397706e-14,2.77445512475
1427,3.74906212345,0.365093787655,0.74,1055.98,60.3611111111,3.74906212345,-1.50990331349e-14,2.77430597135
1428,3.74886056381,0.365113943619,0.74,1056.72,60.3333333333,3.74886056381,-2.6645352591e-15,2.77415681722
1429,3.74865900319,0.365134099681,0.74,1057.46,60.3055555556,3.74865900319,-1.7763568394e-15,2.77400766236
1430,3.74845744156,0.365154255844,0.74,1058.2,60.2777777778,3.74845744156,-2.6645352591e-15,2.77385850675
1431,3.74825587892,0.365174412108,0.74,1058.94,60.25,3.74825587892,-3.06421554797e-14,2.7737093504
1432,3.74805431525,0.365194568475,0.74,1059.68,60.2222222222,3.74805431525,-3.46389583683e-14,2.77356019329
1433,3.74785275055,0.365214724945,0.74,1060.42,60.1944444444,3.74785275055,1.7763568394e-15,2.77341103541
1434,3.74765118481,0.365234881519,0.74,1061.16,60.1666666667,3.74765118481,-2.6645352591e-15,2.77326187676
1435,3.74744961801,0.365255038199,0.74,1061.9,60.1388888889,3.74744961801,6.66133814775e-15,2.77311271732
1436,3.74724805014,0.365275194986,0.74,1062.64,60.1111111111,3.74724805014,1.33226762955e-14,2.7729635571
1437,3.74704648119,0.365295351881,0.74,1063.38,60.0833333333,3.74704648119,2.0872192863e-14,2.77281439608
1438,3.74684491116,0.365315508884,0.74,1064.12,60.0555555556,3.74684491116,-3.68594044176e-14,2.77266523426
1439,3.74664334003,0.365335665997,0.74,1064.86,60.0277777778,3.74664334003,1.73194791842e-14,2.77251607162
1440,3.74644176779,0.365355823221,0.74,1065.6,60,3.74644176779,-2.22044604925e-14,2.77236690816
1441,3.74624019442,0.365375980558,0.74,1066.34,59.9722222222,3.74624019442,-4.88498130835e-15,2.77221774387
1442,3.74603861993,0.365396138007,0.74,1067.08,59.9444444444,3.74603861993,3.37507799486e-14,2.77206857875
1443,3.74583704429,0.365416295571,0.74,1067.82,59.9166666667,3.74583704429,-1.33226762955e-14,2.77191941277
1444,3.74563546749,0.365436453251,0.74,1068.56,59.8888888889,3.74563546749,1.46549439251e-14,2.77177024595
1445,3.74543388953,0.365456611047,0.74,1069.3,59.8611111111,3.74543388953,7.54951656745e-15,2.77162107825
1446,3.74523231039,0.365476768961,0.74,1070.04,59.8333333333,3.74523231039,-2.35367281221e-14,2.77147190969
1447,3.74503073007,0.365496926993,0.74,1070.78,59.8055555556,3.74503073007,3.5527136788e-15,2.77132274025
1448,3.74482914854,0.365517085146,0.74,1071.52,59.7777777778,3.74482914854,7.9936057773e-15,2.77117356992
1449,3.74462756579,0.365537243421,0.74,1072.26,59.75,3.74462756579,2.6645352591e-15,2.77102439869
1450,3.74442598183,0.365557401817,0.74,1073,59.7222222222,3.74442598183,-1.7763568394e-14,2.77087522655
1451,3.74422439662,0.365577560338,0.74,1073.74,59.6944444444,3.74422439662,-2.62012633812e-14,2.7707260535
1452,3.74402281017,0.365597718983,0.74,1074.48,59.6666666667,3.74402281017,1.42108547152e-14,2.77057687953
1453,3.74382122246,0.365617877754,0.74,1075.22,59.6388888889,3.74382122246,2.22044604925e-15,2.77042770462
1454,3.74361963348,0.365638036652,0.74,1075.96,59.6111111111,3.74361963348,-1.42108547152e-14,2.77027852877
1455,3.74341804321,0.365658195679,0.74,1076.7,59.5833333333,3.74341804321,1.50990331349e-14,2.77012935197
1456,3.74321645164,0.365678354836,0.74,1077.44,59.5555555556,3.74321645164,-2.53130849615e-14,2.76998017421
1457,3.74301485877,0.365698514123,0.74,1078.18,59.5277777778,3.74301485877,-2.17603712827e-14,2.76983099549
1458,3.74281326457,0.365718673543,0.74,1078.92,59.5,3.74281326457,8.881784197e-16,2.76968181578
1459,3.74261166904,0.365738833096,0.74,1079.66,59.4722222222,3.74261166904,-1.02140518266e-14,2.76953263509
1460,3.74241007216,0.365758992784,0.74,1080.4,59.4444444444,3.74241007216,-2.17603712827e-14,2.7693834534
1461,3.74220847393,0.365779152607,0.74,1081.14,59.4166666667,3.74220847393,-1.33226762955e-15,2.7692342707
1462,3.74200687432,0.365799312568,0.74,1081.88,59.3888888889,3.74200687432,-1.7763568394e-15,2.76908508699
1463,3.74180527332,0.365819472668,0.74,1082.62,59.3611111111,3.74180527332,-2.30926389122e-14,2.76893590226
1464,3.74160367093,0.365839632907,0.74,1083.36,59.3333333333,3.74160367093,2.04281036531e-14,2.76878671649
1465,3.74140206713,0.365859793287,0.74,1084.1,59.3055555556,3.74140206713,9.32587340685e-15,2.76863752968
1466,3.7412004619,0.36587995381,0.74,1084.84,59.2777777778,3.7412004619,2.04281036531e-14,2.76848834181
1467,3.74099885524,0.365900114476,0.74,1085.58,59.25,3.74099885524,1.24344978758e-14,2.76833915288
1468,3.74079724712,0.365920275288,0.74,1086.32,59.2222222222,3.74079724712,-7.9936057773e-15,2.76818996287
1469,3.74059563755,0.365940436245,0.74,1087.06,59.1944444444,3.74059563755,-3.81916720471e-14,2.76804077178
1470,3.74039402649,0.365960597351,0.74,1087.8,59.1666666667,3.74039402649,2.88657986403e-14,2.7678915796
1471,3.74019241394,0.365980758606,0.74,1088.54,59.1388888889,3.74019241394,9.7699626167e-15,2.76774238632
1472,3.73999079989,0.366000920011,0.74,1089.28,59.1111111111,3.73999079989,2.17603712827e-14,2.76759319192
1473,3.73978918432,0.366021081568,0.74,1090.02,59.0833333333,3.73978918432,3.5527136788e-15,2.7674439964
1474,3.73958756722,0.366041243278,0.74,1090.76,59.0555555556,3.73958756722,-5.3290705182e-15,2.76729479974
1475,3.73938594858,0.366061405142,0.74,1091.5,59.0277777778,3.73938594858,-3.19744231092e-14,2.76714560195
1476,3.73918432837,0.366081567163,0.74,1092.24,59,3.73918432837,-3.37507799486e-14,2.76699640299
1477,3.73898270658,0.366101729342,0.74,1092.98,58.9722222222,3.73898270658,-5.77315972805e-15,2.76684720287
1478,3.73878108321,0.366121891679,0.74,1093.72,58.9444444444,3.73878108321,8.43769498715e-15,2.76669800158
1479,3.73857945824,0.366142054176,0.74,1094.46,58.9166666667,3.73857945824,-1.64313007645e-14,2.7665487991
1480,3.73837783165,0.366162216835,0.74,1095.2,58.8888888889,3.73837783165,-1.28785870857e-14,2.76639959542
1481,3.73817620342,0.366182379658,0.74,1095.94,58.8611111111,3.73817620342,-1.24344978758e-14,2.76625039053
1482,3.73797457355,0.366202542645,0.74,1096.68,58.8333333333,3.73797457355,-8.881784197e-15,2.76610118443
1483,3.73777294202,0.366222705798,0.74,1097.42,58.8055555556,3.73777294202,1.28785870857e-14,2.7659519771
1484,3.73757130881,0.366242869119,0.74,1098.16,58.7777777778,3.73757130881,1.82076576039e-14,2.76580276852
1485,3.73736967392,0.366263032608,0.74,1098.9,58.75,3.73736967392,-1.64313007645e-14,2.7656535587
1486,3.73716803731,0.366283196269,0.74,1099.64,58.7222222222,3.73716803731,3.10862446895e-15,2.76550434761
1487,3.73696639898,0.366303360102,0.74,1100.38,58.6944444444,3.73696639898,6.2172489379e-15,2.76535513525
1488,3.73676475892,0.366323524108,0.74,1101.12,58.6666666667,3.73676475892,-1.59872115546e-14,2.7652059216
1489,3.7365631171,0.36634368829,0.74,1101.86,58.6388888889,3.7365631171,1.68753899743e-14,2.76505670666
1490,3.73636147352,0.366363852648,0.74,1102.6,58.6111111111,3.73636147352,-1.02140518266e-14,2.7649074904
1491,3.73615982815,0.366384017185,0.74,1103.34,58.5833333333,3.73615982815,-1.37667655054e-14,2.76475827283
1492,3.73595818098,0.366404181902,0.74,1104.08,58.5555555556,3.73595818098,-2.0872192863e-14,2.76460905393
1493,3.735756532,0.3664243468,0.74,1104.82,58.5277777778,3.735756532,-3.19744231092e-14,2.76445983368
1494,3.73555488119,0.366444511881,0.74,1105.56,58.5,3.73555488119,-1.90958360236e-14,2.76431061208
1495,3.73535322853,0.366464677147,0.74,1106.3,58.4722222222,3.73535322853,-1.50990331349e-14,2.76416138911
1496,3.73515157401,0.366484842599,0.74,1107.04,58.4444444444,3.73515157401,4.4408920985e-15,2.76401216477
1497,3.73494991761,0.366505008239,0.74,1107.78,58.4166666667,3.73494991761,-3.06421554797e-14,2.76386293903
1498,3.73474825931,0.366525174069,0.74,1108.52,58.3888888889,3.73474825931,-2.04281036531e-14,2.76371371189
1499,3.7345465991,0.36654534009,0.74,1109.26,58.3611111111,3.7345465991,1.11022302463e-14,2.76356448333
1500,3.73434493695,0.366565506305,0.74,1110,58.3333333333,3.73434493695,-2.04281036531e-14,2.76341525335
1501,3.73414327287,0.366585672713,0.74,1110.74,58.3055555556,3.73414327287,-1.24344978758e-14,2.76326602192
1502,3.73394160682,0.366605839318,0.74,1111.48,58.2777777778,3.73394160682,-1.06581410364e-14,2.76311678905
1503,3.73373993879,0.366626006121,0.74,1112.22,58.25,3.73373993879,1.15463194561e-14,2.7629675547
1504,3.73353826876,0.366646173124,0.74,1112.96,58.2222222222,3.73353826876,-4.30766533555e-14,2.76281831888
1505,3.73333659672,0.366666340328,0.74,1113.7,58.1944444444,3.73333659672,0,2.76266908157
1506,3.73313492265,0.366686507735,0.74,1114.44,58.1666666667,3.73313492265,-1.33226762955e-14,2.76251984276
1507,3.73293324652,0.366706675348,0.74,1115.18,58.1388888889,3.73293324652,-2.04281036531e-14,2.76237060243
1508,3.73273156833,0.366726843167,0.74,1115.92,58.1111111111,3.73273156833,2.0872192863e-14,2.76222136057
1509,3.73252988806,0.366747011194,0.74,1116.66,58.0833333333,3.73252988806,-3.15303338994e-14,2.76207211716
1510,3.73232820568,0.366767179432,0.74,1117.4,58.0555555556,3.73232820568,-2.6645352591e-14,2.7619228722
1511,3.73212652118,0.366787347882,0.74,1118.14,58.0277777778,3.73212652118,-3.15303338994e-14,2.76177362567
1512,3.73192483454,0.366807516546,0.74,1118.88,58,3.73192483454,8.881784197e-15,2.76162437756
1513,3.73172314574,0.366827685426,0.74,1119.62,57.9722222222,3.73172314574,1.37667655054e-14,2.76147512785
1514,3.73152145477,0.366847854523,0.74,1120.36,57.9444444444,3.73152145477,-6.66133814775e-15,2.76132587653
1515,3.7313197616,0.36686802384,0.74,1121.1,57.9166666667,3.7313197616,-7.1054273576e-15,2.76117662359
1516,3.73111806622,0.366888193378,0.74,1121.84,57.8888888889,3.73111806622,-4.4408920985e-16,2.761027369
1517,3.73091636861,0.366908363139,0.74,1122.58,57.8611111111,3.73091636861,-1.99840144433e-14,2.76087811277
1518,3.73071466874,0.366928533126,0.74,1123.32,57.8333333333,3.73071466874,1.15463194561e-14,2.76072885487
1519,3.73051296661,0.366948703339,0.74,1124.06,57.8055555556,3.73051296661,2.22044604925e-15,2.76057959529
1520,3.73031126218,0.366968873782,0.74,1124.8,57.7777777778,3.73031126218,-2.84217094304e-14,2.76043033401
1521,3.73010955544,0.366989044456,0.74,1125.54,57.75,3.73010955544,-4.88498130835e-15,2.76028107103
1522,3.72990784638,0.367009215362,0.74,1126.28,57.7222222222,3.72990784638,8.881784197e-16,2.76013180632
1523,3.72970613497,0.367029386503,0.74,1127.02,57.6944444444,3.72970613497,-3.06421554797e-14,2.75998253987
1524,3.72950442118,0.367049557882,0.74,1127.76,57.6666666667,3.72950442118,-1.06581410364e-14,2.75983327168
1525,3.72930270501,0.367069729499,0.74,1128.5,57.6388888889,3.72930270501,-3.15303338994e-14,2.75968400171
1526,3.72910098643,0.367089901357,0.74,1129.24,57.6111111111,3.72910098643,-2.04281036531e-14,2.75953472996
1527,3.72889926542,0.367110073458,0.74,1129.98,57.5833333333,3.72889926542,-1.7763568394e-15,2.75938545641
1528,3.72869754196,0.367130245804,0.74,1130.72,57.5555555556,3.72869754196,-1.02140518266e-14,2.75923618105
1529,3.72849581603,0.367150418397,0.74,1131.46,57.5277777778,3.72849581603,-8.881784197e-15,2.75908690386
1530,3.72829408761,0.367170591239,0.74,1132.2,57.5,3.72829408761,2.57571741713e-14,2.75893762483
1531,3.72809235667,0.367190764333,0.74,1132.94,57.4722222222,3.72809235667,-1.1990408666e-14,2.75878834394
1532,3.7278906232,0.36721093768,0.74,1133.68,57.4444444444,3.7278906232,-1.55431223448e-14,2.75863906117
1533,3.72768888718,0.367231111282,0.74,1134.42,57.4166666667,3.72768888718,-1.33226762955e-14,2.75848977651
1534,3.72748714858,0.367251285142,0.74,1135.16,57.3888888889,3.72748714858,8.43769498715e-15,2.75834048995
1535,3.72728540738,0.367271459262,0.74,1135.9,57.3611111111,3.72728540738,-1.86517468137e-14,2.75819120146
1536,3.72708366356,0.367291633644,0.74,1136.64,57.3333333333,3.72708366356,-9.7699626167e-15,2.75804191103
1537,3.7268819171,0.36731180829,0.74,1137.38,57.3055555556,3.7268819171,-2.13162820728e-14,2.75789261865
1538,3.72668016797,0.367331983203,0.74,1138.12,57.2777777778,3.72668016797,-1.7763568394e-14,2.7577433243
1539,3.72647841616,0.367352158384,0.74,1138.86,57.25,3.72647841616,-1.95399252334e-14,2.75759402796
1540,3.72627666164,0.367372333836,0.74,1139.6,57.2222222222,3.72627666164,1.1990408666e-14,2.75744472962
1541,3.72607490439,0.367392509561,0.74,1140.34,57.1944444444,3.72607490439,-2.93098878501e-14,2.75729542925
1542,3.72587314439,0.367412685561,0.74,1141.08,57.1666666667,3.72587314439,-2.17603712827e-14,2.75714612685
1543,3.7256713816,0.36743286184,0.74,1141.82,57.1388888889,3.7256713816,9.7699626167e-15,2.75699682239
1544,3.72546961602,0.367453038398,0.74,1142.56,57.1111111111,3.72546961602,7.1054273576e-15,2.75684751585
1545,3.72526784761,0.367473215239,0.74,1143.3,57.0833333333,3.72526784761,-9.32587340685e-15,2.75669820723
1546,3.72506607636,0.367493392364,0.74,1144.04,57.0555555556,3.72506607636,3.10862446895e-15,2.7565488965
1547,3.72486430223,0.367513569777,0.74,1144.78,57.0277777778,3.72486430223,-3.59712259979e-14,2.75639958365
1548,3.72466252521,0.367533747479,0.74,1145.52,57,3.72466252521,-2.13162820728e-14,2.75625026866
1549,3.72446074527,0.367553925473,0.74,1146.26,56.9722222222,3.72446074527,3.01980662698e-14,2.7561009515
1550,3.72425896239,0.367574103761,0.74,1147,56.9444444444,3.72425896239,0,2.75595163217
1551,3.72405717654,0.367594282346,0.74,1147.74,56.9166666667,3.72405717654,-1.68753899743e-14,2.75580231064
1552,3.7238553877,0.36761446123,0.74,1148.48,56.8888888889,3.7238553877,-2.93098878501e-14,2.75565298689
1553,3.72365359584,0.367634640416,0.74,1149.22,56.8611111111,3.72365359584,2.44249065418e-14,2.75550366092
1554,3.72345180093,0.367654819907,0.74,1149.96,56.8333333333,3.72345180093,1.1990408666e-14,2.75535433269
1555,3.72325000297,0.367674999703,0.74,1150.7,56.8055555556,3.72325000297,-1.95399252334e-14,2.75520500219
1556,3.7230482019,0.36769517981,0.74,1151.44,56.7777777778,3.7230482019,-1.86517468137e-14,2.75505566941
1557,3.72284639772,0.367715360228,0.74,1152.18,56.75,3.72284639772,-1.37667655054e-14,2.75490633432
1558,3.7226445904,0.36773554096,0.74,1152.92,56.7222222222,3.7226445904,-3.33066907388e-14,2.7547569969
1559,3.72244277991,0.367755722009,0.74,1153.66,56.6944444444,3.72244277991,-1.73194791842e-14,2.75460765713
1560,3.72224096622,0.367775903378,0.74,1154.4,56.6666666667,3.72224096622,-2.30926389122e-14,2.754458315
1561,3.7220391493,0.36779608507,0.74,1155.14,56.6388888889,3.7220391493,-2.35367281221e-14,2.75430897048
1562,3.72183732914,0.367816267086,0.74,1155.88,56.6111111111,3.72183732914,3.5527136788e-15,2.75415962357
1563,3.7216355057,0.36783644943,0.74,1156.62,56.5833333333,3.7216355057,1.68753899743e-14,2.75401027422
1564,3.72143367896,0.367856632104,0.74,1157.36,56.5555555556,3.72143367896,-3.5527136788e-15,2.75386092243
1565,3.72123184889,0.367876815111,0.74,1158.1,56.5277777778,3.72123184889,-1.33226762955e-15,2.75371156818
1566,3.72103001547,0.367896998453,0.74,1158.84,56.5,3.72103001547,-1.68753899743e-14,2.75356221144
1567,3.72082817865,0.367917182135,0.74,1159.58,56.4722222222,3.72082817865,9.32587340685e-15,2.7534128522
1568,3.72062633843,0.367937366157,0.74,1160.32,56.4444444444,3.72062633843,8.881784197e-15,2.75326349044
1569,3.72042449476,0.367957550524,0.74,1161.06,56.4166666667,3.72042449476,-1.64313007645e-14,2.75311412612
1570,3.72022264762,0.367977735238,0.74,1161.8,56.3888888889,3.72022264762,-2.6645352591e-14,2.75296475924
1571,3.72002079699,0.367997920301,0.74,1162.54,56.3611111111,3.72002079699,-3.15303338994e-14,2.75281538977
1572,3.71981894283,0.368018105717,0.74,1163.28,56.3333333333,3.71981894283,-3.19744231092e-14,2.75266601769
1573,3.71961708511,0.368038291489,0.74,1164.02,56.3055555556,3.71961708511,-2.57571741713e-14,2.75251664298
1574,3.71941522381,0.368058477619,0.74,1164.76,56.2777777778,3.71941522381,-3.41948691585e-14,2.75236726562
1575,3.7192133589,0.36807866411,0.74,1165.5,56.25,3.7192133589,-2.22044604925e-14,2.75221788558
1576,3.71901149034,0.368098850966,0.74,1166.24,56.2222222222,3.71901149034,-3.90798504668e-14,2.75206850285
1577,3.71880961811,0.368119038189,0.74,1166.98,56.1944444444,3.71880961811,-2.39808173319e-14,2.7519191174
1578,3.71860774217,0.368139225783,0.74,1167.72,56.1666666667,3.71860774217,-4.4408920985e-15,2.75176972921
1579,3.7184058625,0.36815941375,0.74,1168.46,56.1388888889,3.7184058625,-1.59872115546e-14,2.75162033825
1580,3.71820397907,0.368179602093,0.74,1169.2,56.1111111111,3.71820397907,-4.30766533555e-14,2.75147094451
1581,3.71800209184,0.368199790816,0.74,1169.94,56.0833333333,3.71800209184,-2.53130849615e-14,2.75132154796
1582,3.71780020079,0.368219979921,0.74,1170.68,56.0555555556,3.71780020079,-2.6645352591e-14,2.75117214858
1583,3.71759830588,0.368240169412,0.74,1171.42,56.0277777778,3.71759830588,-1.28785870857e-14,2.75102274635
1584,3.71739640708,0.368260359292,0.74,1172.16,56,3.71739640708,8.881784197e-15,2.75087334124
1585,3.71719450436,0.368280549564,0.74,1172.9,55.9722222222,3.71719450436,-1.7763568394e-14,2.75072393322
1586,3.71699259768,0.368300740232,0.74,1173.64,55.9444444444,3.71699259768,-5.41788836017e-14,2.75057452228
1587,3.71679068702,0.368320931298,0.74,1174.38,55.9166666667,3.71679068702,1.7763568394e-15,2.7504251084
1588,3.71658877235,0.368341122765,0.74,1175.12,55.8888888889,3.71658877235,4.4408920985e-16,2.75027569154
1589,3.71638685362,0.368361314638,0.74,1175.86,55.8611111111,3.71638685362,-3.33066907388e-14,2.75012627168
1590,3.71618493081,0.368381506919,0.74,1176.6,55.8333333333,3.71618493081,-1.95399252334e-14,2.7499768488
1591,3.71598300389,0.368401699611,0.74,1177.34,55.8055555556,3.71598300389,-2.04281036531e-14,2.74982742288
1592,3.71578107281,0.368421892719,0.74,1178.08,55.7777777778,3.71578107281,-1.82076576039e-14,2.74967799388
1593,3.71557913755,0.368442086245,0.74,1178.82,55.75,3.71557913755,-5.55111512313e-14,2.74952856179
1594,3.71537719808,0.368462280192,0.74,1179.56,55.7222222222,3.71537719808,-1.46549439251e-14,2.74937912658
1595,3.71517525435,0.368482474565,0.74,1180.3,55.6944444444,3.71517525435,-1.33226762955e-14,2.74922968822
1596,3.71497330633,0.368502669367,0.74,1181.04,55.6666666667,3.71497330633,-1.42108547152e-14,2.74908024669
1597,3.714771354,0.3685228646,0.74,1181.78,55.6388888889,3.714771354,-1.86517468137e-14,2.74893080196
1598,3.71456939731,0.368543060269,0.74,1182.52,55.6111111111,3.71456939731,-1.99840144433e-14,2.74878135401
1599,3.71436743622,0.368563256378,0.74,1183.26,55.5833333333,3.71436743622,-2.75335310107e-14,2.7486319028
1600,3.71416547071,0.368583452929,0.74,1184,55.5555555556,3.71416547071,-1.68753899743e-14,2.74848244832
1601,3.71396350073,0.368603649927,0.74,1184.74,55.5277777778,3.71396350073,-4.30766533555e-14,2.74833299054
1602,3.71376152626,0.368623847374,0.74,1185.48,55.5,3.71376152626,-1.59872115546e-14,2.74818352943
1603,3.71355954724,0.368644045276,0.74,1186.22,55.4722222222,3.71355954724,-1.64313007645e-14,2.74803406496
1604,3.71335756366,0.368664243634,0.74,1186.96,55.4444444444,3.71335756366,-3.95239396767e-14,2.74788459711
1605,3.71315557546,0.368684442454,0.74,1187.7,55.4166666667,3.71315557546,-1.33226762955e-15,2.74773512584
1606,3.71295358262,0.368704641738,0.74,1188.44,55.3888888889,3.71295358262,-2.35367281221e-14,2.74758565114
1607,3.71275158509,0.368724841491,0.74,1189.18,55.3611111111,3.71275158509,-7.1054273576e-15,2.74743617297
1608,3.71254958284,0.368745041716,0.74,1189.92,55.3333333333,3.71254958284,-7.54951656745e-15,2.7472866913
1609,3.71234757583,0.368765242417,0.74,1190.66,55.3055555556,3.71234757583,-8.881784197e-15,2.74713720611
1610,3.71214556402,0.368785443598,0.74,1191.4,55.2777777778,3.71214556402,-3.8635761257e-14,2.74698771737
1611,3.71194354736,0.368805645264,0.74,1192.14,55.25,3.71194354736,-1.33226762955e-15,2.74683822505
1612,3.71174152583,0.368825847417,0.74,1192.88,55.2222222222,3.71174152583,-4.88498130835e-14,2.74668872912
1613,3.71153949939,0.368846050061,0.74,1193.62,55.1944444444,3.71153949939,-1.68753899743e-14,2.74653922955
1614,3.71133746798,0.368866253202,0.74,1194.36,55.1666666667,3.71133746798,-4.88498130835e-14,2.74638972631
1615,3.71113543158,0.368886456842,0.74,1195.1,55.1388888889,3.71113543158,-3.37507799486e-14,2.74624021937
1616,3.71093339014,0.368906660986,0.74,1195.84,55.1111111111,3.71093339014,-3.33066907388e-14,2.7460907087
1617,3.71073134362,0.368926865638,0.74,1196.58,55.0833333333,3.71073134362,-2.88657986403e-14,2.74594119428
1618,3.71052929198,0.368947070802,0.74,1197.32,55.0555555556,3.71052929198,-3.64153152077e-14,2.74579167607
1619,3.71032723518,0.368967276482,0.74,1198.06,55.0277777778,3.71032723518,-2.75335310107e-14,2.74564215403
1620,3.71012517318,0.368987482682,0.74,1198.8,55,3.71012517318,-1.24344978758e-14,2.74549262815
1621,3.70992310593,0.369007689407,0.74,1199.54,54.9722222222,3.70992310593,-1.86517468137e-14,2.74534309839
1622,3.7097210334,0.36902789666,0.74,1200.28,54.9444444444,3.7097210334,-3.24185123191e-14,2.74519356471
1623,3.70951895553,0.369048104447,0.74,1201.02,54.9166666667,3.70951895553,-3.5527136788e-14,2.74504402709
1624,3.7093168723,0.36906831277,0.74,1201.76,54.8888888889,3.7093168723,-2.975397706e-14,2.7448944855
1625,3.70911478364,0.369088521636,0.74,1202.5,54.8611111111,3.70911478364,1.1990408666e-14,2.74474493989
1626,3.70891268953,0.369108731047,0.74,1203.24,54.8333333333,3.70891268953,2.6645352591e-15,2.74459539025
1627,3.70871058991,0.369128941009,0.74,1203.98,54.8055555556,3.70871058991,-3.10862446895e-14,2.74444583653
1628,3.70850848474,0.369149151526,0.74,1204.72,54.7777777778,3.70850848474,-1.64313007645e-14,2.74429627871
1629,3.70830637399,0.369169362601,0.74,1205.46,54.75,3.70830637399,1.33226762955e-15,2.74414671675
1630,3.70810425759,0.369189574241,0.74,1206.2,54.7222222222,3.70810425759,-3.68594044176e-14,2.74399715061
1631,3.70790213551,0.369209786449,0.74,1206.94,54.6944444444,3.70790213551,-3.33066907388e-14,2.74384758027
1632,3.70770000769,0.369229999231,0.74,1207.68,54.6666666667,3.70770000769,-2.13162820728e-14,2.74369800569
1633,3.70749787411,0.369250212589,0.74,1208.42,54.6388888889,3.70749787411,-2.39808173319e-14,2.74354842684
1634,3.7072957347,0.36927042653,0.74,1209.16,54.6111111111,3.7072957347,-3.37507799486e-14,2.74339884368
1635,3.70709358942,0.369290641058,0.74,1209.9,54.5833333333,3.70709358942,-9.32587340685e-15,2.74324925617
1636,3.70689143823,0.369310856177,0.74,1210.64,54.5555555556,3.70689143823,-5.3290705182e-14,2.74309966429
1637,3.70668928107,0.369331071893,0.74,1211.38,54.5277777778,3.70668928107,-1.50990331349e-14,2.74295006799
1638,3.70648711789,0.369351288211,0.74,1212.12,54.5,3.70648711789,-3.64153152077e-14,2.74280046724
1639,3.70628494866,0.369371505134,0.74,1212.86,54.4722222222,3.70628494866,-8.881784197e-15,2.74265086201
1640,3.70608277332,0.369391722668,0.74,1213.6,54.4444444444,3.70608277332,-1.1990408666e-14,2.74250125226
1641,3.70588059182,0.369411940818,0.74,1214.34,54.4166666667,3.70588059182,-2.30926389122e-14,2.74235163795
1642,3.70567840411,0.369432159589,0.74,1215.08,54.3888888889,3.70567840411,-3.95239396767e-14,2.74220201904
1643,3.70547621015,0.369452378985,0.74,1215.82,54.3611111111,3.70547621015,-2.48689957516e-14,2.74205239551
1644,3.70527400987,0.369472599013,0.74,1216.56,54.3333333333,3.70527400987,6.66133814775e-15,2.74190276731
1645,3.70507180324,0.369492819676,0.74,1217.3,54.3055555556,3.70507180324,-1.82076576039e-14,2.7417531344
1646,3.70486959019,0.369513040981,0.74,1218.04,54.2777777778,3.70486959019,-3.10862446895e-14,2.74160349674
1647,3.70466737069,0.369533262931,0.74,1218.78,54.25,3.70466737069,0,2.74145385431
1648,3.70446514467,0.369553485533,0.74,1219.52,54.2222222222,3.70446514467,-1.55431223448e-14,2.74130420705
1649,3.70426291208,0.369573708792,0.74,1220.26,54.1944444444,3.70426291208,-9.7699626167e-15,2.74115455494
1650,3.70406067288,0.369593932712,0.74,1221,54.1666666667,3.70406067288,1.33226762955e-14,2.74100489793
1651,3.703858427,0.3696141573,0.74,1221.74,54.1388888889,3.703858427,-2.93098878501e-14,2.74085523598
1652,3.70365617439,0.369634382561,0.74,1222.48,54.1111111111,3.70365617439,-1.15463194561e-14,2.74070556905
1653,3.70345391501,0.369654608499,0.74,1223.22,54.0833333333,3.70345391501,-3.64153152077e-14,2.74055589711
1654,3.70325164879,0.369674835121,0.74,1223.96,54.0555555556,3.70325164879,-3.41948691585e-14,2.74040622011
1655,3.70304937569,0.369695062431,0.74,1224.7,54.0277777778,3.70304937569,-2.62012633812e-14,2.74025653801
1656,3.70284709563,0.369715290437,0.74,1225.44,54,3.70284709563,-4.13002965161e-14,2.74010685077
1657,3.70264480858,0.369735519142,0.74,1226.18,53.9722222222,3.70264480858,-3.46389583683e-14,2.73995715835
1658,3.70244251447,0.369755748553,0.74,1226.92,53.9444444444,3.70244251447,-3.10862446895e-14,2.73980746071
1659,3.70224021325,0.369775978675,0.74,1227.66,53.9166666667,3.70224021325,-4.88498130835e-14,2.73965775781
1660,3.70203790486,0.369796209514,0.74,1228.4,53.8888888889,3.70203790486,1.64313007645e-14,2.7395080496
1661,3.70183558924,0.369816441076,0.74,1229.14,53.8611111111,3.70183558924,-3.99680288865e-14,2.73935833604
1662,3.70163326633,0.369836673367,0.74,1229.88,53.8333333333,3.70163326633,-2.70894418009e-14,2.73920861709
1663,3.70143093608,0.369856906392,0.74,1230.62,53.8055555556,3.70143093608,-1.42108547152e-14,2.7390588927
1664,3.70122859843,0.369877140157,0.74,1231.36,53.7777777778,3.70122859843,-2.04281036531e-14,2.73890916284
1665,3.70102625331,0.369897374669,0.74,1232.1,53.75,3.70102625331,-2.13162820728e-14,2.73875942745
1666,3.70082390067,0.369917609933,0.74,1232.84,53.7222222222,3.70082390067,-6.2172489379e-15,2.7386096865
1667,3.70062154045,0.369937845955,0.74,1233.58,53.6944444444,3.70062154045,-4.26325641456e-14,2.73845993993
1668,3.70041917258,0.369958082742,0.74,1234.32,53.6666666667,3.70041917258,-1.95399252334e-14,2.73831018771
1669,3.70021679701,0.369978320299,0.74,1235.06,53.6388888889,3.70021679701,-2.48689957516e-14,2.73816042979
1670,3.70001441367,0.369998558633,0.74,1235.8,53.6111111111,3.70001441367,-3.59712259979e-14,2.73801066612
1671,3.69981202251,0.370018797749,0.74,1236.54,53.5833333333,3.69981202251,-3.46389583683e-14,2.73786089666
1672,3.69960962345,0.370039037655,0.74,1237.28,53.5555555556,3.69960962345,-4.26325641456e-14,2.73771112135
1673,3.69940721643,0.370059278357,0.74,1238.02,53.5277777778,3.69940721643,-8.43769498715e-15,2.73756134016
1674,3.6992048014,0.37007951986,0.74,1238.76,53.5,3.6992048014,-4.4408920985e-14,2.73741155304
1675,3.69900237828,0.370099762172,0.74,1239.5,53.4722222222,3.69900237828,-2.53130849615e-14,2.73726175993
1676,3.69879994702,0.370120005298,0.74,1240.24,53.4444444444,3.69879994702,3.5527136788e-15,2.73711196079
1677,3.69859750754,0.370140249246,0.74,1240.98,53.4166666667,3.69859750754,-3.24185123191e-14,2.73696215558
1678,3.69839505978,0.370160494022,0.74,1241.72,53.3888888889,3.69839505978,-4.39648317752e-14,2.73681234424
1679,3.69819260368,0.370180739632,0.74,1242.46,53.3611111111,3.69819260368,-7.1054273576e-15,2.73666252672
1680,3.69799013916,0.370200986084,0.74,1243.2,53.3333333333,3.69799013916,-2.79776202206e-14,2.73651270298
1681,3.69778766617,0.370221233383,0.74,1243.94,53.3055555556,3.69778766617,-2.975397706e-14,2.73636287296
1682,3.69758518462,0.370241481538,0.74,1244.68,53.2777777778,3.69758518462,-1.82076576039e-14,2.73621303662
1683,3.69738269446,0.370261730554,0.74,1245.42,53.25,3.69738269446,-5.10702591328e-14,2.7360631939
1684,3.69718019562,0.370281980438,0.74,1246.16,53.2222222222,3.69718019562,-2.04281036531e-14,2.73591334476
1685,3.69697768802,0.370302231198,0.74,1246.9,53.1944444444,3.69697768802,-2.39808173319e-14,2.73576348913
1686,3.6967751716,0.37032248284,0.74,1247.64,53.1666666667,3.6967751716,-2.975397706e-14,2.73561362698
1687,3.69657264628,0.370342735372,0.74,1248.38,53.1388888889,3.69657264628,-2.04281036531e-14,2.73546375824
1688,3.69637011199,0.370362988801,0.74,1249.12,53.1111111111,3.69637011199,-2.79776202206e-14,2.73531388287
1689,3.69616756866,0.370383243134,0.74,1249.86,53.0833333333,3.69616756866,-2.39808173319e-14,2.73516400081
1690,3.69596501623,0.370403498377,0.74,1250.6,53.0555555556,3.69596501623,-3.8635761257e-14,2.73501411201
1691,3.69576245461,0.370423754539,0.74,1251.34,53.0277777778,3.69576245461,-5.01820807131e-14,2.73486421641
1692,3.69555988373,0.370444011627,0.74,1252.08,53,3.69555988373,-1.82076576039e-14,2.73471431396
1693,3.69535730352,0.370464269648,0.74,1252.82,52.9722222222,3.69535730352,-3.24185123191e-14,2.7345644046
1694,3.6951547139,0.37048452861,0.74,1253.56,52.9444444444,3.6951547139,-2.79776202206e-14,2.73441448829
1695,3.69495211481,0.370504788519,0.74,1254.3,52.9166666667,3.69495211481,-2.62012633812e-14,2.73426456496
1696,3.69474950615,0.370525049385,0.74,1255.04,52.8888888889,3.69474950615,-4.39648317752e-14,2.73411463455
1697,3.69454688786,0.370545311214,0.74,1255.78,52.8611111111,3.69454688786,-2.13162820728e-14,2.73396469702
1698,3.69434425987,0.370565574013,0.74,1256.52,52.8333333333,3.69434425987,-2.0872192863e-14,2.7338147523
1699,3.69414162208,0.370585837792,0.74,1257.26,52.8055555556,3.69414162208,-3.50830475782e-14,2.73366480034
1700,3.69393897442,0.370606102558,0.74,1258,52.7777777778,3.69393897442,-4.79616346638e-14,2.73351484107
1701,3.69373631682,0.370626368318,0.74,1258.74,52.75,3.69373631682,-1.06581410364e-14,2.73336487445
1702,3.6935336492,0.37064663508,0.74,1259.48,52.7222222222,3.6935336492,-1.86517468137e-14,2.73321490041
1703,3.69333097146,0.370666902854,0.74,1260.22,52.6944444444,3.69333097146,-3.15303338994e-14,2.73306491888
1704,3.69312828355,0.370687171645,0.74,1260.96,52.6666666667,3.69312828355,-4.79616346638e-14,2.73291492982
1705,3.69292558536,0.370707441464,0.74,1261.7,52.6388888889,3.69292558536,-2.75335310107e-14,2.73276493317
1706,3.69272287682,0.370727712318,0.74,1262.44,52.6111111111,3.69272287682,-6.39488462184e-14,2.73261492885
1707,3.69252015786,0.370747984214,0.74,1263.18,52.5833333333,3.69252015786,-5.01820807131e-14,2.73246491681
1708,3.69231742837,0.370768257163,0.74,1263.92,52.5555555556,3.69231742837,-2.62012633812e-14,2.73231489699
1709,3.69211468829,0.370788531171,0.74,1264.66,52.5277777778,3.69211468829,-3.95239396767e-14,2.73216486933
1710,3.69191193752,0.370808806248,0.74,1265.4,52.5,3.69191193752,-1.06581410364e-14,2.73201483376
1711,3.69170917597,0.370829082403,0.74,1266.14,52.4722222222,3.69170917597,-4.84057238737e-14,2.73186479022
1712,3.69150640358,0.370849359642,0.74,1266.88,52.4444444444,3.69150640358,-3.99680288865e-15,2.73171473865
1713,3.69130362024,0.370869637976,0.74,1267.62,52.4166666667,3.69130362024,-4.21884749358e-14,2.73156467897
1714,3.69110082586,0.370889917414,0.74,1268.36,52.3888888889,3.69110082586,-2.35367281221e-14,2.73141461114
1715,3.69089802037,0.370910197963,0.74,1269.1,52.3611111111,3.69089802037,-4.66293670343e-14,2.73126453508
1716,3.69069520367,0.370930479633,0.74,1269.84,52.3333333333,3.69069520367,-3.15303338994e-14,2.73111445072
1717,3.69049237568,0.370950762432,0.74,1270.58,52.3055555556,3.69049237568,-3.41948691585e-14,2.730964358
1718,3.69028953629,0.370971046371,0.74,1271.32,52.2777777778,3.69028953629,-2.84217094304e-14,2.73081425686
1719,3.69008668543,0.370991331457,0.74,1272.06,52.25,3.69008668543,-2.17603712827e-14,2.73066414722
1720,3.68988382299,0.371011617701,0.74,1272.8,52.2222222222,3.68988382299,-6.66133814775e-15,2.73051402902
1721,3.6896809489,0.37103190511,0.74,1273.54,52.1944444444,3.6896809489,-2.17603712827e-14,2.73036390218
1722,3.68947806304,0.371052193696,0.74,1274.28,52.1666666667,3.68947806304,-4.57411886146e-14,2.73021376665
1723,3.68927516534,0.371072483466,0.74,1275.02,52.1388888889,3.68927516534,-2.84217094304e-14,2.73006362235
1724,3.68907225569,0.371092774431,0.74,1275.76,52.1111111111,3.68907225569,-1.55431223448e-14,2.72991346921
1725,3.688869334,0.3711130666,0.74,1276.5,52.0833333333,3.688869334,-3.50830475782e-14,2.72976330716
1726,3.68866640018,0.371133359982,0.74,1277.24,52.0555555556,3.68866640018,-5.01820807131e-14,2.72961313613
1727,3.68846345412,0.371153654588,0.74,1277.98,52.0277777778,3.68846345412,-2.26485497024e-14,2.72946295605
1728,3.68826049573,0.371173950427,0.74,1278.72,52,3.68826049573,-2.84217094304e-14,2.72931276684
1729,3.68805752491,0.371194247509,0.74,1279.46,51.9722222222,3.68805752491,-4.21884749358e-14,2.72916256843
1730,3.68785454156,0.371214545844,0.74,1280.2,51.9444444444,3.68785454156,-2.30926389122e-14,2.72901236075
1731,3.68765154558,0.371234845442,0.74,1280.94,51.9166666667,3.68765154558,-3.99680288865e-14,2.72886214373
1732,3.68744853687,0.371255146313,0.74,1281.68,51.8888888889,3.68744853687,-1.64313007645e-14,2.72871191729
1733,3.68724551533,0.371275448467,0.74,1282.42,51.8611111111,3.68724551533,0,2.72856168135
1734,3.68704248086,0.371295751914,0.74,1283.16,51.8333333333,3.68704248086,-4.61852778244e-14,2.72841143584
1735,3.68683943335,0.371316056665,0.74,1283.9,51.8055555556,3.68683943335,-6.2172489379e-14,2.72826118068
1736,3.68663637269,0.371336362731,0.74,1284.64,51.7777777778,3.68663637269,-3.50830475782e-14,2.72811091579
1737,3.6864332988,0.37135667012,0.74,1285.38,51.75,3.68643329879,-4.39648317752e-14,2.72796064111
1738,3.68623021154,0.371376978846,0.74,1286.12,51.7222222222,3.68623021154,-3.33066907388e-14,2.72781035654
1739,3.68602711083,0.371397288917,0.74,1286.86,51.6944444444,3.68602711083,-2.26485497024e-14,2.72766006202
1740,3.68582399655,0.371417600345,0.74,1287.6,51.6666666667,3.68582399655,-5.41788836017e-14,2.72750975745
1741,3.6856208686,0.37143791314,0.74,1288.34,51.6388888889,3.6856208686,-5.95079541199e-14,2.72735944277
1742,3.68541772687,0.371458227313,0.74,1289.08,51.6111111111,3.68541772687,-3.46389583683e-14,2.72720911788
1743,3.68521457124,0.371478542876,0.74,1289.82,51.5833333333,3.68521457124,-4.97379915032e-14,2.72705878271
1744,3.6850114016,0.37149885984,0.74,1290.56,51.5555555556,3.6850114016,-5.46229728116e-14,2.72690843718
1745,3.68480821785,0.371519178215,0.74,1291.3,51.5277777778,3.68480821785,-2.70894418009e-14,2.72675808121
1746,3.68460501987,0.371539498013,0.74,1292.04,51.5,3.68460501987,-4.08562073062e-14,2.7266077147
1747,3.68440180754,0.371559819246,0.74,1292.78,51.4722222222,3.68440180754,-4.21884749358e-14,2.72645733758
1748,3.68419858076,0.371580141924,0.74,1293.52,51.4444444444,3.68419858076,-2.75335310107e-14,2.72630694976
1749,3.6839953394,0.37160046606,0.74,1294.26,51.4166666667,3.6839953394,-2.30926389122e-14,2.72615655116
1750,3.68379208336,0.371620791664,0.74,1295,51.3888888889,3.68379208336,-3.59712259979e-14,2.72600614169
1751,3.68358881251,0.371641118749,0.74,1295.74,51.3611111111,3.68358881251,-5.90638649101e-14,2.72585572126
1752,3.68338552673,0.371661447327,0.74,1296.48,51.3333333333,3.68338552673,-5.46229728116e-14,2.72570528978
1753,3.68318222591,0.371681777409,0.74,1297.22,51.3055555556,3.68318222591,-6.92779167366e-14,2.72555484717
1754,3.68297890993,0.371702109007,0.74,1297.96,51.2777777778,3.68297890993,-4.7517545454e-14,2.72540439335
1755,3.68277557866,0.371722442134,0.74,1298.7,51.25,3.68277557866,-6.66133814775e-15,2.72525392821
1756,3.68257223198,0.371742776802,0.74,1299.44,51.2222222222,3.68257223198,-4.7517545454e-14,2.72510345167
1757,3.68236886977,0.371763113023,0.74,1300.18,51.1944444444,3.68236886977,-4.66293670343e-14,2.72495296363
1758,3.68216549191,0.371783450809,0.74,1300.92,51.1666666667,3.68216549191,-3.50830475782e-14,2.72480246402
1759,3.68196209827,0.371803790173,0.74,1301.66,51.1388888889,3.68196209827,-3.41948691585e-14,2.72465195272
1760,3.68175868873,0.371824131127,0.74,1302.4,51.1111111111,3.68175868873,-3.81916720471e-14,2.72450142966
1761,3.68155526315,0.371844473685,0.74,1303.14,51.0833333333,3.68155526315,-4.52970994047e-14,2.72435089473
1762,3.68135182142,0.371864817858,0.74,1303.88,51.0555555556,3.68135182142,-4.4408920985e-14,2.72420034785
1763,3.68114836339,0.371885163661,0.74,1304.62,51.0277777778,3.68114836339,-7.23865412056e-14,2.72404978891
1764,3.68094488895,0.371905511105,0.74,1305.36,51,3.68094488895,-2.93098878501e-14,2.72389921782
1765,3.68074139796,0.371925860204,0.74,1306.1,50.9722222222,3.68074139796,-2.35367281221e-14,2.72374863449
1766,3.68053789028,0.371946210972,0.74,1306.84,50.9444444444,3.68053789028,-1.42108547152e-14,2.72359803881
1767,3.68033436579,0.371966563421,0.74,1307.58,50.9166666667,3.68033436579,-1.46549439251e-14,2.72344743069
1768,3.68013082435,0.371986917565,0.74,1308.32,50.8888888889,3.68013082435,-4.66293670343e-14,2.72329681002
1769,3.67992726583,0.372007273417,0.74,1309.06,50.8611111111,3.67992726583,-6.2172489379e-14,2.72314617671
1770,3.67972369009,0.372027630991,0.74,1309.8,50.8333333333,3.67972369009,-1.11022302463e-14,2.72299553066
1771,3.67952009698,0.372047990302,0.74,1310.54,50.8055555556,3.67952009698,-1.68753899743e-14,2.72284487177
1772,3.67931648639,0.372068351361,0.74,1311.28,50.7777777778,3.67931648639,-4.52970994047e-14,2.72269419993
1773,3.67911285815,0.372088714185,0.74,1312.02,50.75,3.67911285815,-2.93098878501e-14,2.72254351503
1774,3.67890921214,0.372109078786,0.74,1312.76,50.7222222222,3.67890921214,-4.52970994047e-14,2.72239281698
1775,3.67870554821,0.372129445179,0.74,1313.5,50.6944444444,3.67870554821,-1.15463194561e-14,2.72224210568
1776,3.67850186622,0.372149813378,0.74,1314.24,50.6666666667,3.67850186622,-6.35047570086e-14,2.722091381
1777,3.67829816602,0.372170183398,0.74,1314.98,50.6388888889,3.67829816602,-2.75335310107e-14,2.72194064286
1778,3.67809444747,0.372190555253,0.74,1315.72,50.6111111111,3.67809444747,-4.92939022934e-14,2.72178989113
1779,3.67789071043,0.372210928957,0.74,1316.46,50.5833333333,3.67789071043,-7.01660951563e-14,2.72163912572
1780,3.67768695474,0.372231304526,0.74,1317.2,50.5555555556,3.67768695474,-2.70894418009e-14,2.72148834651
1781,3.67748318026,0.372251681974,0.74,1317.94,50.5277777778,3.67748318026,-4.13002965161e-14,2.72133755339
1782,3.67727938683,0.372272061317,0.74,1318.68,50.5,3.67727938683,-4.97379915032e-14,2.72118674625
1783,3.67707557431,0.372292442569,0.74,1319.42,50.4722222222,3.67707557431,-1.82076576039e-14,2.72103592499
1784,3.67687174254,0.372312825746,0.74,1320.16,50.4444444444,3.67687174254,-3.73034936274e-14,2.72088508948
1785,3.67666789137,0.372333210863,0.74,1320.9,50.4166666667,3.67666789137,-4.4408920985e-14,2.72073423961
1786,3.67646402064,0.372353597936,0.74,1321.64,50.3888888889,3.67646402064,-3.33066907388e-14,2.72058337528
1787,3.67626013021,0.372373986979,0.74,1322.38,50.3611111111,3.67626013021,-3.5527136788e-14,2.72043249635
1788,3.6760562199,0.37239437801,0.74,1323.12,50.3333333333,3.6760562199,-4.70734562441e-14,2.72028160273
1789,3.67585228957,0.372414771043,0.74,1323.86,50.3055555556,3.67585228957,-7.1054273576e-15,2.72013069428
1790,3.67564833905,0.372435166095,0.74,1324.6,50.2777777778,3.67564833905,-3.5527136788e-14,2.7199797709
1791,3.67544436819,0.372455563181,0.74,1325.34,50.25,3.67544436819,-4.61852778244e-14,2.71982883246
1792,3.67524037681,0.372475962319,0.74,1326.08,50.2222222222,3.67524037681,-4.26325641456e-14,2.71967787884
1793,3.67503636476,0.372496363524,0.74,1326.82,50.1944444444,3.67503636476,-1.02140518266e-14,2.71952690992
1794,3.67483233187,0.372516766813,0.74,1327.56,50.1666666667,3.67483233187,-1.7763568394e-14,2.71937592559
1795,3.67462827798,0.372537172202,0.74,1328.3,50.1388888889,3.67462827798,-5.01820807131e-14,2.71922492571
1796,3.67442420292,0.372557579708,0.74,1329.04,50.1111111111,3.67442420292,-2.57571741713e-14,2.71907391016
1797,3.67422010651,0.372577989349,0.74,1329.78,50.0833333333,3.67422010651,-2.975397706e-14,2.71892287882
1798,3.67401598859,0.372598401141,0.74,1330.52,50.0555555556,3.67401598859,-4.35207425653e-14,2.71877183156
1799,3.67381184899,0.372618815101,0.74,1331.26,50.0277777778,3.67381184899,-3.73034936274e-14,2.71862076826
1800,3.67360768754,0.372639231246,0.74,1332,50,3.67360768754,-4.17443857259e-14,2.71846968878
1801,3.67340350405,0.372659649595,0.74,1332.74,49.9722222222,3.67340350405,-4.13002965161e-14,2.718318593
1802,3.67319929836,0.372680070164,0.74,1333.48,49.9444444444,3.67319929836,-1.68753899743e-14,2.71816748079
1803,3.67299507029,0.372700492971,0.74,1334.22,49.9166666667,3.67299507029,-1.06581410364e-14,2.71801635201
1804,3.67279081965,0.372720918035,0.74,1334.96,49.8888888889,3.67279081965,-5.6399329651e-14,2.71786520654
1805,3.67258654628,0.372741345372,0.74,1335.7,49.8611111111,3.67258654628,-4.35207425653e-14,2.71771404425
1806,3.67238224998,0.372761775002,0.74,1336.44,49.8333333333,3.67238224998,-4.30766533555e-14,2.71756286499
1807,3.67217793058,0.372782206942,0.74,1337.18,49.8055555556,3.67217793058,-3.73034936274e-14,2.71741166863
1808,3.67197358788,0.372802641212,0.74,1337.92,49.7777777778,3.67197358788,-1.1990408666e-14,2.71726045503
1809,3.67176922171,0.372823077829,0.74,1338.66,49.75,3.67176922171,-3.01980662698e-14,2.71710922407
1810,3.67156483188,0.372843516812,0.74,1339.4,49.7222222222,3.67156483188,-3.8635761257e-14,2.71695797559
1811,3.6713604182,0.37286395818,0.74,1340.14,49.6944444444,3.6713604182,-5.59552404411e-14,2.71680670947
1812,3.67115598048,0.372884401952,0.74,1340.88,49.6666666667,3.67115598048,-3.95239396767e-14,2.71665542555
1813,3.67095151852,0.372904848148,0.74,1341.62,49.6388888889,3.67095151852,-6.79456491071e-14,2.71650412371
1814,3.67074703214,0.372925296786,0.74,1342.36,49.6111111111,3.67074703214,-4.08562073062e-14,2.71635280378
1815,3.67054252114,0.372945747886,0.74,1343.1,49.5833333333,3.67054252114,-3.33066907388e-14,2.71620146564
1816,3.67033798531,0.372966201469,0.74,1343.84,49.5555555556,3.67033798531,-4.92939022934e-14,2.71605010913
1817,3.67013342448,0.372986657552,0.74,1344.58,49.5277777778,3.67013342448,-6.70574706874e-14,2.71589873411
1818,3.66992883843,0.373007116157,0.74,1345.32,49.5,3.66992883843,-4.61852778244e-14,2.71574734044
1819,3.66972422696,0.373027577304,0.74,1346.06,49.4722222222,3.66972422696,-5.86197757002e-14,2.71559592795
1820,3.66951958988,0.373048041012,0.74,1346.8,49.4444444444,3.66951958988,-7.14983627859e-14,2.71544449651
1821,3.66931492697,0.373068507303,0.74,1347.54,49.4166666667,3.66931492697,-1.59872115546e-14,2.71529304596
1822,3.66911023803,0.373088976197,0.74,1348.28,49.3888888889,3.66911023803,-5.86197757002e-14,2.71514157615
1823,3.66890552286,0.373109447714,0.74,1349.02,49.3611111111,3.66890552286,-4.48530101949e-14,2.71499008692
1824,3.66870078125,0.373129921875,0.74,1349.76,49.3333333333,3.66870078125,-2.0872192863e-14,2.71483857812
1825,3.66849601297,0.373150398703,0.74,1350.5,49.3055555556,3.66849601297,-2.30926389122e-14,2.7146870496
1826,3.66829121783,0.373170878217,0.74,1351.24,49.2777777778,3.66829121783,-3.41948691585e-14,2.7145355012
1827,3.66808639561,0.373191360439,0.74,1351.98,49.25,3.66808639561,-2.35367281221e-14,2.71438393275
1828,3.66788154609,0.373211845391,0.74,1352.72,49.2222222222,3.66788154609,-4.48530101949e-14,2.7142323441
1829,3.66767666905,0.373232333095,0.74,1353.46,49.1944444444,3.66767666905,-5.41788836017e-14,2.71408073509
1830,3.66747176427,0.373252823573,0.74,1354.2,49.1666666667,3.66747176427,-3.46389583683e-14,2.71392910556
1831,3.66726683154,0.373273316846,0.74,1354.94,49.1388888889,3.66726683154,-3.99680288865e-14,2.71377745534
1832,3.66706187063,0.373293812937,0.74,1355.68,49.1111111111,3.66706187063,-6.57252030578e-14,2.71362578427
1833,3.66685688132,0.373314311868,0.74,1356.42,49.0833333333,3.66685688132,-3.50830475782e-14,2.71347409217
1834,3.66665186337,0.373334813663,0.74,1357.16,49.0555555556,3.66665186337,-3.99680288865e-14,2.71332237889
1835,3.66644681657,0.373355318343,0.74,1357.9,49.0277777778,3.66644681656,-7.23865412056e-14,2.71317064426
1836,3.66624174067,0.373375825933,0.74,1358.64,49,3.66624174067,-6.61692922677e-14,2.7130188881
1837,3.66603663546,0.373396336454,0.74,1359.38,48.9722222222,3.66603663546,-2.44249065418e-14,2.71286711024
1838,3.66583150069,0.373416849931,0.74,1360.12,48.9444444444,3.66583150069,-3.59712259979e-14,2.71271531051
1839,3.66562633613,0.373437366387,0.74,1360.86,48.9166666667,3.66562633613,-6.08402217495e-14,2.71256348873
1840,3.66542114154,0.373457885846,0.74,1361.6,48.8888888889,3.66542114154,-6.12843109593e-14,2.71241164474
1841,3.66521591668,0.373478408332,0.74,1362.34,48.8611111111,3.66521591668,-6.97220059465e-14,2.71225977835
1842,3.66501066132,0.373498933868,0.74,1363.08,48.8333333333,3.66501066132,-3.81916720471e-14,2.71210788938
1843,3.66480537521,0.373519462479,0.74,1363.82,48.8055555556,3.66480537521,-4.7517545454e-14,2.71195597765
1844,3.6646000581,0.37353999419,0.74,1364.56,48.7777777778,3.6646000581,-4.26325641456e-14,2.71180404299
1845,3.66439470974,0.373560529026,0.74,1365.3,48.75,3.66439470974,-7.14983627859e-14,2.71165208521
1846,3.66418932989,0.373581067011,0.74,1366.04,48.7222222222,3.66418932989,-4.92939022934e-14,2.71150010412
1847,3.6639839183,0.37360160817,0.74,1366.78,48.6944444444,3.6639839183,-5.50670620214e-14,2.71134809954
1848,3.66377847471,0.373622152529,0.74,1367.52,48.6666666667,3.66377847471,-6.2172489379e-14,2.71119607129
1849,3.66357299887,0.373642700113,0.74,1368.26,48.6388888889,3.66357299887,-4.48530101949e-14,2.71104401916
1850,3.66336749052,0.373663250948,0.74,1369,48.6111111111,3.66336749052,-4.48530101949e-14,2.71089194298
1851,3.6631619494,0.37368380506,0.74,1369.74,48.5833333333,3.6631619494,-5.10702591328e-14,2.71073984256
1852,3.66295637525,0.373704362475,0.74,1370.48,48.5555555556,3.66295637525,-6.79456491071e-14,2.71058771769
1853,3.66275076781,0.373724923219,0.74,1371.22,48.5277777778,3.66275076781,-5.01820807131e-14,2.71043556818
1854,3.66254512681,0.373745487319,0.74,1371.96,48.5,3.66254512681,-5.81756864904e-14,2.71028339384
1855,3.66233945199,0.373766054801,0.74,1372.7,48.4722222222,3.66233945199,-5.28466159722e-14,2.71013119447
1856,3.66213374307,0.373786625693,0.74,1373.44,48.4444444444,3.66213374307,-1.86517468137e-14,2.70997896987
1857,3.66192799978,0.373807200022,0.74,1374.18,48.4166666667,3.66192799978,-4.39648317752e-14,2.70982671984
1858,3.66172222185,0.373827777815,0.74,1374.92,48.3888888889,3.66172222185,-4.92939022934e-14,2.70967444417
1859,3.66151640901,0.373848359099,0.74,1375.66,48.3611111111,3.66151640901,-3.59712259979e-14,2.70952214267
1860,3.66131056097,0.373868943903,0.74,1376.4,48.3333333333,3.66131056097,-4.30766533555e-14,2.70936981512
1861,3.66110467745,0.373889532255,0.74,1377.14,48.3055555556,3.66110467745,-5.46229728116e-14,2.70921746131
1862,3.66089875818,0.373910124182,0.74,1377.88,48.2777777778,3.66089875818,-4.13002965161e-14,2.70906508105
1863,3.66069280286,0.373930719714,0.74,1378.62,48.25,3.66069280286,-4.08562073062e-14,2.70891267412
1864,3.66048681121,0.373951318879,0.74,1379.36,48.2222222222,3.66048681121,-5.59552404411e-14,2.70876024029
1865,3.66028078294,0.373971921706,0.74,1380.1,48.1944444444,3.66028078294,-5.10702591328e-14,2.70860777937
1866,3.66007471776,0.373992528224,0.74,1380.84,48.1666666667,3.66007471776,-1.99840144433e-14,2.70845529114
1867,3.65986861537,0.374013138463,0.74,1381.58,48.1388888889,3.65986861537,-6.61692922677e-14,2.70830277537
1868,3.65966247547,0.374033752453,0.74,1382.32,48.1111111111,3.65966247547,-5.01820807131e-14,2.70815023185
1869,3.65945629778,0.374054370222,0.74,1383.06,48.0833333333,3.65945629778,-6.48370246381e-14,2.70799766036
1870,3.65925008198,0.374074991802,0.74,1383.8,48.0555555556,3.65925008198,-2.35367281221e-14,2.70784506067
1871,3.65904382778,0.374095617222,0.74,1384.54,48.0277777778,3.65904382778,-5.24025267623e-14,2.70769243255
1872,3.65883753486,0.374116246514,0.74,1385.28,48,3.65883753486,-5.46229728116e-14,2.70753977579
1873,3.65863120292,0.374136879708,0.74,1386.02,47.9722222222,3.65863120292,-3.90798504668e-14,2.70738709016
1874,3.65842483164,0.374157516836,0.74,1386.76,47.9444444444,3.65842483164,-5.95079541199e-14,2.70723437542
1875,3.65821842072,0.374178157928,0.74,1387.5,47.9166666667,3.65821842072,-2.88657986403e-14,2.70708163134
1876,3.65801196984,0.374198803016,0.74,1388.24,47.8888888889,3.65801196984,-5.99520433298e-14,2.70692885768
1877,3.65780547868,0.374219452132,0.74,1388.98,47.8611111111,3.65780547868,-7.72715225139e-14,2.70677605422
1878,3.65759894691,0.374240105309,0.74,1389.72,47.8333333333,3.65759894691,-4.66293670343e-14,2.70662322072
1879,3.65739237422,0.374260762578,0.74,1390.46,47.8055555556,3.65739237422,-4.35207425653e-14,2.70647035693
1880,3.65718576028,0.374281423972,0.74,1391.2,47.7777777778,3.65718576028,-5.10702591328e-14,2.70631746261
1881,3.65697910476,0.374302089524,0.74,1391.94,47.75,3.65697910476,-3.5527136788e-14,2.70616453752
1882,3.65677240733,0.374322759267,0.74,1392.68,47.7222222222,3.65677240733,-2.57571741713e-14,2.70601158142
1883,3.65656566765,0.374343433235,0.74,1393.42,47.6944444444,3.65656566765,-4.39648317752e-14,2.70585859406
1884,3.65635888538,0.374364111462,0.74,1394.16,47.6666666667,3.65635888538,-4.92939022934e-14,2.70570557518
1885,3.6561520602,0.37438479398,0.74,1394.9,47.6388888889,3.6561520602,-3.64153152077e-14,2.70555252455
1886,3.65594519175,0.374405480825,0.74,1395.64,47.6111111111,3.65594519175,-6.17284001692e-14,2.7053994419
1887,3.65573827969,0.374426172031,0.74,1396.38,47.5833333333,3.65573827969,-3.68594044176e-14,2.70524632697
1888,3.65553132368,0.374446867632,0.74,1397.12,47.5555555556,3.65553132368,-6.17284001692e-14,2.70509317952
1889,3.65532432336,0.374467567664,0.74,1397.86,47.5277777778,3.65532432336,-7.72715225139e-14,2.70493999929
1890,3.65511727838,0.374488272162,0.74,1398.6,47.5,3.65511727838,-5.81756864904e-14,2.704786786
1891,3.65491018838,0.374508981162,0.74,1399.34,47.4722222222,3.65491018838,-3.68594044176e-14,2.7046335394
1892,3.65470305301,0.374529694699,0.74,1400.08,47.4444444444,3.65470305301,-6.5281113848e-14,2.70448025923
1893,3.65449587191,0.374550412809,0.74,1400.82,47.4166666667,3.65449587191,-7.1054273576e-14,2.70432694521
1894,3.6542886447,0.37457113553,0.74,1401.56,47.3888888889,3.6542886447,-1.95399252334e-14,2.70417359708
1895,3.65408137102,0.374591862898,0.74,1402.3,47.3611111111,3.65408137102,-5.19584375525e-14,2.70402021456
1896,3.65387405051,0.374612594949,0.74,1403.04,47.3333333333,3.65387405051,-5.24025267623e-14,2.70386679738
1897,3.65366668279,0.374633331721,0.74,1403.78,47.3055555556,3.65366668279,-4.30766533555e-14,2.70371334526
1898,3.65345926747,0.374654073253,0.74,1404.52,47.2777777778,3.65345926747,-6.2172489379e-14,2.70355985793
1899,3.65325180419,0.374674819581,0.74,1405.26,47.25,3.65325180419,-4.92939022934e-14,2.7034063351
1900,3.65304429256,0.374695570744,0.74,1406,47.2222222222,3.65304429256,-3.68594044176e-14,2.7032527765
1901,3.6528367322,0.37471632678,0.74,1406.74,47.1944444444,3.6528367322,-3.33066907388e-14,2.70309918183
1902,3.65262912271,0.374737087729,0.74,1407.48,47.1666666667,3.65262912271,-7.59392548844e-14,2.70294555081
1903,3.65242146371,0.374757853629,0.74,1408.22,47.1388888889,3.65242146371,-5.72875080707e-14,2.70279188314
1904,3.6522137548,0.37477862452,0.74,1408.96,47.1111111111,3.6522137548,-3.10862446895e-14,2.70263817855
1905,3.65200599558,0.374799400442,0.74,1409.7,47.0833333333,3.65200599558,-3.99680288865e-14,2.70248443673
1906,3.65179818565,0.374820181435,0.74,1410.44,47.0555555556,3.65179818565,-2.84217094304e-14,2.70233065738
1907,3.65159032461,0.374840967539,0.74,1411.18,47.0277777778,3.65159032461,-3.64153152077e-14,2.70217684021
1908,3.65138241205,0.374861758795,0.74,1411.92,47,3.65138241205,-5.46229728116e-14,2.70202298492
1909,3.65117444757,0.374882555243,0.74,1412.66,46.9722222222,3.65117444757,-4.97379915032e-14,2.7018690912
1910,3.65096643073,0.374903356927,0.74,1413.4,46.9444444444,3.65096643073,-4.92939022934e-14,2.70171515874
1911,3.65075836114,0.374924163886,0.74,1414.14,46.9166666667,3.65075836114,-5.15143483426e-14,2.70156118724
1912,3.65055023837,0.374944976163,0.74,1414.88,46.8888888889,3.65055023837,-5.28466159722e-14,2.70140717639
1913,3.65034206199,0.374965793801,0.74,1415.62,46.8611111111,3.65034206199,-4.61852778244e-14,2.70125312587
1914,3.65013383158,0.374986616842,0.74,1416.36,46.8333333333,3.65013383158,-4.70734562441e-14,2.70109903537
1915,3.6499255467,0.37500744533,0.74,1417.1,46.8055555556,3.6499255467,-6.26165785889e-14,2.70094490456
1916,3.64971720693,0.375028279307,0.74,1417.84,46.7777777778,3.64971720693,-3.68594044176e-14,2.70079073313
1917,3.64950881182,0.375049118818,0.74,1418.58,46.75,3.64950881182,-4.4408920985e-14,2.70063652075
1918,3.64930036094,0.375069963906,0.74,1419.32,46.7222222222,3.64930036094,-6.61692922677e-14,2.7004822671
1919,3.64909185384,0.375090814616,0.74,1420.06,46.6944444444,3.64909185384,-6.97220059465e-14,2.70032797184
1920,3.64888329007,0.375111670993,0.74,1420.8,46.6666666667,3.64888329007,-7.01660951563e-14,2.70017363465
1921,3.64867466918,0.375132533082,0.74,1421.54,46.6388888889,3.64867466918,-6.88338275268e-14,2.7000192552
1922,3.64846599072,0.375153400928,0.74,1422.28,46.6111111111,3.64846599072,-5.77315972805e-14,2.69986483313
1923,3.64825725422,0.375174274578,0.74,1423.02,46.5833333333,3.64825725422,-4.35207425653e-14,2.69971036812
1924,3.64804845923,0.375195154077,0.74,1423.76,46.5555555556,3.64804845923,-5.24025267623e-14,2.69955585983
1925,3.64783960527,0.375216039473,0.74,1424.5,46.5277777778,3.64783960527,-4.13002965161e-14,2.6994013079
1926,3.64763069188,0.375236930812,0.74,1425.24,46.5,3.64763069188,-4.57411886146e-14,2.69924671199
1927,3.64742171859,0.375257828141,0.74,1425.98,46.4722222222,3.64742171859,-3.46389583683e-14,2.69909207176
1928,3.64721268491,0.375278731509,0.74,1426.72,46.4444444444,3.64721268491,-5.50670620214e-14,2.69893738684
1929,3.64700359037,0.375299640963,0.74,1427.46,46.4166666667,3.64700359037,-3.68594044176e-14,2.69878265688
1930,3.64679443448,0.375320556552,0.74,1428.2,46.3888888889,3.64679443448,-4.7517545454e-14,2.69862788152
1931,3.64658521675,0.375341478325,0.74,1428.94,46.3611111111,3.64658521675,-6.88338275268e-14,2.6984730604
1932,3.64637593669,0.375362406331,0.74,1429.68,46.3333333333,3.64637593669,-2.70894418009e-14,2.69831819315
1933,3.64616659381,0.375383340619,0.74,1430.42,46.3055555556,3.64616659381,-5.19584375525e-14,2.69816327942
1934,3.64595718759,0.375404281241,0.74,1431.16,46.2777777778,3.64595718759,-7.94919685632e-14,2.69800831882
1935,3.64574771754,0.375425228246,0.74,1431.9,46.25,3.64574771754,-5.72875080707e-14,2.69785331098
1936,3.64553818315,0.375446181685,0.74,1432.64,46.2222222222,3.64553818315,-5.90638649101e-14,2.69769825553
1937,3.6453285839,0.37546714161,0.74,1433.38,46.1944444444,3.6453285839,-9.10382880193e-14,2.69754315209
1938,3.64511891929,0.375488108071,0.74,1434.12,46.1666666667,3.64511891929,-3.59712259979e-14,2.69738800027
1939,3.64490918878,0.375509081122,0.74,1434.86,46.1388888889,3.64490918878,-3.19744231092e-14,2.6972327997
1940,3.64469939185,0.375530060815,0.74,1435.6,46.1111111111,3.64469939185,-7.37188088351e-14,2.69707754997
1941,3.64448952798,0.375551047202,0.74,1436.34,46.0833333333,3.64448952798,-4.84057238737e-14,2.69692225071
1942,3.64427959663,0.375572040337,0.74,1437.08,46.0555555556,3.64427959663,-5.3290705182e-14,2.6967669015
1943,3.64406959726,0.375593040274,0.74,1437.82,46.0277777778,3.64406959726,-5.81756864904e-14,2.69661150197
1944,3.64385952933,0.375614047067,0.74,1438.56,46,3.64385952933,-5.41788836017e-14,2.6964560517
1945,3.64364939229,0.375635060771,0.74,1439.3,45.9722222222,3.64364939229,-5.99520433298e-14,2.6963005503
1946,3.6434391856,0.37565608144,0.74,1440.04,45.9444444444,3.6434391856,-6.97220059465e-14,2.69614499734
1947,3.64322890869,0.375677109131,0.74,1440.78,45.9166666667,3.64322890869,-3.01980662698e-14,2.69598939243
1948,3.64301856102,0.375698143898,0.74,1441.52,45.8888888889,3.64301856102,-7.77156117238e-14,2.69583373515
1949,3.642808142,0.3757191858,0.74,1442.26,45.8611111111,3.642808142,-5.99520433298e-14,2.69567802508
1950,3.64259765109,0.375740234891,0.74,1443,45.8333333333,3.64259765109,-5.37347943919e-14,2.6955222618
1951,3.64238708769,0.375761291231,0.74,1443.74,45.8055555556,3.64238708769,-5.95079541199e-14,2.69536644489
1952,3.64217645125,0.375782354875,0.74,1444.48,45.7777777778,3.64217645125,-7.1054273576e-14,2.69521057392
1953,3.64196574116,0.375803425884,0.74,1445.22,45.75,3.64196574116,-7.46069872548e-14,2.69505464846
1954,3.64175495686,0.375824504314,0.74,1445.96,45.7222222222,3.64175495686,-3.73034936274e-14,2.69489866807
1955,3.64154409773,0.375845590227,0.74,1446.7,45.6944444444,3.64154409773,-5.15143483426e-14,2.69474263232
1956,3.6413331632,0.37586668368,0.74,1447.44,45.6666666667,3.6413331632,-6.43929354283e-14,2.69458654077
1957,3.64112215266,0.375887784734,0.74,1448.18,45.6388888889,3.64112215266,-5.19584375525e-14,2.69443039297
1958,3.64091106549,0.375908893451,0.74,1448.92,45.6111111111,3.64091106549,-6.35047570086e-14,2.69427418847
1959,3.6406999011,0.37593000989,0.74,1449.66,45.5833333333,3.6406999011,-8.21565038223e-14,2.69411792682
1960,3.64048865887,0.375951134113,0.74,1450.4,45.5555555556,3.64048865887,-4.35207425653e-14,2.69396160756
1961,3.64027733817,0.375972266183,0.74,1451.14,45.5277777778,3.64027733817,-6.30606677987e-14,2.69380523025
1962,3.64006593838,0.375993406162,0.74,1451.88,45.5,3.64006593838,-5.86197757002e-14,2.6936487944
1963,3.63985445888,0.376014554112,0.74,1452.62,45.4722222222,3.63985445888,-6.66133814775e-14,2.69349229957
1964,3.63964289902,0.376035710098,0.74,1453.36,45.4444444444,3.63964289902,-5.90638649101e-14,2.69333574527
1965,3.63943125816,0.376056874184,0.74,1454.1,45.4166666667,3.63943125816,-9.54791801178e-14,2.69317913104
1966,3.63921953566,0.376078046434,0.74,1454.84,45.3888888889,3.63921953566,-2.13162820728e-14,2.69302245639
1967,3.63900773088,0.376099226912,0.74,1455.58,45.3611111111,3.63900773088,-7.90478793533e-14,2.69286572085
1968,3.63879584314,0.376120415686,0.74,1456.32,45.3333333333,3.63879584314,-6.66133814775e-14,2.69270892392
1969,3.6385838718,0.37614161282,0.74,1457.06,45.3055555556,3.6385838718,-6.17284001692e-14,2.69255206513
1970,3.63837181618,0.376162818382,0.74,1457.8,45.2777777778,3.63837181618,-6.35047570086e-14,2.69239514398
1971,3.63815967562,0.376184032438,0.74,1458.54,45.25,3.63815967562,-6.66133814775e-14,2.69223815996
1972,3.63794744944,0.376205255056,0.74,1459.28,45.2222222222,3.63794744944,-7.14983627859e-14,2.69208111259
1973,3.63773513695,0.376226486305,0.74,1460.02,45.1944444444,3.63773513695,-4.57411886146e-14,2.69192400135
1974,3.63752273747,0.376247726253,0.74,1460.76,45.1666666667,3.63752273747,-7.4162898045e-14,2.69176682573
1975,3.63731025031,0.376268974969,0.74,1461.5,45.1388888889,3.63731025031,-4.08562073062e-14,2.69160958523
1976,3.63709767476,0.376290232524,0.74,1462.24,45.1111111111,3.63709767476,-6.35047570086e-14,2.69145227932
1977,3.63688501012,0.376311498988,0.74,1462.98,45.0833333333,3.63688501012,-6.03961325396e-14,2.69129490749
1978,3.63667225568,0.376332774432,0.74,1463.72,45.0555555556,3.63667225568,-7.23865412056e-14,2.69113746921
1979,3.63645941073,0.376354058927,0.74,1464.46,45.0277777778,3.63645941073,-3.06421554797e-14,2.69097996394
1980,3.63624647455,0.376375352545,0.74,1465.2,45,3.63624647455,-7.94919685632e-14,2.69082239116
1981,3.6360334464,0.37639665536,0.74,1465.94,44.9722222222,3.6360334464,-5.90638649101e-14,2.69066475034
1982,3.63582032556,0.376417967444,0.74,1466.68,44.9444444444,3.63582032556,-5.59552404411e-14,2.69050704091
1983,3.63560711128,0.376439288872,0.74,1467.42,44.9166666667,3.63560711128,-5.95079541199e-14,2.69034926235
1984,3.63539380282,0.376460619718,0.74,1468.16,44.8888888889,3.63539380282,-5.77315972805e-14,2.69019141409
1985,3.63518039944,0.376481960056,0.74,1468.9,44.8611111111,3.63518039944,-5.99520433298e-14,2.69003349559
1986,3.63496690037,0.376503309963,0.74,1469.64,44.8333333333,3.63496690037,-6.03961325396e-14,2.68987550628
1987,3.63475330486,0.376524669514,0.74,1470.38,44.8055555556,3.63475330486,-7.9936057773e-14,2.68971744559
1988,3.63453961212,0.376546038788,0.74,1471.12,44.7777777778,3.63453961212,-4.88498130835e-14,2.68955931297
1989,3.6343258214,0.37656741786,0.74,1471.86,44.75,3.6343258214,-5.15143483426e-14,2.68940110784
1990,3.63411193191,0.376588806809,0.74,1472.6,44.7222222222,3.63411193191,-9.28146448587e-14,2.68924282961
1991,3.63389794285,0.376610205715,0.74,1473.34,44.6944444444,3.63389794285,-8.92619311799e-14,2.68908447771
1992,3.63368385345,0.376631614655,0.74,1474.08,44.6666666667,3.63368385345,-6.03961325396e-14,2.68892605155
1993,3.63346966289,0.376653033711,0.74,1474.82,44.6388888889,3.63346966289,-6.5281113848e-14,2.68876755054
1994,3.63325537038,0.376674462962,0.74,1475.56,44.6111111111,3.63325537038,-8.43769498715e-14,2.68860897408
1995,3.63304097509,0.376695902491,0.74,1476.3,44.5833333333,3.63304097509,-3.77475828373e-14,2.68845032157
1996,3.63282647622,0.376717352378,0.74,1477.04,44.5555555556,3.63282647622,-6.79456491071e-14,2.6882915924
1997,3.63261187293,0.376738812707,0.74,1477.78,44.5277777778,3.63261187293,-7.72715225139e-14,2.68813278597
1998,3.6323971644,0.37676028356,0.74,1478.52,44.5,3.6323971644,-6.5281113848e-14,2.68797390165
1999,3.63218234978,0.376781765022,0.74,1479.26,44.4722222222,3.63218234978,-3.77475828373e-14,2.68781493883
2000,3.63196742823,0.376803257177,0.74,1480,44.4444444444,3.63196742823,-8.97060203897e-14,2.68765589689
2001,3.63175239889,0.376824760111,0.74,1480.74,44.4166666667,3.63175239889,-5.90638649101e-14,2.68749677518
2002,3.63153726092,0.376846273908,0.74,1481.48,44.3888888889,3.63153726092,-6.48370246381e-14,2.68733757308
2003,3.63132201344,0.376867798656,0.74,1482.22,44.3611111111,3.63132201344,-7.77156117238e-14,2.68717828994
2004,3.63110665558,0.376889334442,0.74,1482.96,44.3333333333,3.63110665558,-5.77315972805e-14,2.68701892513
2005,3.63089118646,0.376910881354,0.74,1483.7,44.3055555556,3.63089118646,-4.13002965161e-14,2.68685947798
2006,3.63067560519,0.376932439481,0.74,1484.44,44.2777777778,3.63067560519,-8.21565038223e-14,2.68669994784
2007,3.63045991089,0.376954008911,0.74,1485.18,44.25,3.63045991089,-4.79616346638e-14,2.68654033406
2008,3.63024410264,0.376975589736,0.74,1485.92,44.2222222222,3.63024410264,-7.72715225139e-14,2.68638063596
2009,3.63002817955,0.376997182045,0.74,1486.66,44.1944444444,3.63002817955,-6.88338275268e-14,2.68622085287
2010,3.62981214069,0.377018785931,0.74,1487.4,44.1666666667,3.62981214069,-4.92939022934e-14,2.68606098411
2011,3.62959598515,0.377040401485,0.74,1488.14,44.1388888889,3.62959598515,-6.2172489379e-14,2.68590102901
2012,3.629379712,0.3770620288,0.74,1488.88,44.1111111111,3.629379712,-5.24025267623e-14,2.68574098688
2013,3.62916332029,0.377083667971,0.74,1489.62,44.0833333333,3.62916332029,-9.85878045867e-14,2.68558085701
2014,3.62894680908,0.377105319092,0.74,1490.36,44.0555555556,3.62894680908,-4.39648317752e-14,2.68542063872
2015,3.62873017742,0.377126982258,0.74,1491.1,44.0277777778,3.62873017742,-6.92779167366e-14,2.68526033129
2016,3.62851342436,0.377148657564,0.74,1491.84,44,3.62851342436,-9.63673585375e-14,2.68509993403
2017,3.62829654892,0.377170345108,0.74,1492.58,43.9722222222,3.62829654892,-4.97379915032e-14,2.6849394462
2018,3.62807955012,0.377192044988,0.74,1493.32,43.9444444444,3.62807955012,-8.70414851306e-14,2.68477886709
2019,3.62786242699,0.377213757301,0.74,1494.06,43.9166666667,3.62786242699,-6.48370246381e-14,2.68461819598
2020,3.62764517854,0.377235482146,0.74,1494.8,43.8888888889,3.62764517854,-5.24025267623e-14,2.68445743212
2021,3.62742780376,0.377257219624,0.74,1495.54,43.8611111111,3.62742780376,-8.52651282912e-14,2.68429657478
2022,3.62721030165,0.377278969835,0.74,1496.28,43.8333333333,3.62721030165,-5.46229728116e-14,2.68413562322
2023,3.6269926712,0.37730073288,0.74,1497.02,43.8055555556,3.6269926712,-5.68434188608e-14,2.68397457669
2024,3.62677491138,0.377322508862,0.74,1497.76,43.7777777778,3.62677491138,-5.86197757002e-14,2.68381343442
2025,3.62655702116,0.377344297884,0.74,1498.5,43.75,3.62655702116,-7.4162898045e-14,2.68365219566
2026,3.6263389995,0.37736610005,0.74,1499.24,43.7222222222,3.6263389995,-6.2172489379e-14,2.68349085963
2027,3.62612084536,0.377387915464,0.74,1499.98,43.6944444444,3.62612084536,-7.28306304154e-14,2.68332942556
2028,3.62590255767,0.377409744233,0.74,1500.72,43.6666666667,3.62590255767,-6.30606677987e-14,2.68316789268
2029,3.62568413538,0.377431586462,0.74,1501.46,43.6388888889,3.62568413538,-4.21884749358e-14,2.68300626018
2030,3.62546557741,0.377453442259,0.74,1502.2,43.6111111111,3.62546557741,-5.99520433298e-14,2.68284452729
2031,3.62524688269,0.377475311731,0.74,1502.94,43.5833333333,3.62524688269,-6.92779167366e-14,2.68268269319
2032,3.62502805011,0.377497194989,0.74,1503.68,43.5555555556,3.62502805011,-8.39328606617e-14,2.68252075708
2033,3.62480907859,0.377519092141,0.74,1504.42,43.5277777778,3.62480907859,-7.50510764647e-14,2.68235871816
2034,3.62458996702,0.377541003298,0.74,1505.16,43.5,3.62458996702,-6.79456491071e-14,2.68219657559
2035,3.62437071427,0.377562928573,0.74,1505.9,43.4722222222,3.62437071427,-9.94759830064e-14,2.68203432856
2036,3.62415131924,0.377584868076,0.74,1506.64,43.4444444444,3.62415131924,-6.12843109593e-14,2.68187197623
2037,3.62393178077,0.377606821923,0.74,1507.38,43.4166666667,3.62393178077,-8.03801469829e-14,2.68170951777
2038,3.62371209773,0.377628790227,0.74,1508.12,43.3888888889,3.62371209773,-8.43769498715e-14,2.68154695232
2039,3.62349226896,0.377650773104,0.74,1508.86,43.3611111111,3.62349226896,-6.5281113848e-14,2.68138427903
2040,3.62327229332,0.377672770668,0.74,1509.6,43.3333333333,3.62327229332,-7.4162898045e-14,2.68122149705
2041,3.62305216961,0.377694783039,0.74,1510.34,43.3055555556,3.62305216961,-5.99520433298e-14,2.68105860551
2042,3.62283189668,0.377716810332,0.74,1511.08,43.2777777778,3.62283189668,-3.59712259979e-14,2.68089560354
2043,3.62261147331,0.377738852669,0.74,1511.82,43.25,3.62261147331,-5.99520433298e-14,2.68073249025
2044,3.62239089833,0.377760910167,0.74,1512.56,43.2222222222,3.62239089833,-9.1926466439e-14,2.68056926476
2045,3.62217017052,0.377782982948,0.74,1513.3,43.1944444444,3.62217017052,-5.95079541199e-14,2.68040592618
2046,3.62194928865,0.377805071135,0.74,1514.04,43.1666666667,3.62194928865,-8.39328606617e-14,2.6802424736
2047,3.62172825151,0.377827174849,0.74,1514.78,43.1388888889,3.62172825151,-6.88338275268e-14,2.68007890612
2048,3.62150705786,0.377849294214,0.74,1515.52,43.1111111111,3.62150705786,-6.43929354283e-14,2.67991522282
2049,3.62128570645,0.377871429355,0.74,1516.26,43.0833333333,3.62128570645,-6.12843109593e-14,2.67975142277
2050,3.62106419602,0.377893580398,0.74,1517,43.0555555556,3.62106419602,-9.32587340685e-14,2.67958750505
2051,3.6208425253,0.37791574747,0.74,1517.74,43.0277777778,3.6208425253,-6.70574706874e-14,2.67942346872
2052,3.62062069302,0.377937930698,0.74,1518.48,43,3.62062069302,-6.39488462184e-14,2.67925931284
2053,3.6203986979,0.37796013021,0.74,1519.22,42.9722222222,3.6203986979,-5.50670620214e-14,2.67909503644
2054,3.62017653862,0.377982346138,0.74,1519.96,42.9444444444,3.62017653862,-9.28146448587e-14,2.67893063858
2055,3.6199542139,0.37800457861,0.74,1520.7,42.9166666667,3.6199542139,-5.46229728116e-14,2.67876611828
2056,3.61973172239,0.378026827761,0.74,1521.44,42.8888888889,3.61973172239,-6.12843109593e-14,2.67860147457
2057,3.61950906279,0.378049093721,0.74,1522.18,42.8611111111,3.61950906279,-8.43769498715e-14,2.67843670647
2058,3.61928623375,0.378071376625,0.74,1522.92,42.8333333333,3.61928623375,-7.94919685632e-14,2.67827181297
2059,3.61906323391,0.378093676609,0.74,1523.66,42.8055555556,3.61906323391,-7.63833440942e-14,2.67810679309
2060,3.61884006192,0.378115993808,0.74,1524.4,42.7777777778,3.61884006192,-5.99520433298e-14,2.67794164582
2061,3.61861671641,0.378138328359,0.74,1525.14,42.75,3.61861671641,-5.99520433298e-14,2.67777637014
2062,3.61839319599,0.378160680401,0.74,1525.88,42.7222222222,3.61839319599,-6.48370246381e-14,2.67761096503
2063,3.61816949927,0.378183050073,0.74,1526.62,42.6944444444,3.61816949927,-8.26005930321e-14,2.67744542946
2064,3.61794562484,0.378205437516,0.74,1527.36,42.6666666667,3.61794562484,-5.28466159722e-14,2.67727976239
2065,3.6177215713,0.37822784287,0.74,1528.1,42.6388888889,3.6177215713,-8.57092175011e-14,2.67711396276
2066,3.6174973372,0.37825026628,0.74,1528.84,42.6111111111,3.6174973372,-8.70414851306e-14,2.67694802953
2067,3.61727292112,0.378272707888,0.74,1529.58,42.5833333333,3.61727292112,-5.55111512313e-14,2.67678196163
2068,3.6170483216,0.37829516784,0.74,1530.32,42.5555555556,3.6170483216,-5.19584375525e-14,2.67661575798
2069,3.61682353718,0.378317646282,0.74,1531.06,42.5277777778,3.61682353718,-7.06101843662e-14,2.67644941751
2070,3.61659856639,0.378340143361,0.74,1531.8,42.5,3.61659856639,-4.08562073062e-14,2.67628293913
2071,3.61637340774,0.378362659226,0.74,1532.54,42.4722222222,3.61637340774,-9.28146448587e-14,2.67611632173
2072,3.61614805973,0.378385194027,0.74,1533.28,42.4444444444,3.61614805973,-8.12683254026e-14,2.6759495642
2073,3.61592252087,0.378407747913,0.74,1534.02,42.4166666667,3.61592252087,-1.06581410364e-13,2.67578266544
2074,3.61569678962,0.378430321038,0.74,1534.76,42.3888888889,3.61569678962,-7.1054273576e-14,2.67561562432
2075,3.61547086445,0.378452913555,0.74,1535.5,42.3611111111,3.61547086445,-5.68434188608e-14,2.67544843969
2076,3.61524474382,0.378475525618,0.74,1536.24,42.3333333333,3.61524474382,-8.3044682242e-14,2.67528111043
2077,3.61501842617,0.378498157383,0.74,1536.98,42.3055555556,3.61501842617,-8.881784197e-14,2.67511363536
2078,3.61479190993,0.378520809007,0.74,1537.72,42.2777777778,3.61479190993,-8.79296635503e-14,2.67494601335
2079,3.61456519352,0.378543480648,0.74,1538.46,42.25,3.61456519352,-6.83897383169e-14,2.6747782432
2080,3.61433827534,0.378566172466,0.74,1539.2,42.2222222222,3.61433827534,-6.61692922677e-14,2.67461032375
2081,3.61411115379,0.378588884621,0.74,1539.94,42.1944444444,3.61411115379,-6.30606677987e-14,2.6744422538
2082,3.61388382724,0.378611617276,0.74,1540.68,42.1666666667,3.61388382724,-9.10382880193e-14,2.67427403216
2083,3.61365629407,0.378634370593,0.74,1541.42,42.1388888889,3.61365629407,-7.68274333041e-14,2.67410565761
2084,3.61342855261,0.378657144739,0.74,1542.16,42.1111111111,3.61342855261,-5.77315972805e-14,2.67393712893
2085,3.61320060123,0.378679939877,0.74,1542.9,42.0833333333,3.61320060123,-6.12843109593e-14,2.67376844491
2086,3.61297243824,0.378702756176,0.74,1543.64,42.0555555556,3.61297243824,-6.43929354283e-14,2.67359960429
2087,3.61274406195,0.378725593805,0.74,1544.38,42.0277777778,3.61274406195,-7.14983627859e-14,2.67343060584
2088,3.61251547067,0.378748452933,0.74,1545.12,42,3.61251547067,-4.97379915032e-14,2.6732614483
2089,3.61228666268,0.378771333732,0.74,1545.86,41.9722222222,3.61228666268,-3.77475828373e-14,2.67309213039
2090,3.61205763627,0.378794236373,0.74,1546.6,41.9444444444,3.61205763627,-5.28466159722e-14,2.67292265084
2091,3.61182838967,0.378817161033,0.74,1547.34,41.9166666667,3.61182838967,-8.57092175011e-14,2.67275300836
2092,3.61159892115,0.378840107885,0.74,1548.08,41.8888888889,3.61159892115,-9.72555369572e-14,2.67258320165
2093,3.61136922894,0.378863077106,0.74,1548.82,41.8611111111,3.61136922894,-4.52970994047e-14,2.67241322941
2094,3.61113931124,0.378886068876,0.74,1549.56,41.8333333333,3.61113931124,-7.81597009336e-14,2.67224309032
2095,3.61090916627,0.378909083373,0.74,1550.3,41.8055555556,3.61090916627,-8.17124146124e-14,2.67207278304
2096,3.61067879222,0.378932120778,0.74,1551.04,41.7777777778,3.61067879222,-7.19424519957e-14,2.67190230624
2097,3.61044818725,0.378955181275,0.74,1551.78,41.75,3.61044818725,-8.97060203897e-14,2.67173165857
2098,3.61021734953,0.378978265047,0.74,1552.52,41.7222222222,3.61021734953,-7.86037901435e-14,2.67156083865
2099,3.60998627721,0.379001372279,0.74,1553.26,41.6944444444,3.60998627721,-3.73034936274e-14,2.67138984513
2100,3.60975496841,0.379024503159,0.74,1554,41.6666666667,3.60975496841,-7.46069872548e-14,2.67121867662
2101,3.60952342125,0.379047657875,0.74,1554.74,41.6388888889,3.60952342125,-1.04360964315e-13,2.67104733172
2102,3.60929163383,0.379070836617,0.74,1555.48,41.6111111111,3.60929163383,-4.57411886146e-14,2.67087580903
2103,3.60905960424,0.379094039576,0.74,1556.22,41.5833333333,3.60905960424,-8.83737527602e-14,2.67070410713
2104,3.60882733054,0.379117266946,0.74,1556.96,41.5555555556,3.60882733054,-7.19424519957e-14,2.6705322246
2105,3.6085948108,0.37914051892,0.74,1557.7,41.5277777778,3.6085948108,-9.1926466439e-14,2.67036015999
2106,3.60836204304,0.379163795696,0.74,1558.44,41.5,3.60836204304,-5.19584375525e-14,2.67018791185
2107,3.60812902531,0.379187097469,0.74,1559.18,41.4722222222,3.60812902531,-7.4162898045e-14,2.67001547873
2108,3.60789575559,0.379210424441,0.74,1559.92,41.4444444444,3.60789575559,-8.17124146124e-14,2.66984285914
2109,3.60766223189,0.379233776811,0.74,1560.66,41.4166666667,3.60766223189,-6.66133814775e-14,2.6696700516
2110,3.60742845218,0.379257154782,0.74,1561.4,41.3888888889,3.60742845218,-7.59392548844e-14,2.66949705462
2111,3.60719441443,0.379280558557,0.74,1562.14,41.3611111111,3.60719441443,-7.94919685632e-14,2.66932386668
2112,3.60696011657,0.379303988343,0.74,1562.88,41.3333333333,3.60696011657,-7.54951656745e-14,2.66915048626
2113,3.60672555653,0.379327444347,0.74,1563.62,41.3055555556,3.60672555653,-7.06101843662e-14,2.66897691183
2114,3.60649073223,0.379350926777,0.74,1564.36,41.2777777778,3.60649073223,-7.72715225139e-14,2.66880314185
2115,3.60625564155,0.379374435845,0.74,1565.1,41.25,3.60625564155,-6.70574706874e-14,2.66862917475
2116,3.60602028238,0.379397971762,0.74,1565.84,41.2222222222,3.60602028238,-7.86037901435e-14,2.66845500896
2117,3.60578465258,0.379421534742,0.74,1566.58,41.1944444444,3.60578465258,-9.50350909079e-14,2.66828064291
2118,3.60554874999,0.379445125001,0.74,1567.32,41.1666666667,3.60554874999,-6.57252030578e-14,2.66810607499
2119,3.60531257243,0.379468742757,0.74,1568.06,41.1388888889,3.60531257243,-6.79456491071e-14,2.6679313036
2120,3.60507611772,0.379492388228,0.74,1568.8,41.1111111111,3.60507611772,-1.05693231944e-13,2.66775632711
2121,3.60483938364,0.379516061636,0.74,1569.54,41.0833333333,3.60483938364,-7.46069872548e-14,2.66758114389
2122,3.60460236798,0.379539763202,0.74,1570.28,41.0555555556,3.60460236798,-7.50510764647e-14,2.6674057523
2123,3.60436506848,0.379563493152,0.74,1571.02,41.0277777778,3.60436506848,-6.5281113848e-14,2.66723015068
2124,3.60412748289,0.379587251711,0.74,1571.76,41,3.60412748289,-9.01501095996e-14,2.66705433734
2125,3.60388960892,0.379611039108,0.74,1572.5,40.9722222222,3.60388960892,-8.21565038223e-14,2.6668783106
2126,3.60365144429,0.379634855571,0.74,1573.24,40.9444444444,3.60365144429,-9.01501095996e-14,2.66670206877
2127,3.60341298666,0.379658701334,0.74,1573.98,40.9166666667,3.60341298666,-5.50670620214e-14,2.66652561013
2128,3.60317423371,0.379682576629,0.74,1574.72,40.8888888889,3.60317423371,-9.81437153769e-14,2.66634893295
2129,3.60293518309,0.379706481691,0.74,1575.46,40.8611111111,3.60293518309,-6.83897383169e-14,2.66617203549
2130,3.60269583242,0.379730416758,0.74,1576.2,40.8333333333,3.60269583242,-6.43929354283e-14,2.66599491599
2131,3.60245617931,0.379754382069,0.74,1576.94,40.8055555556,3.60245617931,-7.06101843662e-14,2.66581757269
2132,3.60221622135,0.379778377865,0.74,1577.68,40.7777777778,3.60221622135,-7.59392548844e-14,2.6656400038
2133,3.60197595611,0.379802404389,0.74,1578.42,40.75,3.60197595611,-9.05941988094e-14,2.66546220752
2134,3.60173538115,0.379826461885,0.74,1579.16,40.7222222222,3.60173538115,-6.48370246381e-14,2.66528418205
2135,3.601494494,0.3798505506,0.74,1579.9,40.6944444444,3.601494494,-1.04360964315e-13,2.66510592556
2136,3.60125329216,0.379874670784,0.74,1580.64,40.6666666667,3.60125329216,-8.3044682242e-14,2.6649274362
2137,3.60101177314,0.379898822686,0.74,1581.38,40.6388888889,3.60101177314,-5.81756864904e-14,2.66474871212
2138,3.60076993439,0.379923006561,0.74,1582.12,40.6111111111,3.60076993439,-5.6399329651e-14,2.66456975145
2139,3.60052777339,0.379947222661,0.74,1582.86,40.5833333333,3.60052777339,-9.28146448587e-14,2.66439055231
2140,3.60028528755,0.379971471245,0.74,1583.6,40.5555555556,3.60028528755,-7.23865412056e-14,2.66421111279
2141,3.60004247429,0.379995752571,0.74,1584.34,40.5277777778,3.60004247429,-7.1054273576e-14,2.66403143098
2142,3.59979933101,0.380020066899,0.74,1585.08,40.5,3.59979933101,-9.32587340685e-14,2.66385150495
2143,3.59955585506,0.380044414494,0.74,1585.82,40.4722222222,3.59955585506,-7.4162898045e-14,2.66367133275
2144,3.59931204381,0.380068795619,0.74,1586.56,40.4444444444,3.59931204381,-9.50350909079e-14,2.66349091242
2145,3.59906789458,0.380093210542,0.74,1587.3,40.4166666667,3.59906789458,-9.94759830064e-14,2.66331024199
2146,3.59882340467,0.380117659533,0.74,1588.04,40.3888888889,3.59882340467,-8.83737527602e-14,2.66312931945
2147,3.59857857137,0.380142142863,0.74,1588.78,40.3611111111,3.59857857137,-6.39488462184e-14,2.66294814282
2148,3.59833339195,0.380166660805,0.74,1589.52,40.3333333333,3.59833339195,-8.48210390814e-14,2.66276671004
2149,3.59808786365,0.380191213635,0.74,1590.26,40.3055555556,3.59808786365,-6.88338275268e-14,2.6625850191
2150,3.59784198368,0.380215801632,0.74,1591,40.2777777778,3.59784198368,-8.52651282912e-14,2.66240306792
2151,3.59759574925,0.380240425075,0.74,1591.74,40.25,3.59759574925,-9.50350909079e-14,2.66222085444
2152,3.59734915753,0.380265084247,0.74,1592.48,40.2222222222,3.59734915753,-1.07913677994e-13,2.66203837657
2153,3.59710220567,0.380289779433,0.74,1593.22,40.1944444444,3.59710220567,-6.92779167366e-14,2.6618556322
2154,3.59685489081,0.380314510919,0.74,1593.96,40.1666666667,3.59685489081,-1.00364161426e-13,2.6616726192
2155,3.59660721005,0.380339278995,0.74,1594.7,40.1388888889,3.59660721005,-7.9936057773e-14,2.66148933544
2156,3.59635916047,0.380364083953,0.74,1595.44,40.1111111111,3.59635916047,-5.50670620214e-14,2.66130577875
2157,3.59611073915,0.380388926085,0.74,1596.18,40.0833333333,3.59611073915,-8.21565038223e-14,2.66112194697
2158,3.59586194311,0.380413805689,0.74,1596.92,40.0555555556,3.59586194311,-1.03028696685e-13,2.6609378379
2159,3.59561276936,0.380438723064,0.74,1597.66,40.0277777778,3.59561276936,-6.97220059465e-14,2.66075344933
2160,3.59536321491,0.380463678509,0.74,1598.4,40,3.59536321491,-7.9936057773e-14,2.66056877904
2161,3.59511327672,0.380488672328,0.74,1599.14,39.9722222222,3.59511327672,-7.9936057773e-14,2.66038382477
2162,3.59486295172,0.380513704828,0.74,1599.88,39.9444444444,3.59486295172,-5.90638649101e-14,2.66019858428
2163,3.59461223684,0.380538776316,0.74,1600.62,39.9166666667,3.59461223684,-6.92779167366e-14,2.66001305527
2164,3.59436112898,0.380563887102,0.74,1601.36,39.8888888889,3.59436112898,-1.07469588784e-13,2.65982723544
2165,3.59410962499,0.380589037501,0.74,1602.1,39.8611111111,3.59410962499,-8.43769498715e-14,2.65964112249
2166,3.59385772172,0.380614227828,0.74,1602.84,39.8333333333,3.59385772172,-7.72715225139e-14,2.65945471407
2167,3.59360541599,0.380639458401,0.74,1603.58,39.8055555556,3.59360541599,-7.59392548844e-14,2.65926800783
2168,3.5933527046,0.38066472954,0.74,1604.32,39.7777777778,3.5933527046,-9.45910016981e-14,2.6590810014
2169,3.59309958431,0.380690041569,0.74,1605.06,39.75,3.59309958431,-6.57252030578e-14,2.65889369239
2170,3.59284605186,0.380715394814,0.74,1605.8,39.7222222222,3.59284605186,-9.72555369572e-14,2.65870607838
2171,3.59259210398,0.380740789602,0.74,1606.54,39.6944444444,3.59259210398,-1.10134124043e-13,2.65851815694
2172,3.59233773734,0.380766226266,0.74,1607.28,39.6666666667,3.59233773734,-7.37188088351e-14,2.65832992563
2173,3.59208294861,0.380791705139,0.74,1608.02,39.6388888889,3.59208294861,-7.23865412056e-14,2.65814138197
2174,3.59182773443,0.380817226557,0.74,1608.76,39.6111111111,3.59182773443,-8.83737527602e-14,2.65795252348
2175,3.59157209142,0.380842790858,0.74,1609.5,39.5833333333,3.59157209142,-7.37188088351e-14,2.65776334765
2176,3.59131601614,0.380868398386,0.74,1610.24,39.5555555556,3.59131601614,-7.63833440942e-14,2.65757385195
2177,3.59105950517,0.380894049483,0.74,1610.98,39.5277777778,3.59105950517,-8.70414851306e-14,2.65738403382
2178,3.59080255502,0.380919744498,0.74,1611.72,39.5,3.59080255502,-5.55111512313e-14,2.65719389071
2179,3.59054516219,0.380945483781,0.74,1612.46,39.4722222222,3.59054516219,-8.52651282912e-14,2.65700342002
2180,3.59028732317,0.380971267683,0.74,1613.2,39.4444444444,3.59028732317,-1.06137321154e-13,2.65681261914
2181,3.59002903439,0.380997096561,0.74,1613.94,39.4166666667,3.59002903439,-7.81597009336e-14,2.65662148545
2182,3.58977029227,0.381022970773,0.74,1614.68,39.3888888889,3.58977029227,-6.43929354283e-14,2.65643001628
2183,3.5895110932,0.38104889068,0.74,1615.42,39.3611111111,3.5895110932,-9.1926466439e-14,2.65623820897
2184,3.58925143353,0.381074856647,0.74,1616.16,39.3333333333,3.58925143353,-6.5281113848e-14,2.65604606082
2185,3.58899130961,0.381100869039,0.74,1616.9,39.3055555556,3.58899130961,-8.21565038223e-14,2.65585356911
2186,3.58873071772,0.381126928228,0.74,1617.64,39.2777777778,3.58873071772,-6.70574706874e-14,2.65566073111
2187,3.58846965414,0.381153034586,0.74,1618.38,39.25,3.58846965414,-8.83737527602e-14,2.65546754406
2188,3.58820811511,0.381179188489,0.74,1619.12,39.2222222222,3.58820811511,-8.43769498715e-14,2.65527400518
2189,3.58794609684,0.381205390316,0.74,1619.86,39.1944444444,3.58794609684,-6.83897383169e-14,2.65508011166
2190,3.58768359552,0.381231640448,0.74,1620.6,39.1666666667,3.58768359552,-5.72875080707e-14,2.65488586068
2191,3.58742060729,0.381257939271,0.74,1621.34,39.1388888889,3.58742060729,-5.41788836017e-14,2.6546912494
2192,3.58715712828,0.381284287172,0.74,1622.08,39.1111111111,3.58715712828,-9.54791801178e-14,2.65449627493
2193,3.58689315457,0.381310684543,0.74,1622.82,39.0833333333,3.58689315457,-9.1926466439e-14,2.65430093438
2194,3.58662868222,0.381337131778,0.74,1623.56,39.0555555556,3.58662868222,-5.24025267623e-14,2.65410522484
2195,3.58636370726,0.381363629274,0.74,1624.3,39.0277777778,3.58636370726,-9.85878045867e-14,2.65390914337
2196,3.58609822569,0.381390177431,0.74,1625.04,39,3.58609822569,-9.63673585375e-14,2.65371268701
2197,3.58583223346,0.381416776654,0.74,1625.78,38.9722222222,3.58583223346,-7.37188088351e-14,2.65351585276
2198,3.58556572652,0.381443427348,0.74,1626.52,38.9444444444,3.58556572652,-7.94919685632e-14,2.65331863762
2199,3.58529870075,0.381470129925,0.74,1627.26,38.9166666667,3.58529870075,-9.7699626167e-14,2.65312103855
2200,3.58503115202,0.381496884798,0.74,1628,38.8888888889,3.58503115202,-7.9936057773e-14,2.6529230525
2201,3.58476307617,0.381523692383,0.74,1628.74,38.8611111111,3.58476307617,-8.881784197e-14,2.65272467637
2202,3.584494469,0.3815505531,0.74,1629.48,38.8333333333,3.584494469,-1.10578213253e-13,2.65252590706
2203,3.58422532626,0.381577467374,0.74,1630.22,38.8055555556,3.58422532626,-8.65973959208e-14,2.65232674144
2204,3.58395564371,0.381604435629,0.74,1630.96,38.7777777778,3.58395564371,-7.23865412056e-14,2.65212717634
2205,3.58368541703,0.381631458297,0.74,1631.7,38.75,3.58368541703,-1.03028696685e-13,2.6519272086
2206,3.58341464188,0.381658535812,0.74,1632.44,38.7222222222,3.58341464188,-6.97220059465e-14,2.65172683499
2207,3.5831433139,0.38168566861,0.74,1633.18,38.6944444444,3.5831433139,-7.63833440942e-14,2.65152605229
2208,3.58287142869,0.381712857131,0.74,1633.92,38.6666666667,3.58287142869,-1.1990408666e-13,2.65132485723
2209,3.5825989818,0.38174010182,0.74,1634.66,38.6388888889,3.5825989818,-8.12683254026e-14,2.65112324653
2210,3.58232596876,0.381767403124,0.74,1635.4,38.6111111111,3.58232596876,-6.2172489379e-14,2.65092121688
2211,3.58205238505,0.381794761495,0.74,1636.14,38.5833333333,3.58205238505,-7.28306304154e-14,2.65071876494
2212,3.58177822613,0.381822177387,0.74,1636.88,38.5555555556,3.58177822613,-1.14130926931e-13,2.65051588734
2213,3.58150348742,0.381849651258,0.74,1637.62,38.5277777778,3.58150348742,-6.79456491071e-14,2.65031258069
2214,3.58122816429,0.381877183571,0.74,1638.36,38.5,3.58122816429,-9.68114477473e-14,2.65010884158
2215,3.58095225209,0.381904774791,0.74,1639.1,38.4722222222,3.58095225209,-8.74855743405e-14,2.64990466655
2216,3.58067574613,0.381932425387,0.74,1639.84,38.4444444444,3.58067574613,-8.08242361927e-14,2.64970005214
2217,3.58039864167,0.381960135833,0.74,1640.58,38.4166666667,3.58039864167,-1.15463194561e-13,2.64949499484
2218,3.58012093395,0.381987906605,0.74,1641.32,38.3888888889,3.58012093395,-9.94759830064e-14,2.64928949112
2219,3.57984261816,0.382015738184,0.74,1642.06,38.3611111111,3.57984261816,-8.26005930321e-14,2.64908353744
2220,3.57956368945,0.382043631055,0.74,1642.8,38.3333333333,3.57956368945,-1.02140518266e-13,2.64887713019
2221,3.57928414293,0.382071585707,0.74,1643.54,38.3055555556,3.57928414293,-9.32587340685e-14,2.64867026577
2222,3.5790039737,0.38209960263,0.74,1644.28,38.2777777778,3.5790039737,-7.90478793533e-14,2.64846294054
2223,3.57872317678,0.382127682322,0.74,1645.02,38.25,3.57872317678,-5.99520433298e-14,2.64825515082
2224,3.57844174717,0.382155825283,0.74,1645.76,38.2222222222,3.57844174717,-9.23705556488e-14,2.64804689291
2225,3.57815967984,0.382184032016,0.74,1646.5,38.1944444444,3.57815967984,-6.97220059465e-14,2.64783816308
2226,3.5778769697,0.38221230303,0.74,1647.24,38.1666666667,3.5778769697,-9.10382880193e-14,2.64762895757
2227,3.57759361162,0.382240638838,0.74,1647.98,38.1388888889,3.57759361162,-1.05249142734e-13,2.6474192726
2228,3.57730960045,0.382269039955,0.74,1648.72,38.1111111111,3.57730960045,-8.57092175011e-14,2.64720910433
2229,3.57702493099,0.382297506901,0.74,1649.46,38.0833333333,3.57702493099,-1.02584607475e-13,2.64699844893
2230,3.57673959798,0.382326040202,0.74,1650.2,38.0555555556,3.57673959798,-8.3044682242e-14,2.6467873025
2231,3.57645359613,0.382354640387,0.74,1650.94,38.0277777778,3.57645359613,-1.11466391672e-13,2.64657566114
2232,3.57616692013,0.382383307987,0.74,1651.68,38,3.57616692013,-8.03801469829e-14,2.6463635209
2233,3.5758795646,0.38241204354,0.74,1652.42,37.9722222222,3.5758795646,-8.43769498715e-14,2.64615087781
2234,3.57559152412,0.382440847588,0.74,1653.16,37.9444444444,3.57559152412,-1.03916875105e-13,2.64593772785
2235,3.57530279324,0.382469720676,0.74,1653.9,37.9166666667,3.57530279324,-6.08402217495e-14,2.645724067
2236,3.57501336645,0.382498663355,0.74,1654.64,37.8888888889,3.57501336645,-8.03801469829e-14,2.64550989118
2237,3.57472323822,0.382527676178,0.74,1655.38,37.8611111111,3.57472323822,-9.45910016981e-14,2.64529519628
2238,3.57443240294,0.382556759706,0.74,1656.12,37.8333333333,3.57443240294,-8.17124146124e-14,2.64507997818
2239,3.57414085499,0.382585914501,0.74,1656.86,37.8055555556,3.57414085499,-1.01252339846e-13,2.64486423269
2240,3.57384858869,0.382615141131,0.74,1657.6,37.7777777778,3.57384858869,-1.14575016141e-13,2.64464795563
2241,3.57355559831,0.382644440169,0.74,1658.34,37.75,3.57355559831,-5.19584375525e-14,2.64443114275
2242,3.57326187809,0.382673812191,0.74,1659.08,37.7222222222,3.57326187809,-9.41469124882e-14,2.64421378978
2243,3.5729674222,0.38270325778,0.74,1659.82,37.6944444444,3.5729674222,-6.30606677987e-14,2.64399589243
2244,3.5726722248,0.38273277752,0.74,1660.56,37.6666666667,3.5726722248,-7.90478793533e-14,2.64377744635
2245,3.57237627996,0.382762372004,0.74,1661.3,37.6388888889,3.57237627996,-7.06101843662e-14,2.64355844717
2246,3.57207958174,0.382792041826,0.74,1662.04,37.6111111111,3.57207958174,-9.63673585375e-14,2.64333889049
2247,3.57178212413,0.382821787587,0.74,1662.78,37.5833333333,3.57178212413,-6.08402217495e-14,2.64311877185
2248,3.57148390107,0.382851609893,0.74,1663.52,37.5555555556,3.57148390107,-9.54791801178e-14,2.64289808679
2249,3.57118490648,0.382881509352,0.74,1664.26,37.5277777778,3.57118490648,-8.79296635503e-14,2.6426768308
2250,3.5708851342,0.38291148658,0.74,1665,37.5,3.5708851342,-6.39488462184e-14,2.64245499931
2251,3.57058457804,0.382941542196,0.74,1665.74,37.4722222222,3.57058457804,-6.39488462184e-14,2.64223258775
2252,3.57028323174,0.382971676826,0.74,1666.48,37.4444444444,3.57028323174,-1.06581410364e-13,2.64200959149
2253,3.56998108902,0.383001891098,0.74,1667.22,37.4166666667,3.56998108902,-1.29674049276e-13,2.64178600588
2254,3.56967814353,0.383032185647,0.74,1667.96,37.3888888889,3.56967814353,-7.01660951563e-14,2.64156182621
2255,3.56937438887,0.383062561113,0.74,1668.7,37.3611111111,3.56937438887,-7.01660951563e-14,2.64133704776
2256,3.56906981859,0.383093018141,0.74,1669.44,37.3333333333,3.56906981859,-1.05693231944e-13,2.64111166576
2257,3.5687644262,0.38312355738,0.74,1670.18,37.3055555556,3.5687644262,-8.65973959208e-14,2.64088567539
2258,3.56845820514,0.383154179486,0.74,1670.92,37.2777777778,3.56845820514,-6.30606677987e-14,2.64065907181
2259,3.56815114882,0.383184885118,0.74,1671.66,37.25,3.56815114882,-1.00364161426e-13,2.64043185013
2260,3.56784325057,0.383215674943,0.74,1672.4,37.2222222222,3.56784325057,-6.66133814775e-14,2.64020400542
2261,3.56753450369,0.383246549631,0.74,1673.14,37.1944444444,3.56753450369,-8.57092175011e-14,2.63997553273
2262,3.56722490141,0.383277509859,0.74,1673.88,37.1666666667,3.56722490141,-9.94759830064e-14,2.63974642705
2263,3.56691443693,0.383308556307,0.74,1674.62,37.1388888889,3.56691443693,-7.46069872548e-14,2.63951668333
2264,3.56660310336,0.383339689664,0.74,1675.36,37.1111111111,3.56660310336,-8.43769498715e-14,2.63928629649
2265,3.56629089379,0.383370910621,0.74,1676.1,37.0833333333,3.56629089379,-9.1926466439e-14,2.6390552614
2266,3.56597780123,0.383402219877,0.74,1676.84,37.0555555556,3.56597780123,-7.06101843662e-14,2.63882357291
2267,3.56566381865,0.383433618135,0.74,1677.58,37.0277777778,3.56566381865,-1.03916875105e-13,2.6385912258
2268,3.56534893896,0.383465106104,0.74,1678.32,37,3.56534893896,-9.1926466439e-14,2.63835821483
2269,3.56503315501,0.383496684499,0.74,1679.06,36.9722222222,3.56503315501,-8.08242361927e-14,2.6381245347
2270,3.56471645959,0.383528354041,0.74,1679.8,36.9444444444,3.56471645959,-9.01501095996e-14,2.63789018009
2271,3.56439884544,0.383560115456,0.74,1680.54,36.9166666667,3.56439884544,-8.03801469829e-14,2.63765514562
2272,3.56408030524,0.383591969476,0.74,1681.28,36.8888888889,3.56408030524,-1.03028696685e-13,2.63741942588
2273,3.56376083161,0.383623916839,0.74,1682.02,36.8611111111,3.56376083161,-7.46069872548e-14,2.63718301539
2274,3.56344041712,0.383655958288,0.74,1682.76,36.8333333333,3.56344041712,-7.37188088351e-14,2.63694590867
2275,3.56311905427,0.383688094573,0.74,1683.5,36.8055555556,3.56311905427,-9.7699626167e-14,2.63670810016
2276,3.56279673549,0.383720326451,0.74,1684.24,36.7777777778,3.56279673549,-8.17124146124e-14,2.63646958426
2277,3.56247345318,0.383752654682,0.74,1684.98,36.75,3.56247345318,-8.74855743405e-14,2.63623035535
2278,3.56214919965,0.383785080035,0.74,1685.72,36.7222222222,3.56214919965,-1.04805053525e-13,2.63599040774
2279,3.56182396717,0.383817603283,0.74,1686.46,36.6944444444,3.56182396717,-1.04360964315e-13,2.63574973571
2280,3.56149774794,0.383850225206,0.74,1687.2,36.6666666667,3.56149774794,-7.63833440942e-14,2.63550833348
2281,3.56117053409,0.383882946591,0.74,1687.94,36.6388888889,3.56117053409,-8.83737527602e-14,2.63526619523
2282,3.56084231771,0.383915768229,0.74,1688.68,36.6111111111,3.56084231771,-7.72715225139e-14,2.6350233151
2283,3.56051309079,0.383948690921,0.74,1689.42,36.5833333333,3.56051309079,-8.61533067109e-14,2.63477968718
2284,3.56018284529,0.383981715471,0.74,1690.16,36.5555555556,3.56018284529,-8.97060203897e-14,2.63453530551
2285,3.55985157309,0.384014842691,0.74,1690.9,36.5277777778,3.55985157309,-1.03028696685e-13,2.63429016409
2286,3.55951926602,0.384048073398,0.74,1691.64,36.5,3.55951926602,-9.1926466439e-14,2.63404425685
2287,3.55918591582,0.384081408418,0.74,1692.38,36.4722222222,3.55918591582,-9.72555369572e-14,2.63379757771
2288,3.55885151419,0.384114848581,0.74,1693.12,36.4444444444,3.55885151419,-6.70574706874e-14,2.6335501205
2289,3.55851605274,0.384148394726,0.74,1693.86,36.4166666667,3.55851605274,-9.63673585375e-14,2.63330187903
2290,3.55817952303,0.384182047697,0.74,1694.6,36.3888888889,3.55817952303,-1.03472785895e-13,2.63305284704
2291,3.55784191656,0.384215808344,0.74,1695.34,36.3611111111,3.55784191656,-1.07025499574e-13,2.63280301825
2292,3.55750322473,0.384249677527,0.74,1696.08,36.3333333333,3.55750322473,-1.05249142734e-13,2.6325523863
2293,3.5571634389,0.38428365611,0.74,1696.82,36.3055555556,3.5571634389,-1.07913677994e-13,2.63230094479
2294,3.55682255036,0.384317744964,0.74,1697.56,36.2777777778,3.55682255036,-1.11466391672e-13,2.63204868727
2295,3.55648055032,0.384351944968,0.74,1698.3,36.25,3.55648055032,-7.9936057773e-14,2.63179560724
2296,3.55613742992,0.384386257008,0.74,1699.04,36.2222222222,3.55613742992,-7.06101843662e-14,2.63154169814
2297,3.55579318023,0.384420681977,0.74,1699.78,36.1944444444,3.55579318023,-1.11910480882e-13,2.63128695337
2298,3.55544779226,0.384455220774,0.74,1700.52,36.1666666667,3.55544779226,-8.21565038223e-14,2.63103136627
2299,3.55510125693,0.384489874307,0.74,1701.26,36.1388888889,3.55510125693,-1.06581410364e-13,2.63077493013
2300,3.55475356511,0.384524643489,0.74,1702,36.1111111111,3.55475356511,-1.04805053525e-13,2.63051763818
2301,3.55440470758,0.384559529242,0.74,1702.74,36.0833333333,3.55440470758,-8.39328606617e-14,2.63025948361
2302,3.55405467505,0.384594532495,0.74,1703.48,36.0555555556,3.55405467505,-9.01501095996e-14,2.63000045953
2303,3.55370345815,0.384629654185,0.74,1704.22,36.0277777778,3.55370345815,-1.1768364061e-13,2.62974055903
2304,3.55335104746,0.384664895254,0.74,1704.96,36,3.55335104746,-6.57252030578e-14,2.62947977512
2305,3.55299743345,0.384700256655,0.74,1705.7,35.9722222222,3.55299743345,-8.39328606617e-14,2.62921810075
2306,3.55264260655,0.384735739345,0.74,1706.44,35.9444444444,3.55264260655,-8.74855743405e-14,2.62895552884
2307,3.55228655708,0.384771344292,0.74,1707.18,35.9166666667,3.55228655708,-7.90478793533e-14,2.62869205224
2308,3.5519292753,0.38480707247,0.74,1707.92,35.8888888889,3.5519292753,-7.28306304154e-14,2.62842766372
2309,3.5515707514,0.38484292486,0.74,1708.66,35.8611111111,3.5515707514,-1.12798659302e-13,2.62816235604
2310,3.55121097548,0.384878902452,0.74,1709.4,35.8333333333,3.55121097548,-9.81437153769e-14,2.62789612186
2311,3.55084993756,0.384915006244,0.74,1710.14,35.8055555556,3.55084993756,-8.65973959208e-14,2.62762895379
2312,3.55048762759,0.384951237241,0.74,1710.88,35.7777777778,3.55048762759,-8.08242361927e-14,2.62736084441
2313,3.55012403542,0.384987596458,0.74,1711.62,35.75,3.55012403542,-1.38555833473e-13,2.62709178621
2314,3.54975915085,0.385024084915,0.74,1712.36,35.7222222222,3.54975915085,-8.3044682242e-14,2.62682177163
2315,3.54939296357,0.385060703643,0.74,1713.1,35.6944444444,3.54939296357,-1.11466391672e-13,2.62655079305
2316,3.54902546321,0.385097453679,0.74,1713.84,35.6666666667,3.54902546321,-8.3044682242e-14,2.62627884278
2317,3.54865663931,0.385134336069,0.74,1714.58,35.6388888889,3.54865663931,-1.14575016141e-13,2.62600591309
2318,3.54828648131,0.385171351869,0.74,1715.32,35.6111111111,3.54828648131,-1.03028696685e-13,2.62573199617
2319,3.54791497858,0.385208502142,0.74,1716.06,35.5833333333,3.54791497858,-1.04805053525e-13,2.62545708415
2320,3.54754212042,0.385245787958,0.74,1716.8,35.5555555556,3.54754212042,-9.68114477473e-14,2.62518116911
2321,3.54716789602,0.385283210398,0.74,1717.54,35.5277777778,3.54716789602,-8.34887714518e-14,2.62490424305
2322,3.54679229449,0.385320770551,0.74,1718.28,35.5,3.54679229449,-9.23705556488e-14,2.62462629792
2323,3.54641530486,0.385358469514,0.74,1719.02,35.4722222222,3.54641530486,-9.54791801178e-14,2.6243473256
2324,3.54603691608,0.385396308392,0.74,1719.76,35.4444444444,3.54603691608,-7.37188088351e-14,2.6240673179
2325,3.54565711699,0.385434288301,0.74,1720.5,35.4166666667,3.54565711699,-1.15907283771e-13,2.62378626657
2326,3.54527589635,0.385472410365,0.74,1721.24,35.3888888889,3.54527589635,-9.99200722163e-14,2.6235041633
2327,3.54489324285,0.385510675715,0.74,1721.98,35.3611111111,3.54489324285,-5.77315972805e-14,2.62322099971
2328,3.54450914505,0.385549085495,0.74,1722.72,35.3333333333,3.54450914505,-9.28146448587e-14,2.62293676734
2329,3.54412359146,0.385587640854,0.74,1723.46,35.3055555556,3.54412359146,-7.90478793533e-14,2.62265145768
2330,3.54373657046,0.385626342954,0.74,1724.2,35.2777777778,3.54373657046,-9.7699626167e-14,2.62236506214
2331,3.54334807038,0.385665192962,0.74,1724.94,35.25,3.54334807038,-9.01501095996e-14,2.62207757208
2332,3.54295807943,0.385704192057,0.74,1725.68,35.2222222222,3.54295807943,-1.10578213253e-13,2.62178897878
2333,3.54256658572,0.385743341428,0.74,1726.42,35.1944444444,3.54256658572,-7.37188088351e-14,2.62149927343
2334,3.54217357728,0.385782642272,0.74,1727.16,35.1666666667,3.54217357728,-1.04360964315e-13,2.62120844719
2335,3.54177904204,0.385822095796,0.74,1727.9,35.1388888889,3.54177904204,-1.01696429056e-13,2.62091649111
2336,3.54138296785,0.385861703215,0.74,1728.64,35.1111111111,3.54138296784,-9.45910016981e-14,2.62062339621
2337,3.54098534242,0.385901465758,0.74,1729.38,35.0833333333,3.54098534242,-1.05249142734e-13,2.62032915339
2338,3.54058615341,0.385941384659,0.74,1730.12,35.0555555556,3.54058615341,-9.32587340685e-14,2.62003375352
2339,3.54018538835,0.385981461165,0.74,1730.86,35.0277777778,3.54018538835,-5.50670620214e-14,2.61973718738
2340,3.53978303469,0.386021696531,0.74,1731.6,35,3.53978303469,-9.32587340685e-14,2.61943944567
2341,3.53937907976,0.386062092024,0.74,1732.34,34.9722222222,3.53937907976,-1.06137321154e-13,2.61914051903
2342,3.53897351082,0.386102648918,0.74,1733.08,34.9444444444,3.53897351082,-6.66133814775e-14,2.61884039801
2343,3.538566315,0.3861433685,0.74,1733.82,34.9166666667,3.538566315,-9.1926466439e-14,2.6185390731
2344,3.53815747933,0.386184252067,0.74,1734.56,34.8888888889,3.53815747933,-1.14130926931e-13,2.6182365347
2345,3.53774699075,0.386225300925,0.74,1735.3,34.8611111111,3.53774699075,-7.23865412056e-14,2.61793277315
2346,3.53733483609,0.386266516391,0.74,1736.04,34.8333333333,3.53733483609,-8.17124146124e-14,2.6176277787
2347,3.53692100207,0.386307899793,0.74,1736.78,34.8055555556,3.53692100207,-9.68114477473e-14,2.61732154153
2348,3.53650547531,0.386349452469,0.74,1737.52,34.7777777778,3.53650547531,-9.68114477473e-14,2.61701405173
2349,3.53608824233,0.386391175767,0.74,1738.26,34.75,3.53608824233,-1.02140518266e-13,2.61670529933
2350,3.53566928953,0.386433071047,0.74,1739,34.7222222222,3.53566928953,-8.65973959208e-14,2.61639527425
2351,3.5352486032,0.38647513968,0.74,1739.74,34.6944444444,3.5352486032,-1.21236354289e-13,2.61608396637
2352,3.53482616954,0.386517383046,0.74,1740.48,34.6666666667,3.53482616954,-7.68274333041e-14,2.61577136546
2353,3.53440197461,0.386559802539,0.74,1741.22,34.6388888889,3.53440197461,-1.1945999745e-13,2.61545746121
2354,3.53397600439,0.386602399561,0.74,1741.96,34.6111111111,3.53397600439,-1.12798659302e-13,2.61514224325
2355,3.53354824473,0.386645175527,0.74,1742.7,34.5833333333,3.53354824473,-7.46069872548e-14,2.6148257011
2356,3.53311868137,0.386688131863,0.74,1743.44,34.5555555556,3.53311868137,-1.02584607475e-13,2.61450782421
2357,3.53268729994,0.386731270006,0.74,1744.18,34.5277777778,3.53268729994,-1.03028696685e-13,2.61418860196
2358,3.53225408595,0.386774591405,0.74,1744.92,34.5,3.53225408595,-7.86037901435e-14,2.6138680236
2359,3.53181902481,0.386818097519,0.74,1745.66,34.4722222222,3.5318190248,-9.32587340685e-14,2.61354607836
2360,3.53138210178,0.386861789822,0.74,1746.4,34.4444444444,3.53138210178,-9.28146448587e-14,2.61322275532
2361,3.53094330204,0.386905669796,0.74,1747.14,34.4166666667,3.53094330204,-8.57092175011e-14,2.61289804351
2362,3.53050261064,0.386949738936,0.74,1747.88,34.3888888889,3.53050261064,-8.881784197e-14,2.61257193187
2363,3.53006001249,0.386993998751,0.74,1748.62,34.3611111111,3.53006001249,-1.24789067968e-13,2.61224440924
2364,3.52961549241,0.387038450759,0.74,1749.36,34.3333333333,3.52961549241,-7.01660951563e-14,2.61191546439
2365,3.52916903509,0.387083096491,0.74,1750.1,34.3055555556,3.52916903509,-6.70574706874e-14,2.61158508597
2366,3.52872062508,0.387127937492,0.74,1750.84,34.2777777778,3.52872062508,-1.25233157178e-13,2.61125326256
2367,3.52827024683,0.387172975317,0.74,1751.58,34.25,3.52827024683,-7.23865412056e-14,2.61091998265
2368,3.52781788465,0.387218211535,0.74,1752.32,34.2222222222,3.52781788465,-7.77156117238e-14,2.61058523464
2369,3.52736352274,0.387263647726,0.74,1753.06,34.1944444444,3.52736352274,-7.72715225139e-14,2.61024900683
2370,3.52690714517,0.387309285483,0.74,1753.8,34.1666666667,3.52690714517,-8.65973959208e-14,2.60991128742
2371,3.52644873586,0.387355126414,0.74,1754.54,34.1388888889,3.52644873586,-7.1054273576e-14,2.60957206454
2372,3.52598827863,0.387401172137,0.74,1755.28,34.1111111111,3.52598827863,-1.00364161426e-13,2.60923132619
2373,3.52552575717,0.387447424283,0.74,1756.02,34.0833333333,3.52552575717,-9.10382880193e-14,2.60888906031
2374,3.52506115503,0.387493884497,0.74,1756.76,34.0555555556,3.52506115503,-9.68114477473e-14,2.60854525472
2375,3.52459445562,0.387540554438,0.74,1757.5,34.0277777778,3.52459445562,-9.14823772291e-14,2.60819989716
2376,3.52412564224,0.387587435776,0.74,1758.24,34,3.52412564224,-1.05249142734e-13,2.60785297526
2377,3.52365469804,0.387634530196,0.74,1758.98,33.9722222222,3.52365469804,-8.52651282912e-14,2.60750447655
2378,3.52318160605,0.387681839395,0.74,1759.72,33.9444444444,3.52318160605,-9.7699626167e-14,2.60715438847
2379,3.52270634914,0.387729365086,0.74,1760.46,33.9166666667,3.52270634914,-1.28341781647e-13,2.60680269836
2380,3.52222891007,0.387777108993,0.74,1761.2,33.8888888889,3.52222891007,-6.97220059465e-14,2.60644939345
2381,3.52174927146,0.387825072854,0.74,1761.94,33.8611111111,3.52174927146,-7.72715225139e-14,2.60609446088
2382,3.52126741576,0.387873258424,0.74,1762.68,33.8333333333,3.52126741576,-9.50350909079e-14,2.60573788767
2383,3.52078332533,0.387921667467,0.74,1763.42,33.8055555556,3.52078332533,-8.48210390814e-14,2.60537966075
2384,3.52029698235,0.387970301765,0.74,1764.16,33.7777777778,3.52029698235,-1.08801856413e-13,2.60501976694
2385,3.51980836888,0.388019163112,0.74,1764.9,33.75,3.51980836888,-1.20348175869e-13,2.60465819297
2386,3.51931746682,0.388068253318,0.74,1765.64,33.7222222222,3.51931746682,-9.94759830064e-14,2.60429492545
2387,3.51882425793,0.388117574207,0.74,1766.38,33.6944444444,3.51882425793,-1.09690034833e-13,2.60392995087
2388,3.51832872385,0.388167127615,0.74,1767.12,33.6666666667,3.51832872385,-1.12354570092e-13,2.60356325565
2389,3.51783084603,0.388216915397,0.74,1767.86,33.6388888889,3.51783084603,-1.01696429056e-13,2.60319482606
2390,3.5173306058,0.38826693942,0.74,1768.6,33.6111111111,3.5173306058,-7.77156117238e-14,2.60282464829
2391,3.51682798435,0.388317201565,0.74,1769.34,33.5833333333,3.51682798435,-8.57092175011e-14,2.60245270842
2392,3.51632296269,0.388367703731,0.74,1770.08,33.5555555556,3.51632296269,-1.22568621919e-13,2.60207899239
2393,3.5158155217,0.38841844783,0.74,1770.82,33.5277777778,3.5158155217,-1.09690034833e-13,2.60170348606
2394,3.5153056421,0.38846943579,0.74,1771.56,33.5,3.5153056421,-1.04360964315e-13,2.60132617515
2395,3.51479330447,0.388520669553,0.74,1772.3,33.4722222222,3.51479330447,-9.05941988094e-14,2.60094704531
2396,3.51427848921,0.388572151079,0.74,1773.04,33.4444444444,3.51427848921,-9.63673585375e-14,2.60056608202
2397,3.51376117659,0.388623882341,0.74,1773.78,33.4166666667,3.51376117659,-9.05941988094e-14,2.60018327068
2398,3.51324134671,0.388675865329,0.74,1774.52,33.3888888889,3.51324134671,-9.23705556488e-14,2.59979859656
2399,3.5127189795,0.38872810205,0.74,1775.26,33.3611111111,3.5127189795,-8.21565038223e-14,2.59941204483
2400,3.51219405475,0.388780594525,0.74,1776,33.3333333333,3.51219405475,-7.94919685632e-14,2.59902360051
2401,3.51166655208,0.388833344792,0.74,1776.74,33.3055555556,3.51166655208,-1.03028696685e-13,2.59863324854
2402,3.51113645096,0.388886354904,0.74,1777.48,33.2777777778,3.51113645096,-9.32587340685e-14,2.59824097371
2403,3.51060373067,0.388939626933,0.74,1778.22,33.25,3.51060373067,-9.54791801178e-14,2.59784676069
2404,3.51006837034,0.388993162966,0.74,1778.96,33.2222222222,3.51006837034,-8.97060203897e-14,2.59745059405
2405,3.50953034895,0.389046965105,0.74,1779.7,33.1944444444,3.50953034895,-7.81597009336e-14,2.59705245822
2406,3.50898964528,0.389101035472,0.74,1780.44,33.1666666667,3.50898964528,-1.06581410364e-13,2.59665233751
2407,3.50844623797,0.389155376203,0.74,1781.18,33.1388888889,3.50844623796,-9.23705556488e-14,2.59625021609
2408,3.50790010546,0.389209989454,0.74,1781.92,33.1111111111,3.50790010546,-9.05941988094e-14,2.59584607804
2409,3.50735122605,0.389264877395,0.74,1782.66,33.0833333333,3.50735122605,-8.79296635503e-14,2.59543990728
2410,3.50679957785,0.389320042215,0.74,1783.4,33.0555555556,3.50679957785,-9.05941988094e-14,2.59503168761
2411,3.5062451388,0.38937548612,0.74,1784.14,33.0277777778,3.5062451388,-1.13686837722e-13,2.59462140271
2412,3.50568788666,0.389431211334,0.74,1784.88,33,3.50568788666,-8.74855743405e-14,2.59420903613
2413,3.50512779901,0.389487220099,0.74,1785.62,32.9722222222,3.50512779901,-9.81437153769e-14,2.59379457127
2414,3.50456485326,0.389543514674,0.74,1786.36,32.9444444444,3.50456485326,-8.92619311799e-14,2.59337799141
2415,3.50399902664,0.389600097336,0.74,1787.1,32.9166666667,3.50399902664,-9.63673585375e-14,2.59295927971
2416,3.50343029619,0.389656970381,0.74,1787.84,32.8888888889,3.50343029619,-1.15463194561e-13,2.59253841918
2417,3.50285863877,0.389714136123,0.74,1788.58,32.8611111111,3.50285863877,-1.26565424807e-13,2.59211539269
2418,3.50228403107,0.389771596893,0.74,1789.32,32.8333333333,3.50228403107,-1.04805053525e-13,2.59169018299
2419,3.50170644957,0.389829355043,0.74,1790.06,32.8055555556,3.50170644957,-9.54791801178e-14,2.59126277268
2420,3.50112587057,0.389887412943,0.74,1790.8,32.7777777778,3.50112587057,-1.00808250636e-13,2.59083314422
2421,3.5005422702,0.38994577298,0.74,1791.54,32.75,3.5005422702,-7.1054273576e-14,2.59040127995
2422,3.49995562438,0.390004437562,0.74,1792.28,32.7222222222,3.49995562438,-1.24344978758e-13,2.58996716204
2423,3.49936590884,0.390063409116,0.74,1793.02,32.6944444444,3.49936590884,-7.94919685632e-14,2.58953077255
2424,3.49877309913,0.390122690087,0.74,1793.76,32.6666666667,3.49877309913,-9.72555369572e-14,2.58909209336
2425,3.49817717058,0.390182282942,0.74,1794.5,32.6388888889,3.49817717058,-6.66133814775e-14,2.58865110623
2426,3.49757809835,0.390242190165,0.74,1795.24,32.6111111111,3.49757809835,-7.28306304154e-14,2.58820779278
2427,3.49697585739,0.390302414261,0.74,1795.98,32.5833333333,3.49697585739,-6.30606677987e-14,2.58776213447
2428,3.49637042245,0.390362957755,0.74,1796.72,32.5555555556,3.49637042245,-8.39328606617e-14,2.58731411261
2429,3.49576176807,0.390423823193,0.74,1797.46,32.5277777778,3.49576176807,-1.14575016141e-13,2.58686370838
2430,3.49514986862,0.390485013138,0.74,1798.2,32.5,3.49514986862,-1.02140518266e-13,2.58641090278
2431,3.49453469822,0.390546530178,0.74,1798.94,32.4722222222,3.49453469822,-9.99200722163e-14,2.58595567668
2432,3.49391623082,0.390608376918,0.74,1799.68,32.4444444444,3.49391623082,-8.3044682242e-14,2.58549801081
2433,3.49329444014,0.390670555986,0.74,1800.42,32.4166666667,3.49329444014,-1.03028696685e-13,2.58503788571
2434,3.49266929971,0.390733070029,0.74,1801.16,32.3888888889,3.49266929971,-1.03472785895e-13,2.58457528179
2435,3.49204078284,0.390795921716,0.74,1801.9,32.3611111111,3.49204078284,-1.31894495325e-13,2.5841101793
2436,3.49140886261,0.390859113739,0.74,1802.64,32.3333333333,3.49140886261,-1.21680443499e-13,2.58364255833
2437,3.49077351192,0.390922648808,0.74,1803.38,32.3055555556,3.49077351192,-7.81597009336e-14,2.58317239882
2438,3.49013470343,0.390986529657,0.74,1804.12,32.2777777778,3.49013470343,-8.08242361927e-14,2.58269968054
2439,3.48949240958,0.391050759042,0.74,1804.86,32.25,3.48949240958,-1.02140518266e-13,2.58222438309
2440,3.4888466026,0.39111533974,0.74,1805.6,32.2222222222,3.4888466026,-9.45910016981e-14,2.58174648593
2441,3.48819725451,0.391180274549,0.74,1806.34,32.1944444444,3.48819725451,-8.881784197e-14,2.58126596834
2442,3.48754433708,0.391245566292,0.74,1807.08,32.1666666667,3.48754433708,-1.15019105351e-13,2.58078280944
2443,3.48688782188,0.391311217812,0.74,1807.82,32.1388888889,3.48688782188,-6.92779167366e-14,2.58029698819
2444,3.48622768024,0.391377231976,0.74,1808.56,32.1111111111,3.48622768023,-1.1812772982e-13,2.57980848337
2445,3.48556388325,0.391443611675,0.74,1809.3,32.0833333333,3.48556388325,-1.12354570092e-13,2.57931727361
2446,3.4848964018,0.39151035982,0.74,1810.04,32.0555555556,3.4848964018,-1.02140518266e-13,2.57882333733
2447,3.48422520653,0.391577479347,0.74,1810.78,32.0277777778,3.48422520653,-9.81437153769e-14,2.57832665283
2448,3.48355026785,0.391644973215,0.74,1811.52,32,3.48355026785,-9.81437153769e-14,2.57782719821
2449,3.48287155592,0.391712844408,0.74,1812.26,31.9722222222,3.48287155592,-1.05693231944e-13,2.57732495138
2450,3.48218904068,0.391781095932,0.74,1813,31.9444444444,3.48218904068,-1.03916875105e-13,2.57681989011
2451,3.48150269184,0.391849730816,0.74,1813.74,31.9166666667,3.48150269184,-1.05249142734e-13,2.57631199196
2452,3.48081247883,0.391918752117,0.74,1814.48,31.8888888889,3.48081247883,-9.1926466439e-14,2.57580123433
2453,3.48011837087,0.391988162913,0.74,1815.22,31.8611111111,3.48011837087,-7.28306304154e-14,2.57528759444
2454,3.47942033693,0.392057966307,0.74,1815.96,31.8333333333,3.47942033693,-1.11910480882e-13,2.57477104933
2455,3.47871834572,0.392128165428,0.74,1816.7,31.8055555556,3.47871834572,-1.26121335597e-13,2.57425157583
2456,3.47801236571,0.392198763429,0.74,1817.44,31.7777777778,3.47801236571,-9.37028232784e-14,2.57372915062
2457,3.47730236511,0.392269763489,0.74,1818.18,31.75,3.47730236511,-1.07025499574e-13,2.57320375018
2458,3.4765883119,0.39234116881,0.74,1818.92,31.7222222222,3.4765883119,-1.27897692437e-13,2.57267535081
2459,3.47587017378,0.392412982622,0.74,1819.66,31.6944444444,3.47587017378,-1.05693231944e-13,2.5721439286
2460,3.4751479182,0.39248520818,0.74,1820.4,31.6666666667,3.4751479182,-7.23865412056e-14,2.57160945947
2461,3.47442151235,0.392557848765,0.74,1821.14,31.6388888889,3.47442151235,-1.23012711128e-13,2.57107191914
2462,3.47369092317,0.392630907683,0.74,1821.88,31.6111111111,3.47369092317,-6.48370246381e-14,2.57053128314
2463,3.47295611731,0.392704388269,0.74,1822.62,31.5833333333,3.47295611731,-7.72715225139e-14,2.56998752681
2464,3.47221706119,0.392778293881,0.74,1823.36,31.5555555556,3.47221706119,-8.70414851306e-14,2.56944062528
2465,3.47147372093,0.392852627907,0.74,1824.1,31.5277777778,3.47147372093,-9.01501095996e-14,2.56889055349
2466,3.47072606239,0.392927393761,0.74,1824.84,31.5,3.47072606239,-9.81437153769e-14,2.56833728617
2467,3.46997405118,0.393002594882,0.74,1825.58,31.4722222222,3.46997405118,-1.00808250636e-13,2.56778079787
2468,3.46921765261,0.393078234739,0.74,1826.32,31.4444444444,3.4692176526,-7.14983627859e-14,2.56722106293
2469,3.46845683171,0.393154316829,0.74,1827.06,31.4166666667,3.46845683171,-1.06137321154e-13,2.56665805546
2470,3.46769155325,0.393230844675,0.74,1827.8,31.3888888889,3.46769155325,-9.72555369572e-14,2.5660917494
2471,3.46692178171,0.393307821829,0.74,1828.54,31.3611111111,3.46692178171,-1.32338584535e-13,2.56552211847
2472,3.4661474813,0.39338525187,0.74,1829.28,31.3333333333,3.4661474813,-8.92619311799e-14,2.56494913616
2473,3.46536861592,0.393463138408,0.74,1830.02,31.3055555556,3.46536861592,-9.7699626167e-14,2.56437277578
2474,3.4645851492,0.39354148508,0.74,1830.76,31.2777777778,3.4645851492,-1.1901590824e-13,2.56379301041
2475,3.46379704448,0.393620295552,0.74,1831.5,31.25,3.46379704448,-9.7699626167e-14,2.56320981292
2476,3.4630042648,0.39369957352,0.74,1832.24,31.2222222222,3.4630042648,-1.15907283771e-13,2.56262315595
2477,3.46220677291,0.393779322709,0.74,1832.98,31.1944444444,3.46220677291,-1.04360964315e-13,2.56203301195
2478,3.46140453126,0.393859546874,0.74,1833.72,31.1666666667,3.46140453126,-8.79296635503e-14,2.56143935314
2479,3.46059750201,0.393940249799,0.74,1834.46,31.1388888889,3.46059750201,-1.02140518266e-13,2.56084215149
2480,3.45978564701,0.394021435299,0.74,1835.2,31.1111111111,3.45978564701,-1.07913677994e-13,2.56024137879
2481,3.45896892781,0.394103107219,0.74,1835.94,31.0833333333,3.45896892781,-9.05941988094e-14,2.55963700658
2482,3.45814730564,0.394185269436,0.74,1836.68,31.0555555556,3.45814730564,-1.25677246388e-13,2.55902900617
2483,3.45732074144,0.394267925856,0.74,1837.42,31.0277777778,3.45732074144,-1.15463194561e-13,2.55841734867
2484,3.45648919584,0.394351080416,0.74,1838.16,31,3.45648919584,-9.28146448587e-14,2.55780200492
2485,3.45565262914,0.394434737086,0.74,1838.9,30.9722222222,3.45565262914,-8.74855743405e-14,2.55718294556
2486,3.45481100132,0.394518899868,0.74,1839.64,30.9444444444,3.45481100132,-9.45910016981e-14,2.55656014098
2487,3.45396427208,0.394603572792,0.74,1840.38,30.9166666667,3.45396427208,-9.50350909079e-14,2.55593356134
2488,3.45311240075,0.394688759925,0.74,1841.12,30.8888888889,3.45311240074,-1.21680443499e-13,2.55530317655
2489,3.45225534636,0.394774465364,0.74,1841.86,30.8611111111,3.45225534636,-9.1926466439e-14,2.5546689563
2490,3.45139306761,0.394860693239,0.74,1842.6,30.8333333333,3.45139306761,-8.79296635503e-14,2.55403087003
2491,3.45052552288,0.394947447712,0.74,1843.34,30.8055555556,3.45052552288,-1.13686837722e-13,2.55338888693
2492,3.44965267021,0.395034732979,0.74,1844.08,30.7777777778,3.44965267021,-1.00808250636e-13,2.55274297595
2493,3.4487744673,0.39512255327,0.74,1844.82,30.75,3.4487744673,-1.13242748512e-13,2.5520931058
2494,3.44789087152,0.395210912848,0.74,1845.56,30.7222222222,3.44789087152,-7.63833440942e-14,2.55143924492
2495,3.4470018399,0.39529981601,0.74,1846.3,30.6944444444,3.4470018399,-8.17124146124e-14,2.55078136152
2496,3.44610732912,0.395389267088,0.74,1847.04,30.6666666667,3.44610732912,-1.31450406116e-13,2.55011942355
2497,3.44520729554,0.395479270446,0.74,1847.78,30.6388888889,3.44520729554,-1.15907283771e-13,2.5494533987
2498,3.44430169513,0.395569830487,0.74,1848.52,30.6111111111,3.44430169513,-1.13242748512e-13,2.5487832544
2499,3.44339048356,0.395660951644,0.74,1849.26,30.5833333333,3.44339048356,-1.25233157178e-13,2.54810895783
2500,3.44247361609,0.395752638391,0.74,1850,30.5555555556,3.44247361609,-1.11910480882e-13,2.54743047591
2501,3.44155104768,0.395844895232,0.74,1850.74,30.5277777778,3.44155104768,-1.07913677994e-13,2.54674777528
2502,3.44062273288,0.395937726712,0.74,1851.48,30.5,3.44062273288,-1.04805053525e-13,2.54606082233
2503,3.43968862593,0.396031137407,0.74,1852.22,30.4722222222,3.43968862593,-1.00364161426e-13,2.54536958319
2504,3.43874868065,0.396125131935,0.74,1852.96,30.4444444444,3.43874868065,-8.12683254026e-14,2.54467402368
2505,3.43780285054,0.396219714946,0.74,1853.7,30.4166666667,3.43780285054,-1.20348175869e-13,2.5439741094
2506,3.4368510887,0.39631489113,0.74,1854.44,30.3888888889,3.4368510887,-9.01501095996e-14,2.54326980564
2507,3.43589334786,0.396410665214,0.74,1855.18,30.3611111111,3.43589334786,-8.92619311799e-14,2.54256107742
2508,3.43492958039,0.396507041961,0.74,1855.92,30.3333333333,3.43492958039,-9.59232693276e-14,2.54184788949
2509,3.43395973827,0.396604026173,0.74,1856.66,30.3055555556,3.43395973827,-9.63673585375e-14,2.54113020632
2510,3.43298377309,0.396701622691,0.74,1857.4,30.2777777778,3.43298377309,-1.24344978758e-13,2.54040799209
2511,3.43200163606,0.396799836394,0.74,1858.14,30.25,3.43200163606,-9.99200722163e-14,2.53968121068
2512,3.43101327801,0.396898672199,0.74,1858.88,30.2222222222,3.43101327801,-1.172395514e-13,2.53894982572
2513,3.43001864936,0.396998135064,0.74,1859.62,30.1944444444,3.43001864936,-1.03472785895e-13,2.53821380052
2514,3.42901770015,0.397098229985,0.74,1860.36,30.1666666667,3.42901770015,-9.68114477473e-14,2.53747309811
2515,3.42801038002,0.397198961998,0.74,1861.1,30.1388888889,3.42801038002,-9.90318937966e-14,2.53672768121
2516,3.4269966382,0.39730033618,0.74,1861.84,30.1111111111,3.4269966382,-9.23705556488e-14,2.53597751227
2517,3.42597642353,0.397402357647,0.74,1862.58,30.0833333333,3.42597642353,-1.37667655054e-13,2.53522255341
2518,3.42494968442,0.397505031558,0.74,1863.32,30.0555555556,3.42494968442,-1.04360964315e-13,2.53446276647
2519,3.4239163689,0.39760836311,0.74,1864.06,30.0277777778,3.4239163689,-1.02584607475e-13,2.53369811299
2520,3.42287642456,0.397712357544,0.74,1864.8,30,3.42287642456,-1.21680443499e-13,2.53292855417
2521,3.42182979858,0.397817020142,0.74,1865.54,29.9722222222,3.42182979858,-1.1812772982e-13,2.53215405095
2522,3.42077643772,0.397922356228,0.74,1866.28,29.9444444444,3.42077643772,-7.54951656745e-14,2.53137456391
2523,3.41971628832,0.398028371168,0.74,1867.02,29.9166666667,3.41971628832,-1.14575016141e-13,2.53059005336
2524,3.41864929628,0.398135070372,0.74,1867.76,29.8888888889,3.41864929628,-9.90318937966e-14,2.52980047925
2525,3.41757540709,0.398242459291,0.74,1868.5,29.8611111111,3.41757540709,-1.09245945623e-13,2.52900580125
2526,3.41649456578,0.398350543422,0.74,1869.24,29.8333333333,3.41649456578,-1.00364161426e-13,2.52820597868
2527,3.41540671696,0.398459328304,0.74,1869.98,29.8055555556,3.41540671696,-9.32587340685e-14,2.52740097055
2528,3.4143118048,0.39856881952,0.74,1870.72,29.7777777778,3.4143118048,-8.61533067109e-14,2.52659073555
2529,3.41320977301,0.398679022699,0.74,1871.46,29.75,3.41320977301,-9.85878045867e-14,2.52577523203
2530,3.41210056486,0.398789943514,0.74,1872.2,29.7222222222,3.41210056486,-1.10578213253e-13,2.524954418
2531,3.41098412318,0.398901587682,0.74,1872.94,29.6944444444,3.41098412318,-1.14575016141e-13,2.52412825115
2532,3.40986039032,0.399013960968,0.74,1873.68,29.6666666667,3.40986039032,-9.94759830064e-14,2.52329668883
2533,3.40872930818,0.399127069182,0.74,1874.42,29.6388888889,3.40872930818,-1.08357767203e-13,2.52245968805
2534,3.40759081821,0.399240918179,0.74,1875.16,29.6111111111,3.40759081821,-1.12354570092e-13,2.52161720548
2535,3.40644486139,0.399355513861,0.74,1875.9,29.5833333333,3.40644486139,-9.23705556488e-14,2.52076919743
2536,3.40529137821,0.399470862179,0.74,1876.64,29.5555555556,3.40529137821,-1.1768364061e-13,2.51991561987
2537,3.4041303087,0.39958696913,0.74,1877.38,29.5277777778,3.4041303087,-1.16795462191e-13,2.51905642844
2538,3.40296159242,0.399703840758,0.74,1878.12,29.5,3.40296159242,-6.97220059465e-14,2.51819157839
2539,3.40178516843,0.399821483157,0.74,1878.86,29.4722222222,3.40178516843,-1.23900889548e-13,2.51732102464
2540,3.40060097532,0.399939902468,0.74,1879.6,29.4444444444,3.40060097532,-1.39888101103e-13,2.51644472174
2541,3.39940895119,0.400059104881,0.74,1880.34,29.4166666667,3.39940895119,-9.28146448587e-14,2.51556262388
2542,3.39820903363,0.400179096637,0.74,1881.08,29.3888888889,3.39820903363,-1.03916875105e-13,2.51467468489
2543,3.39700115976,0.400299884024,0.74,1881.82,29.3611111111,3.39700115976,-1.10578213253e-13,2.51378085822
2544,3.39578526617,0.400421473383,0.74,1882.56,29.3333333333,3.39578526617,-1.03916875105e-13,2.51288109696
2545,3.39456128896,0.400543871104,0.74,1883.3,29.3055555556,3.39456128896,-1.11466391672e-13,2.51197535383
2546,3.39332916372,0.400667083628,0.74,1884.04,29.2777777778,3.39332916372,-1.35447209004e-13,2.51106358116
2547,3.39208882553,0.400791117447,0.74,1884.78,29.25,3.39208882553,-8.43769498715e-14,2.5101457309
2548,3.39084020895,0.400915979105,0.74,1885.52,29.2222222222,3.39084020895,-8.43769498715e-14,2.50922175462
2549,3.38958324801,0.401041675199,0.74,1886.26,29.1944444444,3.38958324801,-1.07469588784e-13,2.50829160353
2550,3.38831787622,0.401168212378,0.74,1887,29.1666666667,3.38831787622,-9.59232693276e-14,2.50735522841
2551,3.38704402657,0.401295597343,0.74,1887.74,29.1388888889,3.38704402657,-8.17124146124e-14,2.50641257966
2552,3.38576163151,0.401423836849,0.74,1888.48,29.1111111111,3.38576163151,-1.1812772982e-13,2.50546360732
2553,3.38447062293,0.401552937707,0.74,1889.22,29.0833333333,3.38447062293,-9.94759830064e-14,2.50450826097
2554,3.38317093222,0.401682906778,0.74,1889.96,29.0555555556,3.38317093222,-1.01252339846e-13,2.50354648984
2555,3.38186249019,0.401813750981,0.74,1890.7,29.0277777778,3.38186249019,-1.26121335597e-13,2.50257824274
2556,3.3805452271,0.40194547729,0.74,1891.44,29,3.3805452271,-1.13242748512e-13,2.50160346806
2557,3.37921907268,0.402078092732,0.74,1892.18,28.9722222222,3.37921907268,-6.70574706874e-14,2.50062211378
2558,3.37788395607,0.402211604393,0.74,1892.92,28.9444444444,3.37788395607,-1.38111744263e-13,2.49963412749
2559,3.37653980587,0.402346019413,0.74,1893.66,28.9166666667,3.37653980587,-1.06137321154e-13,2.49863945634
2560,3.37518655008,0.402481344992,0.74,1894.4,28.8888888889,3.37518655008,-1.07469588784e-13,2.49763804706
2561,3.37382411617,0.402617588383,0.74,1895.14,28.8611111111,3.37382411617,-9.7699626167e-14,2.49662984597
2562,3.37245243099,0.402754756901,0.74,1895.88,28.8333333333,3.37245243099,-1.14130926931e-13,2.49561479893
2563,3.37107142084,0.402892857916,0.74,1896.62,28.8055555556,3.37107142084,-9.90318937966e-14,2.49459285142
2564,3.3696810114,0.40303189886,0.74,1897.36,28.7777777778,3.3696810114,-1.11022302463e-13,2.49356394844
2565,3.36828112779,0.403171887221,0.74,1898.1,28.75,3.36828112779,-1.1857181903e-13,2.49252803457
2566,3.36687169452,0.403312830548,0.74,1898.84,28.7222222222,3.36687169452,-8.3044682242e-14,2.49148505394
2567,3.36545263548,0.403454736452,0.74,1899.58,28.6944444444,3.36545263548,-1.10134124043e-13,2.49043495026
2568,3.36402387399,0.403597612601,0.74,1900.32,28.6666666667,3.36402387399,-1.25233157178e-13,2.48937766675
2569,3.36258533273,0.403741466727,0.74,1901.06,28.6388888889,3.36258533273,-1.03028696685e-13,2.48831314622
2570,3.36113693378,0.403886306622,0.74,1901.8,28.6111111111,3.36113693378,-1.05249142734e-13,2.487241331
2571,3.35967859859,0.404032140141,0.74,1902.54,28.5833333333,3.35967859859,-9.7699626167e-14,2.48616216296
2572,3.35821024798,0.404178975202,0.74,1903.28,28.5555555556,3.35821024798,-1.26565424807e-13,2.48507558351
2573,3.35673180216,0.404326819784,0.74,1904.02,28.5277777778,3.35673180216,-1.06137321154e-13,2.4839815336
2574,3.35524318069,0.404475681931,0.74,1904.76,28.5,3.35524318069,-1.1945999745e-13,2.48287995371
2575,3.35374430247,0.404625569753,0.74,1905.5,28.4722222222,3.35374430247,-1.24789067968e-13,2.48177078383
2576,3.35223508579,0.404776491421,0.74,1906.24,28.4444444444,3.35223508579,-1.34114941375e-13,2.48065396349
2577,3.35071544828,0.404928455172,0.74,1906.98,28.4166666667,3.35071544828,-1.13242748512e-13,2.47952943172
2578,3.34918530688,0.405081469312,0.74,1907.72,28.3888888889,3.34918530688,-1.31450406116e-13,2.47839712709
2579,3.34764457792,0.405235542208,0.74,1908.46,28.3611111111,3.34764457792,-8.48210390814e-14,2.47725698766
2580,3.34609317702,0.405390682298,0.74,1909.2,28.3333333333,3.34609317702,-1.02584607475e-13,2.476108951
2581,3.34453101916,0.405546898084,0.74,1909.94,28.3055555556,3.34453101916,-1.23456800338e-13,2.47495295418
2582,3.34295801861,0.405704198139,0.74,1910.68,28.2777777778,3.34295801861,-1.06137321154e-13,2.47378893377
2583,3.34137408899,0.405862591101,0.74,1911.42,28.25,3.34137408899,-1.12798659302e-13,2.47261682585
2584,3.3397791432,0.40602208568,0.74,1912.16,28.2222222222,3.3397791432,-1.23900889548e-13,2.47143656597
2585,3.33817309348,0.406182690652,0.74,1912.9,28.1944444444,3.33817309348,-9.59232693276e-14,2.47024808918
2586,3.33655585135,0.406344414865,0.74,1913.64,28.1666666667,3.33655585135,-1.1901590824e-13,2.46905133
2587,3.33492732761,0.406507267239,0.74,1914.38,28.1388888889,3.33492732761,-1.02584607475e-13,2.46784622243
2588,3.33328743239,0.406671256761,0.74,1915.12,28.1111111111,3.33328743239,-8.26005930321e-14,2.46663269997
2589,3.33163607507,0.406836392493,0.74,1915.86,28.0833333333,3.33163607507,-1.14130926931e-13,2.46541069555
2590,3.32997316432,0.407002683568,0.74,1916.6,28.0555555556,3.32997316432,-1.1857181903e-13,2.4641801416
2591,3.32829860808,0.407170139192,0.74,1917.34,28.0277777778,3.32829860808,-1.28785870857e-13,2.46294096998
2592,3.32661231356,0.407338768644,0.74,1918.08,28,3.32661231356,-1.15463194561e-13,2.46169311203
2593,3.32491418723,0.407508581277,0.74,1918.82,27.9722222222,3.32491418723,-1.22124532709e-13,2.46043649855
2594,3.32320413481,0.407679586519,0.74,1919.56,27.9444444444,3.32320413481,-1.26565424807e-13,2.45917105976
2595,3.32148206127,0.407851793873,0.74,1920.3,27.9166666667,3.32148206127,-1.00364161426e-13,2.45789672534
2596,3.31974787082,0.408025212918,0.74,1921.04,27.8888888889,3.31974787082,-1.10578213253e-13,2.45661342441
2597,3.31800146693,0.408199853307,0.74,1921.78,27.8611111111,3.31800146693,-1.25233157178e-13,2.45532108553
2598,3.31624275227,0.408375724773,0.74,1922.52,27.8333333333,3.31624275227,-1.02584607475e-13,2.45401963668
2599,3.31447162875,0.408552837125,0.74,1923.26,27.8055555556,3.31447162875,-9.23705556488e-14,2.45270900527
2600,3.31268799749,0.408731200251,0.74,1924,27.7777777778,3.31268799748,-1.35003119794e-13,2.45138911814
2601,3.31089175882,0.408910824118,0.74,1924.74,27.75,3.31089175882,-9.28146448587e-14,2.45005990153
2602,3.30908281231,0.409091718769,0.74,1925.48,27.7222222222,3.30908281231,-1.32782673745e-13,2.44872128111
2603,3.30726105667,0.409273894333,0.74,1926.22,27.6944444444,3.30726105667,-1.15019105351e-13,2.44737318194
2604,3.30542638987,0.409457361013,0.74,1926.96,27.6666666667,3.30542638987,-9.1926466439e-14,2.4460155285
2605,3.303578709,0.4096421291,0.74,1927.7,27.6388888889,3.303578709,-1.11910480882e-13,2.44464824466
2606,3.30171791038,0.409828208962,0.74,1928.44,27.6111111111,3.30171791038,-1.04805053525e-13,2.44327125368
2607,3.29984388949,0.410015611051,0.74,1929.18,27.5833333333,3.29984388949,-8.03801469829e-14,2.44188447822
2608,3.29795654096,0.410204345904,0.74,1929.92,27.5555555556,3.29795654096,-1.12798659302e-13,2.44048784031
2609,3.29605575861,0.410394424139,0.74,1930.66,27.5277777778,3.29605575861,-1.30562227696e-13,2.43908126137
2610,3.29414143539,0.410585856461,0.74,1931.4,27.5,3.29414143539,-1.22568621919e-13,2.43766466219
2611,3.2922134634,0.41077865366,0.74,1932.14,27.4722222222,3.2922134634,-1.20348175869e-13,2.43623796292
2612,3.29027173389,0.410972826611,0.74,1932.88,27.4444444444,3.29027173389,-1.13686837722e-13,2.43480108308
2613,3.28831613725,0.411168386275,0.74,1933.62,27.4166666667,3.28831613725,-1.34559030585e-13,2.43335394156
2614,3.28634656296,0.411365343704,0.74,1934.36,27.3888888889,3.28634656296,-8.83737527602e-14,2.43189645659
2615,3.28436289967,0.411563710033,0.74,1935.1,27.3611111111,3.28436289967,-1.1857181903e-13,2.43042854576
2616,3.28236503511,0.411763496489,0.74,1935.84,27.3333333333,3.28236503511,-1.1812772982e-13,2.42895012598
2617,3.28035285612,0.411964714388,0.74,1936.58,27.3055555556,3.28035285612,-9.59232693276e-14,2.42746111353
2618,3.27832624864,0.412167375136,0.74,1937.32,27.2777777778,3.27832624864,-1.09690034833e-13,2.42596142399
2619,3.2762850977,0.41237149023,0.74,1938.06,27.25,3.2762850977,-1.1990408666e-13,2.4244509723
2620,3.27422928743,0.412577071257,0.74,1938.8,27.2222222222,3.27422928743,-9.63673585375e-14,2.4229296727
2621,3.27215870101,0.412784129899,0.74,1939.54,27.1944444444,3.27215870101,-1.30562227696e-13,2.42139743875
2622,3.27007322071,0.412992677929,0.74,1940.28,27.1666666667,3.27007322071,-1.13686837722e-13,2.41985418332
2623,3.26797272784,0.413202727216,0.74,1941.02,27.1388888889,3.26797272784,-7.90478793533e-14,2.4182998186
2624,3.2658571028,0.41341428972,0.74,1941.76,27.1111111111,3.2658571028,-1.16795462191e-13,2.41673425607
2625,3.26372622501,0.413627377499,0.74,1942.5,27.0833333333,3.26372622501,-1.20348175869e-13,2.41515740651
2626,3.26157997292,0.413842002708,0.74,1943.24,27.0555555556,3.26157997292,-7.81597009336e-14,2.41356917996
2627,3.25941822404,0.414058177596,0.74,1943.98,27.0277777778,3.25941822404,-8.26005930321e-14,2.41196948579
2628,3.25724085489,0.414275914511,0.74,1944.72,27,3.25724085489,-1.44328993201e-13,2.41035823262
2629,3.255047741,0.4144952259,0.74,1945.46,26.9722222222,3.255047741,-9.81437153769e-14,2.40873532834
2630,3.25283875692,0.414716124308,0.74,1946.2,26.9444444444,3.25283875692,-1.11466391672e-13,2.40710068012
2631,3.25061377619,0.414938622381,0.74,1946.94,26.9166666667,3.25061377619,-1.14575016141e-13,2.40545419438
2632,3.24837267135,0.415162732865,0.74,1947.68,26.8888888889,3.24837267135,-1.21236354289e-13,2.4037957768
2633,3.24611531392,0.415388468608,0.74,1948.42,26.8611111111,3.24611531392,-9.85878045867e-14,2.4021253323
2634,3.2438415744,0.41561584256,0.74,1949.16,26.8333333333,3.2438415744,-1.35891298214e-13,2.40044276506
2635,3.24155132226,0.415844867774,0.74,1949.9,26.8055555556,3.24155132226,-1.22124532709e-13,2.39874797847
2636,3.23924442592,0.416075557408,0.74,1950.64,26.7777777778,3.23924442592,-1.09245945623e-13,2.39704087518
2637,3.23692075275,0.416307924725,0.74,1951.38,26.75,3.23692075275,-1.13686837722e-13,2.39532135704
2638,3.23458016909,0.416541983091,0.74,1952.12,26.7222222222,3.23458016909,-1.28785870857e-13,2.39358932513
2639,3.23222254019,0.416777745981,0.74,1952.86,26.6944444444,3.23222254019,-1.22124532709e-13,2.39184467974
2640,3.22984773022,0.417015226978,0.74,1953.6,26.6666666667,3.22984773022,-1.43884903991e-13,2.39008732036
2641,3.22745560229,0.417254439771,0.74,1954.34,26.6388888889,3.22745560229,-1.25677246388e-13,2.38831714569
2642,3.2250460184,0.41749539816,0.74,1955.08,26.6111111111,3.2250460184,-9.23705556488e-14,2.38653405362
2643,3.22261883948,0.417738116052,0.74,1955.82,26.5833333333,3.22261883948,-9.72555369572e-14,2.38473794121
2644,3.22017392531,0.417982607469,0.74,1956.56,26.5555555556,3.22017392531,-1.1945999745e-13,2.38292870473
2645,3.21771113458,0.418228886542,0.74,1957.3,26.5277777778,3.21771113458,-8.03801469829e-14,2.38110623959
2646,3.21523032485,0.418476967515,0.74,1958.04,26.5,3.21523032485,-1.08357767203e-13,2.37927044039
2647,3.21273135254,0.418726864746,0.74,1958.78,26.4722222222,3.21273135254,-1.28785870857e-13,2.37742120088
2648,3.21021407294,0.418978592706,0.74,1959.52,26.4444444444,3.21021407294,-1.25233157178e-13,2.37555841397
2649,3.20767834016,0.419232165984,0.74,1960.26,26.4166666667,3.20767834016,-1.07913677994e-13,2.37368197172
2650,3.20512400717,0.419487599283,0.74,1961,26.3888888889,3.20512400717,-1.16351372981e-13,2.37179176531
2651,3.20255092577,0.419744907423,0.74,1961.74,26.3611111111,3.20255092577,-1.32782673745e-13,2.36988768507
2652,3.19995894656,0.420004105344,0.74,1962.48,26.3333333333,3.19995894656,-1.24344978758e-13,2.36796962045
2653,3.19734791896,0.420265208104,0.74,1963.22,26.3055555556,3.19734791896,-1.28341781647e-13,2.36603746003
2654,3.1947176912,0.42052823088,0.74,1963.96,26.2777777778,3.1947176912,-1.32338584535e-13,2.36409109149
2655,3.19206811029,0.420793188971,0.74,1964.7,26.25,3.19206811029,-1.14575016141e-13,2.36213040161
2656,3.18939902201,0.421060097799,0.74,1965.44,26.2222222222,3.18939902201,-1.25233157178e-13,2.36015527629
2657,3.18671027094,0.421328972906,0.74,1966.18,26.1944444444,3.18671027094,-1.16795462191e-13,2.3581656005
2658,3.1840017004,0.42159982996,0.74,1966.92,26.1666666667,3.1840017004,-1.1990408666e-13,2.3561612583
2659,3.18127315246,0.421872684754,0.74,1967.66,26.1388888889,3.18127315246,-1.42996725572e-13,2.35414213282
2660,3.17852446795,0.422147553205,0.74,1968.4,26.1111111111,3.17852446795,-1.38999922683e-13,2.35210810628
2661,3.17575548641,0.422424451359,0.74,1969.14,26.0833333333,3.17575548641,-8.83737527602e-14,2.35005905994
2662,3.17296604611,0.422703395389,0.74,1969.88,26.0555555556,3.17296604611,-1.26121335597e-13,2.34799487412
2663,3.17015598404,0.422984401596,0.74,1970.62,26.0277777778,3.17015598404,-1.28341781647e-13,2.34591542819
2664,3.16732513589,0.423267486411,0.74,1971.36,26,3.16732513589,-1.1901590824e-13,2.34382060056
2665,3.16447333602,0.423552666398,0.74,1972.1,25.9722222222,3.16447333602,-1.33226762955e-13,2.34171026865
2666,3.16160041749,0.423839958251,0.74,1972.84,25.9444444444,3.16160041749,-1.30118138486e-13,2.33958430894
2667,3.15870621202,0.424129378798,0.74,1973.58,25.9166666667,3.15870621202,-1.08357767203e-13,2.3374425969
2668,3.15579055001,0.424420944999,0.74,1974.32,25.8888888889,3.15579055001,-1.06137321154e-13,2.33528500701
2669,3.15285326048,0.424714673952,0.74,1975.06,25.8611111111,3.15285326048,-1.39888101103e-13,2.33311141276
2670,3.1498941711,0.42501058289,0.74,1975.8,25.8333333333,3.1498941711,-1.13686837722e-13,2.33092168662
2671,3.14691310817,0.425308689183,0.74,1976.54,25.8055555556,3.14691310817,-1.05249142734e-13,2.32871570005
2672,3.14390989661,0.425609010339,0.74,1977.28,25.7777777778,3.14390989661,-1.07025499574e-13,2.32649332349
2673,3.14088435992,0.425911564008,0.74,1978.02,25.75,3.14088435992,-1.42108547152e-13,2.32425442634
2674,3.13783632023,0.426216367977,0.74,1978.76,25.7222222222,3.13783632023,-1.22568621919e-13,2.32199887697
2675,3.13476559822,0.426523440178,0.74,1979.5,25.6944444444,3.13476559822,-1.42996725572e-13,2.31972654268
2676,3.13167201316,0.426832798684,0.74,1980.24,25.6666666667,3.13167201316,-1.50546242139e-13,2.31743728974
2677,3.12855538288,0.427144461712,0.74,1980.98,25.6388888889,3.12855538288,-1.30118138486e-13,2.31513098333
2678,3.12541552375,0.427458447625,0.74,1981.72,25.6111111111,3.12541552375,-9.59232693276e-14,2.31280748757
2679,3.12225225067,0.427774774933,0.74,1982.46,25.5833333333,3.12225225067,-1.1990408666e-13,2.3104666655
2680,3.1190653771,0.42809346229,0.74,1983.2,25.5555555556,3.1190653771,-1.10578213253e-13,2.30810837905
2681,3.11585471497,0.428414528503,0.74,1983.94,25.5277777778,3.11585471497,-1.35447209004e-13,2.30573248908
2682,3.11262007474,0.428737992526,0.74,1984.68,25.5,3.11262007474,-1.36335387424e-13,2.30333885531
2683,3.10936126534,0.429063873466,0.74,1985.42,25.4722222222,3.10936126534,-9.50350909079e-14,2.30092733635
2684,3.1060780942,0.42939219058,0.74,1986.16,25.4444444444,3.1060780942,-1.35447209004e-13,2.29849778971
2685,3.10277036719,0.429722963281,0.74,1986.9,25.4166666667,3.10277036719,-1.45661260831e-13,2.29605007172
2686,3.09943788867,0.430056211133,0.74,1987.64,25.3888888889,3.09943788867,-1.30562227696e-13,2.29358403761
2687,3.09608046139,0.430391953861,0.74,1988.38,25.3611111111,3.09608046139,-1.06581410364e-13,2.29109954143
2688,3.09269788657,0.430730211343,0.74,1989.12,25.3333333333,3.09269788657,-1.40776279522e-13,2.28859643606
2689,3.08928996384,0.431071003616,0.74,1989.86,25.3055555556,3.08928996384,-1.07025499574e-13,2.28607457324
2690,3.08585649121,0.431414350879,0.74,1990.6,25.2777777778,3.08585649121,-1.15019105351e-13,2.28353380349
2691,3.0823972651,0.43176027349,0.74,1991.34,25.25,3.0823972651,-1.03916875105e-13,2.28097397617
2692,3.07891208031,0.432108791969,0.74,1992.08,25.2222222222,3.07891208031,-1.57651669497e-13,2.27839493943
2693,3.07540073,0.432459927,0.74,1992.82,25.1944444444,3.07540073,-1.30118138486e-13,2.2757965402
2694,3.07186300567,0.432813699433,0.74,1993.56,25.1666666667,3.07186300567,-1.68753899743e-13,2.2731786242
2695,3.06829869718,0.433170130282,0.74,1994.3,25.1388888889,3.06829869718,-1.45661260831e-13,2.27054103592
2696,3.06470759271,0.433529240729,0.74,1995.04,25.1111111111,3.06470759271,-1.06137321154e-13,2.2678836186
2697,3.06108947873,0.433891052127,0.74,1995.78,25.0833333333,3.06108947873,-1.71418435002e-13,2.26520621426
2698,3.05744414004,0.434255585996,0.74,1996.52,25.0555555556,3.05744414004,-1.37667655054e-13,2.26250866363
2699,3.0537713597,0.43462286403,0.74,1997.26,25.0277777778,3.0537713597,-1.38555833473e-13,2.25979080618
2700,3.05007091906,0.434992908094,0.74,1998,25,3.05007091906,-1.16795462191e-13,2.2570524801
2701,3.04634259772,0.435365740228,0.74,1998.74,24.9722222222,3.04634259772,-1.62092561595e-13,2.25429352231
2702,3.04258617353,0.435741382647,0.74,1999.48,24.9444444444,3.04258617353,-1.20792265079e-13,2.25151376841
2703,3.03880142255,0.436119857745,0.74,2000.22,24.9166666667,3.03880142255,-1.4921397451e-13,2.24871305268
2704,3.03498811908,0.436501188092,0.74,2000.96,24.8888888889,3.03498811908,-1.21680443499e-13,2.24589120812
2705,3.0311460356,0.43688539644,0.74,2001.7,24.8611111111,3.0311460356,-1.1812772982e-13,2.24304806635
2706,3.02727494281,0.437272505719,0.74,2002.44,24.8333333333,3.02727494281,-1.25677246388e-13,2.24018345768
2707,3.02337460954,0.437662539046,0.74,2003.18,24.8055555556,3.02337460954,-1.49658063719e-13,2.23729721106
2708,3.01944480281,0.438055519719,0.74,2003.92,24.7777777778,3.01944480281,-1.39444011893e-13,2.23438915408
2709,3.01548528777,0.438451471223,0.74,2004.66,24.75,3.01548528777,-1.42552636362e-13,2.23145911295
2710,3.0114958277,0.43885041723,0.74,2005.4,24.7222222222,3.0114958277,-1.70530256582e-13,2.2285069125
2711,3.007476184,0.4392523816,0.74,2006.14,24.6944444444,3.007476184,-1.42552636362e-13,2.22553237616
2712,3.00342611617,0.439657388383,0.74,2006.88,24.6666666667,3.00342611617,-1.21236354289e-13,2.22253532596
2713,2.99934538177,0.440065461823,0.74,2007.62,24.6388888889,2.99934538177,-1.20792265079e-13,2.21951558251
2714,2.99523373646,0.440476626354,0.74,2008.36,24.6111111111,2.99523373646,-1.46549439251e-13,2.21647296498
2715,2.99109093393,0.440890906607,0.74,2009.1,24.5833333333,2.99109093393,-1.46549439251e-13,2.21340729111
2716,2.98691672592,0.441308327408,0.74,2009.84,24.5555555556,2.98691672592,-1.26121335597e-13,2.21031837718
2717,2.9827108622,0.44172891378,0.74,2010.58,24.5277777778,2.9827108622,-1.4921397451e-13,2.20720603803
2718,2.97847309052,0.442152690948,0.74,2011.32,24.5,2.97847309052,-1.31894495325e-13,2.20407008698
2719,2.97420315664,0.442579684336,0.74,2012.06,24.4722222222,2.97420315664,-1.81188397619e-13,2.20091033591
2720,2.96990080429,0.443009919571,0.74,2012.8,24.4444444444,2.96990080429,-1.55431223448e-13,2.19772659517
2721,2.96556577515,0.443443422485,0.74,2013.54,24.4166666667,2.96556577515,-1.42552636362e-13,2.19451867361
2722,2.96119780886,0.443880219114,0.74,2014.28,24.3888888889,2.96119780886,-1.37223565844e-13,2.19128637855
2723,2.95679664296,0.444320335704,0.74,2015.02,24.3611111111,2.95679664296,-1.50546242139e-13,2.18802951579
2724,2.95236201293,0.444763798707,0.74,2015.76,24.3333333333,2.95236201293,-1.4743761767e-13,2.18474788956
2725,2.94789365211,0.445210634789,0.74,2016.5,24.3055555556,2.94789365211,-1.64757096854e-13,2.18144130256
2726,2.94339129173,0.445660870827,0.74,2017.24,24.2777777778,2.94339129173,-1.70086167373e-13,2.17810955588
2727,2.93885466089,0.446114533911,0.74,2017.98,24.25,2.93885466089,-1.63424829225e-13,2.17475244906
2728,2.93428348651,0.446571651349,0.74,2018.72,24.2222222222,2.93428348651,-1.31450406116e-13,2.17136978002
2729,2.92967749336,0.447032250664,0.74,2019.46,24.1944444444,2.92967749336,-1.68753899743e-13,2.16796134508
2730,2.92503640398,0.447496359602,0.74,2020.2,24.1666666667,2.92503640398,-1.35003119794e-13,2.16452693894
2731,2.92035993873,0.447964006127,0.74,2020.94,24.1388888889,2.92035993873,-1.34114941375e-13,2.16106635466
2732,2.91564781573,0.448435218427,0.74,2021.68,24.1111111111,2.91564781573,-1.39444011893e-13,2.15757938364
2733,2.91089975086,0.448910024914,0.74,2022.42,24.0833333333,2.91089975086,-1.53654866608e-13,2.15406581564
2734,2.90611545773,0.449388454227,0.74,2023.16,24.0555555556,2.90611545773,-1.43440814782e-13,2.15052543872
2735,2.90129464767,0.449870535233,0.74,2023.9,24.0277777778,2.90129464767,-1.46105350041e-13,2.14695803928
2736,2.89643702971,0.450356297029,0.74,2024.64,24,2.89643702971,-1.79412040779e-13,2.14336340199
2737,2.89154231056,0.450845768944,0.74,2025.38,23.9722222222,2.89154231056,-1.42996725572e-13,2.13974130982
2738,2.8866101946,0.45133898054,0.74,2026.12,23.9444444444,2.8866101946,-1.68753899743e-13,2.136091544
2739,2.88164038384,0.451835961616,0.74,2026.86,23.9166666667,2.88164038384,-1.66089364484e-13,2.13241388404
2740,2.87663257793,0.452336742207,0.74,2027.6,23.8888888889,2.87663257793,-1.75415237891e-13,2.12870810767
2741,2.87158647412,0.452841352588,0.74,2028.34,23.8611111111,2.87158647412,-1.58983937126e-13,2.12497399085
2742,2.86650176725,0.453349823275,0.74,2029.08,23.8333333333,2.86650176725,-1.68753899743e-13,2.12121130777
2743,2.86137814973,0.453862185027,0.74,2029.82,23.8055555556,2.86137814973,-1.59872115546e-13,2.1174198308
2744,2.85621531152,0.454378468848,0.74,2030.56,23.7777777778,2.85621531152,-1.4743761767e-13,2.11359933052
2745,2.85101294009,0.454898705991,0.74,2031.3,23.75,2.85101294009,-1.57207580287e-13,2.10974957567
2746,2.84577072045,0.455422927955,0.74,2032.04,23.7222222222,2.84577072045,-1.83852932878e-13,2.10587033313
2747,2.84048833508,0.455951166492,0.74,2032.78,23.6944444444,2.84048833508,-1.62980740015e-13,2.10196136796
2748,2.83516546394,0.456483453606,0.74,2033.52,23.6666666667,2.83516546394,-1.68753899743e-13,2.09802244332
2749,2.82980178444,0.457019821556,0.74,2034.26,23.6388888889,2.82980178444,-1.58095758707e-13,2.09405332048
2750,2.8243969714,0.45756030286,0.74,2035,23.6111111111,2.8243969714,-1.72306613422e-13,2.09005375884
2751,2.81895069708,0.458104930292,0.74,2035.74,23.5833333333,2.81895069708,-1.82964754458e-13,2.08602351584
2752,2.81346263111,0.458653736889,0.74,2036.48,23.5555555556,2.81346263111,-1.86961557347e-13,2.08196234702
